a2205,20220218,20220218,111948000,11:20:10,6091,30651,38028,1862714890,30651,-297,1862714890
a2205,20220218,20220218,112005500,11:20:10,6091,30651,38028,1862714890,0,0,0
a2205,20220218,20220218,112015000,11:20:15,6093,30652,38028,1862775820,1,0,60930
a2205,20220218,20220218,112017500,11:20:17,6093,30652,38028,1862775820,0,0,0
a2205,20220218,20220218,112029000,11:20:29,6093,30652,38028,1862775820,0,0,0
a2205,20220218,20220218,112029500,11:20:30,6093,30652,38028,1862775820,0,0,0
a2205,20220218,20220218,112030000,11:20:31,6093,30652,38028,1862775820,0,0,0
a2205,20220218,20220218,112030500,11:20:31,6093,30652,38028,1862775820,0,0,0
a2205,20220218,20220218,112031000,11:20:32,6093,30652,38028,1862775820,0,0,0
a2205,20220218,20220218,112031500,11:20:32,6093,30652,38028,1862775820,0,0,0
a2205,20220218,20220218,112032000,11:20:32,6093,30652,38028,1862775820,0,0,0
a2205,20220218,20220218,112032500,11:20:32,6093,30652,38028,1862775820,0,0,0
a2205,20220218,20220218,112033000,11:20:33,6093,30652,38028,1862775820,0,0,0
a2205,20220218,20220218,112035500,11:20:35,6093,30652,38028,1862775820,0,0,0
a2205,20220218,20220218,112036000,11:20:36,6093,30652,38028,1862775820,0,0,0
a2205,20220218,20220218,112046000,11:20:46,6093,30652,38028,1862775820,0,0,0
a2205,20220218,20220218,112046500,11:20:46,6093,30652,38028,1862775820,0,0,0
a2205,20220218,20220218,112047500,11:20:48,6093,30652,38028,1862775820,0,0,0
a2205,20220218,20220218,112048000,11:20:48,6093,30652,38028,1862775820,0,0,0
a2205,20220218,20220218,112048500,11:20:50,6093,30652,38028,1862775820,0,0,0
a2205,20220218,20220218,112101500,11:21:02,6093,30652,38028,1862775820,0,0,0
a2205,20220218,20220218,112102000,11:21:02,6093,30652,38028,1862775820,0,0,0
a2205,20220218,20220218,112110000,11:21:10,6093,30652,38028,1862775820,0,0,0
a2205,20220218,20220218,112126000,11:23:33,6093,30652,38028,1862775820,0,0,0
a2205,20220218,20220218,112317500,11:23:33,6092,30657,38027,1863080460,5,-1,304640
a2205,20220218,20220218,112335500,11:23:35,6092,30658,38027,1863141380,1,0,60920
a2205,20220218,20220218,112336000,11:23:36,6092,30659,38027,1863202300,1,0,60920
a2205,20220218,20220218,112337000,11:23:38,6092,30659,38027,1863202300,0,0,0
a2205,20220218,20220218,112339000,11:23:39,6092,30659,38027,1863202300,0,0,0
a2205,20220218,20220218,112349500,11:23:50,6091,30663,38027,1863445940,4,0,243640
a2205,20220218,20220218,112350000,11:23:50,6091,30675,38026,1864176850,12,-1,730910
a2205,20220218,20220218,112355000,11:23:55,6091,30678,38023,1864359580,3,-3,182730
a2205,20220218,20220218,112355500,11:23:55,6091,30678,38023,1864359580,0,0,0
a2205,20220218,20220218,112403500,11:24:04,6091,30678,38023,1864359580,0,0,0
a2205,20220218,20220218,112405000,11:24:05,6091,30678,38023,1864359580,0,0,0
a2205,20220218,20220218,112405500,11:24:05,6091,30678,38023,1864359580,0,0,0
a2205,20220218,20220218,112444000,11:24:44,6091,30678,38023,1864359580,0,0,0
a2205,20220218,20220218,112445000,11:24:45,6090,30688,38024,1864968580,10,1,609000
a2205,20220218,20220218,112445500,11:24:45,6090,30688,38024,1864968580,0,0,0
a2205,20220218,20220218,112451000,11:24:51,6090,30688,38024,1864968580,0,0,0
a2205,20220218,20220218,112451500,11:24:51,6092,30689,38025,1865029500,1,1,60920
a2205,20220218,20220218,112455000,11:24:55,6092,30690,38026,1865090420,1,1,60920
a2205,20220218,20220218,112511000,11:25:11,6092,30690,38026,1865090420,0,0,0
a2205,20220218,20220218,112511500,11:25:11,6092,30691,38027,1865151340,1,1,60920
a2205,20220218,20220218,112516500,11:25:16,6092,30691,38027,1865151340,0,0,0
a2205,20220218,20220218,112517000,11:25:18,6092,30691,38027,1865151340,0,0,0
a2205,20220218,20220218,112522500,11:25:23,6093,30693,38027,1865273200,2,0,121860
a2205,20220218,20220218,112533500,11:25:33,6093,30693,38027,1865273200,0,0,0
a2205,20220218,20220218,112538000,11:25:38,6090,30697,38025,1865516810,4,-2,243610
a2205,20220218,20220218,112538500,11:25:39,6090,30698,38025,1865577710,1,0,60900
a2205,20220218,20220218,112539000,11:25:39,6090,30698,38025,1865577710,0,0,0
a2205,20220218,20220218,112540000,11:25:40,6090,30698,38025,1865577710,0,0,0
a2205,20220218,20220218,112540500,11:25:41,6090,30698,38025,1865577710,0,0,0
a2205,20220218,20220218,112541000,11:25:41,6090,30698,38025,1865577710,0,0,0
a2205,20220218,20220218,112541500,11:25:41,6090,30698,38025,1865577710,0,0,0
a2205,20220218,20220218,112542000,11:25:42,6090,30698,38025,1865577710,0,0,0
a2205,20220218,20220218,112542500,11:25:43,6090,30698,38025,1865577710,0,0,0
a2205,20220218,20220218,112543000,11:25:43,6089,30703,38020,1865882160,5,-5,304450
a2205,20220218,20220218,112543500,11:25:43,6088,30705,38020,1866003920,2,0,121760
a2205,20220218,20220218,112544000,11:25:44,6088,30705,38020,1866003920,0,0,0
a2205,20220218,20220218,112544500,11:25:44,6088,30710,38015,1866308320,5,-5,304400
a2205,20220218,20220218,112545000,11:25:45,6088,30711,38016,1866369200,1,1,60880
a2205,20220218,20220218,112546000,11:25:47,6088,30711,38016,1866369200,0,0,0
a2205,20220218,20220218,112546500,11:25:47,6088,30711,38016,1866369200,0,0,0
a2205,20220218,20220218,112547000,11:25:48,6088,30711,38016,1866369200,0,0,0
a2205,20220218,20220218,112547500,11:25:48,6088,30711,38016,1866369200,0,0,0
a2205,20220218,20220218,112548000,11:25:48,6088,30711,38016,1866369200,0,0,0
a2205,20220218,20220218,112548500,11:25:48,6088,30711,38016,1866369200,0,0,0
a2205,20220218,20220218,112549000,11:25:49,6088,30711,38016,1866369200,0,0,0
a2205,20220218,20220218,112549500,11:25:49,6088,30711,38016,1866369200,0,0,0
a2205,20220218,20220218,112550000,11:25:50,6088,30711,38016,1866369200,0,0,0
a2205,20220218,20220218,112550500,11:25:50,6088,30711,38016,1866369200,0,0,0
a2205,20220218,20220218,112551000,11:25:51,6088,30711,38016,1866369200,0,0,0
a2205,20220218,20220218,112551500,11:25:51,6088,30711,38016,1866369200,0,0,0
a2205,20220218,20220218,112552000,11:25:52,6088,30711,38016,1866369200,0,0,0
a2205,20220218,20220218,112552500,11:25:52,6088,30711,38016,1866369200,0,0,0
a2205,20220218,20220218,112553000,11:25:53,6088,30711,38016,1866369200,0,0,0
a2205,20220218,20220218,112553500,11:25:54,6088,30711,38016,1866369200,0,0,0
a2205,20220218,20220218,112554000,11:25:54,6089,30712,38015,1866430090,1,-1,60890
a2205,20220218,20220218,112554500,11:25:54,6089,30712,38015,1866430090,0,0,0
a2205,20220218,20220218,112555000,11:25:55,6089,30712,38015,1866430090,0,0,0
a2205,20220218,20220218,112555500,11:25:56,6089,30712,38015,1866430090,0,0,0
a2205,20220218,20220218,112556000,11:25:57,6089,30712,38015,1866430090,0,0,0
a2205,20220218,20220218,112556500,11:25:57,6089,30712,38015,1866430090,0,0,0
a2205,20220218,20220218,112557000,11:25:57,6089,30712,38015,1866430090,0,0,0
a2205,20220218,20220218,112557500,11:25:57,6088,30713,38015,1866490970,1,0,60880
a2205,20220218,20220218,112558000,11:25:59,6088,30714,38015,1866551850,1,0,60880
a2205,20220218,20220218,112558500,11:25:59,6088,30714,38015,1866551850,0,0,0
a2205,20220218,20220218,112608000,11:26:09,6087,30716,38013,1866673590,2,-2,121740
a2205,20220218,20220218,112622500,11:26:22,6087,30716,38013,1866673590,0,0,0
a2205,20220218,20220218,112633000,11:26:33,6087,30722,38008,1867038810,6,-5,365220
a2205,20220218,20220218,112638000,11:27:10,6087,30723,38007,1867099680,1,-1,60870
a2205,20220218,20220218,112638500,11:27:10,6087,30727,38004,1867343160,4,-3,243480
a2205,20220218,20220218,112650000,11:27:10,6087,30727,38004,1867343160,0,0,0
a2205,20220218,20220218,112710000,11:27:12,6085,30754,37999,1868986440,27,-5,1643280
a2205,20220218,20220218,112712000,11:27:12,6085,30755,37998,1869047290,1,-1,60850
a2205,20220218,20220218,112713000,11:27:14,6086,30757,37998,1869169010,2,0,121720
a2205,20220218,20220218,112715000,11:27:15,6086,30757,37998,1869169010,0,0,0
a2205,20220218,20220218,112715500,11:27:16,6086,30758,37998,1869229870,1,0,60860
a2205,20220218,20220218,112719500,11:27:20,6086,30758,37998,1869229870,0,0,0
a2205,20220218,20220218,112729500,11:27:29,6086,30758,37998,1869229870,0,0,0
a2205,20220218,20220218,112730500,11:27:31,6086,30758,37998,1869229870,0,0,0
a2205,20220218,20220218,112734500,11:27:36,6086,30760,37998,1869351590,2,0,121720
a2205,20220218,20220218,112736000,11:27:37,6086,30762,37999,1869473310,2,1,121720
a2205,20220218,20220218,112736500,11:27:38,6086,30762,37999,1869473310,0,0,0
a2205,20220218,20220218,112738000,11:27:39,6085,30764,37998,1869595010,2,-1,121700
a2205,20220218,20220218,112743500,11:27:43,6085,30764,37998,1869595010,0,0,0
a2205,20220218,20220218,112747000,11:27:47,6085,30765,37997,1869655860,1,-1,60850
a2205,20220218,20220218,112749000,11:27:54,6085,30765,37997,1869655860,0,0,0
a2205,20220218,20220218,112757500,11:27:57,6085,30767,37997,1869777560,2,0,121700
a2205,20220218,20220218,112758000,11:27:58,6085,30767,37997,1869777560,0,0,0
a2205,20220218,20220218,112759500,11:27:59,6085,30767,37997,1869777560,0,0,0
a2205,20220218,20220218,112800000,11:28:00,6085,30767,37997,1869777560,0,0,0
a2205,20220218,20220218,112800500,11:28:01,6085,30767,37997,1869777560,0,0,0
a2205,20220218,20220218,112801000,11:28:01,6085,30767,37997,1869777560,0,0,0
a2205,20220218,20220218,112801500,11:28:02,6085,30767,37997,1869777560,0,0,0
a2205,20220218,20220218,112802000,11:28:03,6085,30767,37997,1869777560,0,0,0
a2205,20220218,20220218,112802500,11:28:03,6085,30767,37997,1869777560,0,0,0
a2205,20220218,20220218,112803000,11:28:04,6085,30767,37997,1869777560,0,0,0
a2205,20220218,20220218,112803500,11:28:04,6085,30767,37997,1869777560,0,0,0
a2205,20220218,20220218,112809500,11:28:11,6085,30767,37997,1869777560,0,0,0
a2205,20220218,20220218,112816500,11:28:16,6085,30767,37997,1869777560,0,0,0
a2205,20220218,20220218,112820000,11:28:20,6085,30767,37997,1869777560,0,0,0
a2205,20220218,20220218,112820500,11:28:20,6085,30767,37997,1869777560,0,0,0
a2205,20220218,20220218,112824000,11:28:24,6084,30770,37997,1869960080,3,0,182520
a2205,20220218,20220218,112834000,11:28:34,6085,30771,37997,1870020930,1,0,60850
a2205,20220218,20220218,112834500,11:28:34,6085,30771,37997,1870020930,0,0,0
a2205,20220218,20220218,112835000,11:28:35,6085,30772,37997,1870081780,1,0,60850
a2205,20220218,20220218,112849500,11:28:50,6085,30772,37997,1870081780,0,0,0
a2205,20220218,20220218,112907500,11:29:08,6085,30772,37997,1870081780,0,0,0
a2205,20220218,20220218,112925500,11:29:25,6084,30780,37990,1870568500,8,-7,486720
a2205,20220218,20220218,112926000,11:29:26,6084,30799,37990,1871724460,19,0,1155960
a2205,20220218,20220218,112926500,11:29:26,6084,30800,37991,1871785300,1,1,60840
a2205,20220218,20220218,112936500,11:29:38,6083,30807,37994,1872211110,7,3,425810
a2205,20220218,20220218,112937500,11:29:38,6084,30811,37996,1872454450,4,2,243340
a2205,20220218,20220218,112948500,11:29:49,6084,30816,38001,1872758650,5,5,304200
a2205,20220218,20220218,112949000,11:29:50,6084,30816,38001,1872758650,0,0,0
a2205,20220218,20220218,112953000,11:29:53,6084,30818,38000,1872880310,2,-1,121660
a2205,20220218,20220218,112955000,11:29:55,6084,30819,38000,1872941150,1,0,60840
a2205,20220218,20220218,112955500,11:29:56,6082,30821,37998,1873062790,2,-2,121640
a2205,20220218,20220218,112956000,11:29:56,6083,30827,38003,1873427770,6,5,364980
a2205,20220218,20220218,112957000,11:30:00,6081,30829,38002,1873549390,2,-1,121620
a2205,20220218,20220218,112959000,11:30:02,6081,30832,38000,1873731820,3,-2,182430
a2205,20220218,20220218,133001500,13:30:02,6084,30837,38003,1874035900,5,3,304080
a2205,20220218,20220218,133002000,13:30:08,6084,30841,38007,1874279200,4,4,243300
a2205,20220218,20220218,133002500,13:30:09,6084,30842,38008,1874340040,1,1,60840
a2205,20220218,20220218,133007500,13:30:10,6084,30842,38008,1874340040,0,0,0
a2205,20220218,20220218,133013500,13:30:14,6084,30842,38008,1874340040,0,0,0
a2205,20220218,20220218,133020500,13:30:21,6083,30851,38015,1874887520,9,7,547480
a2205,20220218,20220218,133036000,13:30:40,6084,30855,38016,1875130880,4,1,243360
a2205,20220218,20220218,133039500,13:30:42,6085,30856,38015,1875191730,1,-1,60850
a2205,20220218,20220218,133041000,13:30:43,6085,30856,38015,1875191730,0,0,0
a2205,20220218,20220218,133041500,13:30:44,6085,30856,38015,1875191730,0,0,0
a2205,20220218,20220218,133043500,13:30:44,6085,30856,38015,1875191730,0,0,0
a2205,20220218,20220218,133044500,13:30:46,6085,30859,38013,1875374280,3,-2,182550
a2205,20220218,20220218,133108500,13:31:09,6085,30859,38013,1875374280,0,0,0
a2205,20220218,20220218,133109000,13:31:09,6085,30859,38013,1875374280,0,0,0
a2205,20220218,20220218,133109500,13:31:10,6085,30859,38013,1875374280,0,0,0
a2205,20220218,20220218,133113000,13:31:13,6085,30859,38013,1875374280,0,0,0
a2205,20220218,20220218,133113500,13:31:14,6085,30859,38013,1875374280,0,0,0
a2205,20220218,20220218,133114000,13:31:15,6085,30859,38013,1875374280,0,0,0
a2205,20220218,20220218,133114500,13:31:15,6085,30859,38013,1875374280,0,0,0
a2205,20220218,20220218,133115000,13:31:15,6085,30859,38013,1875374280,0,0,0
a2205,20220218,20220218,133115500,13:31:16,6085,30859,38013,1875374280,0,0,0
a2205,20220218,20220218,133119500,13:31:20,6084,30860,38014,1875435120,1,1,60840
a2205,20220218,20220218,133122500,13:31:23,6084,30866,38019,1875800160,6,5,365040
a2205,20220218,20220218,133123000,13:31:25,6084,30866,38019,1875800160,0,0,0
a2205,20220218,20220218,133123500,13:31:25,6085,30868,38019,1875921860,2,0,121700
a2205,20220218,20220218,133124500,13:31:25,6085,30868,38019,1875921860,0,0,0
a2205,20220218,20220218,133158500,13:31:58,6085,30868,38019,1875921860,0,0,0
a2205,20220218,20220218,133159000,13:31:59,6086,30892,38036,1877382470,24,17,1460610
a2205,20220218,20220218,133159500,13:32:00,6085,30904,38031,1878112810,12,-5,730340
a2205,20220218,20220218,133200000,13:32:00,6085,30904,38031,1878112810,0,0,0
a2205,20220218,20220218,133200500,13:32:01,6085,30904,38031,1878112810,0,0,0
a2205,20220218,20220218,133201000,13:32:01,6086,30953,38010,1881096210,49,-21,2983400
a2205,20220218,20220218,133201500,13:32:01,6087,30955,38011,1881217950,2,1,121740
a2205,20220218,20220218,133202500,13:32:03,6087,30955,38011,1881217950,0,0,0
a2205,20220218,20220218,133203000,13:32:04,6088,30965,38011,1881826750,10,0,608800
a2205,20220218,20220218,133203500,13:32:05,6088,30965,38011,1881826750,0,0,0
a2205,20220218,20220218,133205000,13:32:06,6088,30966,38011,1881887630,1,0,60880
a2205,20220218,20220218,133206000,13:32:06,6088,30966,38011,1881887630,0,0,0
a2205,20220218,20220218,133206500,13:32:07,6088,30968,38009,1882009390,2,-2,121760
a2205,20220218,20220218,133208500,13:32:10,6088,30968,38009,1882009390,0,0,0
a2205,20220218,20220218,133213000,13:32:15,6088,30968,38009,1882009390,0,0,0
a2205,20220218,20220218,133214000,13:32:15,6088,30968,38009,1882009390,0,0,0
a2205,20220218,20220218,133214500,13:32:16,6088,30968,38009,1882009390,0,0,0
a2205,20220218,20220218,133220000,13:32:21,6088,30968,38009,1882009390,0,0,0
a2205,20220218,20220218,133224000,13:32:24,6088,30968,38009,1882009390,0,0,0
a2205,20220218,20220218,133224500,13:32:24,6089,30970,38009,1882131160,2,0,121770
a2205,20220218,20220218,133225000,13:32:25,6089,30970,38009,1882131160,0,0,0
a2205,20220218,20220218,133231500,13:32:34,6089,30970,38009,1882131160,0,0,0
a2205,20220218,20220218,133233000,13:32:35,6089,30970,38009,1882131160,0,0,0
a2205,20220218,20220218,133238500,13:32:39,6089,30970,38009,1882131160,0,0,0
a2205,20220218,20220218,133239000,13:32:39,6089,30970,38009,1882131160,0,0,0
a2205,20220218,20220218,133239500,13:32:40,6088,30972,38009,1882252930,2,0,121770
a2205,20220218,20220218,133240000,13:32:40,6088,30974,38008,1882374690,2,-1,121760
a2205,20220218,20220218,133257000,13:32:59,6088,30974,38008,1882374690,0,0,0
a2205,20220218,20220218,133257500,13:33:00,6088,30974,38008,1882374690,0,0,0
a2205,20220218,20220218,133301000,13:33:02,6088,30984,38007,1882983490,10,-1,608800
a2205,20220218,20220218,133301500,13:33:02,6088,30984,38007,1882983490,0,0,0
a2205,20220218,20220218,133304500,13:33:05,6088,30984,38007,1882983490,0,0,0
a2205,20220218,20220218,133305000,13:33:05,6088,30984,38007,1882983490,0,0,0
a2205,20220218,20220218,133305500,13:33:05,6088,30985,38008,1883044370,1,1,60880
a2205,20220218,20220218,133306000,13:33:06,6088,30988,38008,1883227010,3,0,182640
a2205,20220218,20220218,133306500,13:33:06,6088,30988,38008,1883227010,0,0,0
a2205,20220218,20220218,133308500,13:33:09,6089,30992,38011,1883470570,4,3,243560
a2205,20220218,20220218,133315000,13:33:18,6087,31002,38003,1884079270,10,-8,608700
a2205,20220218,20220218,133315500,13:33:18,6088,31006,38005,1884322790,4,2,243520
a2205,20220218,20220218,133316000,13:33:18,6088,31008,38005,1884444550,2,0,121760
a2205,20220218,20220218,133322000,13:33:22,6088,31010,38005,1884566310,2,0,121760
a2205,20220218,20220218,133323000,13:33:23,6087,31014,38001,1884809790,4,-4,243480
a2205,20220218,20220218,133323500,13:33:24,6088,31017,38003,1884992430,3,2,182640
a2205,20220218,20220218,133325500,13:33:26,6088,31017,38003,1884992430,0,0,0
a2205,20220218,20220218,133333000,13:33:33,6087,31018,38003,1885053300,1,0,60870
a2205,20220218,20220218,133333500,13:33:33,6088,31019,38004,1885114180,1,1,60880
a2205,20220218,20220218,133334000,13:33:34,6088,31019,38004,1885114180,0,0,0
a2205,20220218,20220218,133334500,13:33:34,6088,31019,38004,1885114180,0,0,0
a2205,20220218,20220218,133338500,13:33:39,6087,31020,38004,1885175050,1,0,60870
a2205,20220218,20220218,133340500,13:33:41,6087,31020,38004,1885175050,0,0,0
a2205,20220218,20220218,133349500,13:33:50,6087,31020,38004,1885175050,0,0,0
a2205,20220218,20220218,133351000,13:33:51,6087,31020,38004,1885175050,0,0,0
a2205,20220218,20220218,133356500,13:33:57,6087,31024,38001,1885418530,4,-3,243480
a2205,20220218,20220218,133357000,13:33:57,6088,31028,38003,1885662030,4,2,243500
a2205,20220218,20220218,133410000,13:34:12,6088,31028,38003,1885662030,0,0,0
a2205,20220218,20220218,133413000,13:34:13,6088,31028,38003,1885662030,0,0,0
a2205,20220218,20220218,133413500,13:34:14,6087,31031,38002,1885844640,3,-1,182610
a2205,20220218,20220218,133414000,13:34:14,6087,31032,38002,1885905510,1,0,60870
a2205,20220218,20220218,133421000,13:34:23,6086,31037,38002,1886209810,5,0,304300
a2205,20220218,20220218,133424000,13:34:24,6086,31038,38002,1886270670,1,0,60860
a2205,20220218,20220218,133433000,13:34:33,6086,31038,38002,1886270670,0,0,0
a2205,20220218,20220218,133433500,13:34:34,6085,31046,38002,1886757470,8,0,486800
a2205,20220218,20220218,133434000,13:34:34,6085,31046,38002,1886757470,0,0,0
a2205,20220218,20220218,133440500,13:34:41,6084,31047,38001,1886818310,1,-1,60840
a2205,20220218,20220218,133442500,13:34:44,6084,31056,38003,1887365870,9,2,547560
a2205,20220218,20220218,133443000,13:34:45,6084,31059,38001,1887548390,3,-2,182520
a2205,20220218,20220218,133446000,13:34:46,6083,31064,38001,1887852540,5,0,304150
a2205,20220218,20220218,133446500,13:34:47,6083,31064,38001,1887852540,0,0,0
a2205,20220218,20220218,133447000,13:34:47,6083,31065,38001,1887913370,1,0,60830
a2205,20220218,20220218,133447500,13:34:47,6083,31065,38001,1887913370,0,0,0
a2205,20220218,20220218,133448000,13:34:48,6083,31065,38001,1887913370,0,0,0
a2205,20220218,20220218,133452000,13:34:52,6083,31065,38001,1887913370,0,0,0
a2205,20220218,20220218,133452500,13:34:53,6083,31068,38001,1888095860,3,0,182490
a2205,20220218,20220218,133453000,13:34:53,6083,31068,38001,1888095860,0,0,0
a2205,20220218,20220218,133455000,13:34:56,6083,31068,38001,1888095860,0,0,0
a2205,20220218,20220218,133455500,13:34:56,6083,31068,38001,1888095860,0,0,0
a2205,20220218,20220218,133456000,13:34:57,6083,31069,38002,1888156690,1,1,60830
a2205,20220218,20220218,133501000,13:35:04,6083,31069,38002,1888156690,0,0,0
a2205,20220218,20220218,133501500,13:35:04,6083,31069,38002,1888156690,0,0,0
a2205,20220218,20220218,133502000,13:35:10,6084,31076,38001,1888582570,7,-1,425880
a2205,20220218,20220218,133504500,13:35:10,6084,31081,38001,1888886770,5,0,304200
a2205,20220218,20220218,133509000,13:35:10,6084,31081,38001,1888886770,0,0,0
a2205,20220218,20220218,133511000,13:35:11,6084,31081,38001,1888886770,0,0,0
a2205,20220218,20220218,133512000,13:35:12,6084,31093,38009,1889616850,12,8,730080
a2205,20220218,20220218,133512500,13:35:13,6084,31094,38008,1889677690,1,-1,60840
a2205,20220218,20220218,133514500,13:35:15,6085,31098,38008,1889921090,4,0,243400
a2205,20220218,20220218,133516500,13:35:16,6085,31098,38008,1889921090,0,0,0
a2205,20220218,20220218,133517000,13:35:17,6085,31105,38015,1890347040,7,7,425950
a2205,20220218,20220218,133517500,13:35:18,6085,31111,38021,1890712140,6,6,365100
a2205,20220218,20220218,133518000,13:35:18,6085,31113,38023,1890833840,2,2,121700
a2205,20220218,20220218,133519500,13:35:20,6085,31113,38023,1890833840,0,0,0
a2205,20220218,20220218,133524000,13:35:25,6085,31113,38023,1890833840,0,0,0
a2205,20220218,20220218,133525500,13:35:26,6084,31118,38028,1891138040,5,5,304200
a2205,20220218,20220218,133531000,13:35:33,6084,31118,38028,1891138040,0,0,0
a2205,20220218,20220218,133531500,13:35:41,6084,31118,38028,1891138040,0,0,0
a2205,20220218,20220218,133540500,13:35:43,6084,31118,38028,1891138040,0,0,0
a2205,20220218,20220218,133547000,13:35:47,6084,31118,38028,1891138040,0,0,0
a2205,20220218,20220218,133548000,13:35:48,6084,31118,38028,1891138040,0,0,0
a2205,20220218,20220218,133552500,13:35:52,6084,31118,38028,1891138040,0,0,0
a2205,20220218,20220218,133555000,13:35:56,6084,31118,38028,1891138040,0,0,0
a2205,20220218,20220218,133601500,13:36:03,6083,31132,38035,1891989860,14,7,851820
a2205,20220218,20220218,133602500,13:36:03,6083,31135,38037,1892172350,3,2,182490
a2205,20220218,20220218,133603000,13:36:05,6083,31135,38037,1892172350,0,0,0
a2205,20220218,20220218,133603500,13:36:05,6083,31135,38037,1892172350,0,0,0
a2205,20220218,20220218,133604000,13:36:06,6083,31135,38037,1892172350,0,0,0
a2205,20220218,20220218,133605000,13:36:06,6083,31135,38037,1892172350,0,0,0
a2205,20220218,20220218,133605500,13:36:07,6083,31135,38037,1892172350,0,0,0
a2205,20220218,20220218,133611500,13:36:12,6083,31135,38037,1892172350,0,0,0
a2205,20220218,20220218,133615000,13:36:15,6083,31135,38037,1892172350,0,0,0
a2205,20220218,20220218,133626500,13:36:27,6083,31135,38037,1892172350,0,0,0
a2205,20220218,20220218,133627000,13:36:28,6083,31135,38037,1892172350,0,0,0
a2205,20220218,20220218,133630000,13:36:30,6084,31136,38037,1892233190,1,0,60840
a2205,20220218,20220218,133634000,13:36:34,6084,31136,38037,1892233190,0,0,0
a2205,20220218,20220218,133636000,13:36:36,6084,31152,38037,1893206630,16,0,973440
a2205,20220218,20220218,133636500,13:36:36,6084,31154,38039,1893328310,2,2,121680
a2205,20220218,20220218,133637000,13:36:38,6084,31154,38039,1893328310,0,0,0
a2205,20220218,20220218,133637500,13:36:38,6084,31154,38039,1893328310,0,0,0
a2205,20220218,20220218,133638000,13:36:38,6084,31154,38039,1893328310,0,0,0
a2205,20220218,20220218,133645500,13:36:46,6084,31154,38039,1893328310,0,0,0
a2205,20220218,20220218,133646500,13:36:46,6084,31154,38039,1893328310,0,0,0
a2205,20220218,20220218,133652500,13:36:53,6084,31154,38039,1893328310,0,0,0
a2205,20220218,20220218,133656000,13:36:56,6085,31155,38039,1893389160,1,0,60850
a2205,20220218,20220218,133659000,13:36:59,6084,31160,38038,1893693360,5,-1,304200
a2205,20220218,20220218,133659500,13:37:00,6084,31160,38038,1893693360,0,0,0
a2205,20220218,20220218,133700000,13:37:00,6083,31161,38037,1893754190,1,-1,60830
a2205,20220218,20220218,133700500,13:37:00,6083,31164,38036,1893936680,3,-1,182490
a2205,20220218,20220218,133702000,13:37:02,6083,31169,38038,1894240830,5,2,304150
a2205,20220218,20220218,133702500,13:37:03,6083,31169,38038,1894240830,0,0,0
a2205,20220218,20220218,133703000,13:37:03,6082,31182,38043,1895031490,13,5,790660
a2205,20220218,20220218,133703500,13:37:03,6082,31188,38040,1895396390,6,-3,364900
a2205,20220218,20220218,133705000,13:37:05,6082,31188,38040,1895396390,0,0,0
a2205,20220218,20220218,133705500,13:37:07,6082,31190,38042,1895518030,2,2,121640
a2205,20220218,20220218,133706000,13:37:08,6081,31192,38040,1895639650,2,-2,121620
a2205,20220218,20220218,133706500,13:37:08,6081,31194,38038,1895761270,2,-2,121620
a2205,20220218,20220218,133707500,13:37:08,6081,31195,38038,1895822080,1,0,60810
a2205,20220218,20220218,133708000,13:37:08,6081,31197,38037,1895943700,2,-1,121620
a2205,20220218,20220218,133708500,13:37:08,6082,31206,38045,1896491050,9,8,547350
a2205,20220218,20220218,133709000,13:37:09,6082,31206,38045,1896491050,0,0,0
a2205,20220218,20220218,133709500,13:37:11,6081,31207,38045,1896551860,1,0,60810
a2205,20220218,20220218,133711500,13:37:13,6081,31207,38045,1896551860,0,0,0
a2205,20220218,20220218,133712500,13:37:13,6081,31207,38045,1896551860,0,0,0
a2205,20220218,20220218,133713000,13:37:13,6081,31208,38046,1896612670,1,1,60810
a2205,20220218,20220218,133716000,13:37:16,6081,31208,38046,1896612670,0,0,0
a2205,20220218,20220218,133716500,13:37:17,6081,31208,38046,1896612670,0,0,0
a2205,20220218,20220218,133720000,13:37:21,6082,31215,38043,1897038380,7,-3,425710
a2205,20220218,20220218,133720500,13:37:21,6081,31216,38043,1897099190,1,0,60810
a2205,20220218,20220218,133730500,13:37:31,6081,31216,38043,1897099190,0,0,0
a2205,20220218,20220218,133746000,13:37:46,6081,31216,38043,1897099190,0,0,0
a2205,20220218,20220218,133746500,13:37:47,6081,31219,38046,1897281620,3,3,182430
a2205,20220218,20220218,133748000,13:37:48,6081,31219,38046,1897281620,0,0,0
a2205,20220218,20220218,133752000,13:37:53,6081,31219,38046,1897281620,0,0,0
a2205,20220218,20220218,133801500,13:38:03,6081,31219,38046,1897281620,0,0,0
a2205,20220218,20220218,133802000,13:38:03,6081,31219,38046,1897281620,0,0,0
a2205,20220218,20220218,133806500,13:38:09,6081,31219,38046,1897281620,0,0,0
a2205,20220218,20220218,133808500,13:38:09,6081,31219,38046,1897281620,0,0,0
a2205,20220218,20220218,133811500,13:38:14,6081,31219,38046,1897281620,0,0,0
a2205,20220218,20220218,133816500,13:38:18,6081,31219,38046,1897281620,0,0,0
a2205,20220218,20220218,133819000,13:38:19,6081,31219,38046,1897281620,0,0,0
a2205,20220218,20220218,133838500,13:38:42,6081,31219,38046,1897281620,0,0,0
a2205,20220218,20220218,133913500,13:39:13,6081,31219,38046,1897281620,0,0,0
a2205,20220218,20220218,133914000,13:39:15,6084,31231,38047,1898011570,12,1,729950
a2205,20220218,20220218,133914500,13:39:16,6085,31273,38055,1900566960,42,8,2555390
a2205,20220218,20220218,133915500,13:39:19,6085,31273,38055,1900566960,0,0,0
a2205,20220218,20220218,133916500,13:39:19,6085,31273,38055,1900566960,0,0,0
a2205,20220218,20220218,133934500,13:39:34,6085,31274,38055,1900627810,1,0,60850
a2205,20220218,20220218,133945000,13:39:45,6086,31277,38054,1900810380,3,-1,182570
a2205,20220218,20220218,133946000,13:39:47,6086,31289,38052,1901540770,12,-2,730390
a2205,20220218,20220218,133946500,13:39:47,6086,31289,38052,1901540770,0,0,0
a2205,20220218,20220218,133947000,13:39:47,6087,31294,38053,1901845140,5,1,304370
a2205,20220218,20220218,133947500,13:39:47,6087,31297,38050,1902027750,3,-3,182610
a2205,20220218,20220218,133949500,13:39:50,6087,31297,38050,1902027750,0,0,0
a2205,20220218,20220218,133951000,13:39:51,6087,31297,38050,1902027750,0,0,0
a2205,20220218,20220218,134011500,13:40:13,6088,31302,38050,1902332180,5,0,304430
a2205,20220218,20220218,134013000,13:40:13,6087,31312,38041,1902940910,10,-9,608730
a2205,20220218,20220218,134014500,13:40:15,6088,31313,38042,1903001790,1,1,60880
a2205,20220218,20220218,134016000,13:40:16,6088,31313,38042,1903001790,0,0,0
a2205,20220218,20220218,134020000,13:40:20,6090,31320,38040,1903428070,7,-2,426280
a2205,20220218,20220218,134020500,13:40:21,6093,31348,38042,1905133660,28,2,1705590
a2205,20220218,20220218,134021000,13:40:21,6091,31352,38040,1905377300,4,-2,243640
a2205,20220218,20220218,134021500,13:40:22,6094,31353,38040,1905438240,1,0,60940
a2205,20220218,20220218,134022000,13:40:22,6093,31354,38041,1905499170,1,1,60930
a2205,20220218,20220218,134023000,13:40:23,6094,31358,38043,1905742930,4,2,243760
a2205,20220218,20220218,134023500,13:40:24,6094,31358,38043,1905742930,0,0,0
a2205,20220218,20220218,134024000,13:40:24,6095,31365,38040,1906169580,7,-3,426650
a2205,20220218,20220218,134024500,13:40:25,6094,31368,38040,1906352420,3,0,182840
a2205,20220218,20220218,134025000,13:40:25,6095,31370,38041,1906474320,2,1,121900
a2205,20220218,20220218,134025500,13:40:26,6094,31372,38041,1906596200,2,0,121880
a2205,20220218,20220218,134029000,13:40:30,6095,31374,38041,1906718100,2,0,121900
a2205,20220218,20220218,134029500,13:40:30,6095,31380,38042,1907083780,6,1,365680
a2205,20220218,20220218,134030000,13:40:30,6097,31400,38039,1908302910,20,-3,1219130
a2205,20220218,20220218,134030500,13:40:31,6096,31403,38038,1908485790,3,-1,182880
a2205,20220218,20220218,134031000,13:40:31,6097,31414,38036,1909156390,11,-2,670600
a2205,20220218,20220218,134031500,13:40:31,6096,31421,38040,1909583110,7,4,426720
a2205,20220218,20220218,134032500,13:40:32,6096,31421,38040,1909583110,0,0,0
a2205,20220218,20220218,134036000,13:40:36,6095,31422,38040,1909644060,1,0,60950
a2205,20220218,20220218,134038000,13:40:38,6095,31423,38039,1909705010,1,-1,60950
a2205,20220218,20220218,134041500,13:40:42,6095,31423,38039,1909705010,0,0,0
a2205,20220218,20220218,134043000,13:40:43,6096,31424,38039,1909765970,1,0,60960
a2205,20220218,20220218,134044000,13:40:44,6096,31424,38039,1909765970,0,0,0
a2205,20220218,20220218,134045000,13:40:45,6095,31425,38039,1909826920,1,0,60950
a2205,20220218,20220218,134046000,13:40:46,6095,31425,38039,1909826920,0,0,0
a2205,20220218,20220218,134049000,13:40:49,6096,31428,38040,1910009800,3,1,182880
a2205,20220218,20220218,134049500,13:40:49,6096,31428,38040,1910009800,0,0,0
a2205,20220218,20220218,134050000,13:40:50,6095,31433,38040,1910314550,5,0,304750
a2205,20220218,20220218,134050500,13:40:50,6097,31435,38042,1910436490,2,2,121940
a2205,20220218,20220218,134051000,13:40:51,6097,31435,38042,1910436490,0,0,0
a2205,20220218,20220218,134051500,13:40:55,6097,31435,38042,1910436490,0,0,0
a2205,20220218,20220218,134052000,13:40:55,6097,31435,38042,1910436490,0,0,0
a2205,20220218,20220218,134052500,13:40:55,6097,31435,38042,1910436490,0,0,0
a2205,20220218,20220218,134055000,13:40:55,6097,31435,38042,1910436490,0,0,0
a2205,20220218,20220218,134055500,13:40:57,6097,31435,38042,1910436490,0,0,0
a2205,20220218,20220218,134056000,13:40:58,6097,31435,38042,1910436490,0,0,0
a2205,20220218,20220218,134056500,13:40:58,6097,31435,38042,1910436490,0,0,0
a2205,20220218,20220218,134057000,13:40:58,6097,31435,38042,1910436490,0,0,0
a2205,20220218,20220218,134057500,13:40:58,6097,31435,38042,1910436490,0,0,0
a2205,20220218,20220218,134058000,13:40:58,6097,31435,38042,1910436490,0,0,0
a2205,20220218,20220218,134058500,13:40:59,6097,31435,38042,1910436490,0,0,0
a2205,20220218,20220218,134059000,13:40:59,6097,31435,38042,1910436490,0,0,0
a2205,20220218,20220218,134059500,13:41:00,6097,31435,38042,1910436490,0,0,0
a2205,20220218,20220218,134100000,13:41:00,6097,31435,38042,1910436490,0,0,0
a2205,20220218,20220218,134100500,13:41:00,6097,31435,38042,1910436490,0,0,0
a2205,20220218,20220218,134101000,13:41:01,6097,31435,38042,1910436490,0,0,0
a2205,20220218,20220218,134101500,13:41:01,6097,31435,38042,1910436490,0,0,0
a2205,20220218,20220218,134102000,13:41:02,6097,31435,38042,1910436490,0,0,0
a2205,20220218,20220218,134110000,13:41:10,6095,31437,38040,1910558390,2,-2,121900
a2205,20220218,20220218,134112500,13:41:12,6095,31447,38030,1911167890,10,-10,609500
a2205,20220218,20220218,134113000,13:41:13,6095,31452,38025,1911472640,5,-5,304750
a2205,20220218,20220218,134114500,13:41:16,6095,31452,38025,1911472640,0,0,0
a2205,20220218,20220218,134115500,13:41:16,6095,31452,38025,1911472640,0,0,0
a2205,20220218,20220218,134116000,13:41:16,6095,31452,38025,1911472640,0,0,0
a2205,20220218,20220218,134121500,13:41:23,6095,31453,38025,1911533590,1,0,60950
a2205,20220218,20220218,134123000,13:41:24,6095,31468,38013,1912447840,15,-12,914250
a2205,20220218,20220218,134123500,13:41:24,6095,31469,38012,1912508790,1,-1,60950
a2205,20220218,20220218,134126000,13:41:27,6095,31488,37996,1913666840,19,-16,1158050
a2205,20220218,20220218,134126500,13:41:27,6095,31549,37978,1917384790,61,-18,3717950
a2205,20220218,20220218,134127000,13:41:27,6095,31598,37944,1920371340,49,-34,2986550
a2205,20220218,20220218,134127500,13:41:27,6094,31601,37947,1920554160,3,3,182820
a2205,20220218,20220218,134128000,13:41:28,6093,31605,37947,1920797880,4,0,243720
a2205,20220218,20220218,134128500,13:41:28,6092,31611,37953,1921163400,6,6,365520
a2205,20220218,20220218,134129000,13:41:29,6092,31611,37953,1921163400,0,0,0
a2205,20220218,20220218,134129500,13:41:30,6091,31620,37960,1921711590,9,7,548190
a2205,20220218,20220218,134130000,13:41:30,6090,31624,37960,1921955190,4,0,243600
a2205,20220218,20220218,134130500,13:41:31,6091,31630,37961,1922320650,6,1,365460
a2205,20220218,20220218,134131000,13:41:31,6091,31630,37961,1922320650,0,0,0
a2205,20220218,20220218,134131500,13:41:32,6090,31633,37961,1922503350,3,0,182700
a2205,20220218,20220218,134132000,13:41:32,6090,31634,37962,1922564250,1,1,60900
a2205,20220218,20220218,134132500,13:41:33,6090,31636,37962,1922686050,2,0,121800
a2205,20220218,20220218,134133000,13:41:33,6091,31638,37962,1922807870,2,0,121820
a2205,20220218,20220218,134138500,13:41:41,6091,31638,37962,1922807870,0,0,0
a2205,20220218,20220218,134140500,13:41:42,6091,31638,37962,1922807870,0,0,0
a2205,20220218,20220218,134141000,13:41:42,6090,31640,37964,1922929670,2,2,121800
a2205,20220218,20220218,134147000,13:41:47,6090,31640,37964,1922929670,0,0,0
a2205,20220218,20220218,134148000,13:41:48,6090,31640,37964,1922929670,0,0,0
a2205,20220218,20220218,134152500,13:41:53,6089,31641,37964,1922990560,1,0,60890
a2205,20220218,20220218,134153000,13:41:53,6089,31641,37964,1922990560,0,0,0
a2205,20220218,20220218,134202000,13:42:10,6089,31641,37964,1922990560,0,0,0
a2205,20220218,20220218,134209500,13:42:12,6092,31643,37963,1923112400,2,-1,121840
a2205,20220218,20220218,134224000,13:42:25,6092,31643,37963,1923112400,0,0,0
a2205,20220218,20220218,134247000,13:42:47,6091,31644,37964,1923173310,1,1,60910
a2205,20220218,20220218,134252000,13:42:52,6091,31644,37964,1923173310,0,0,0
a2205,20220218,20220218,134256000,13:42:56,6091,31644,37964,1923173310,0,0,0
a2205,20220218,20220218,134256500,13:42:57,6091,31645,37964,1923234220,1,0,60910
a2205,20220218,20220218,134257000,13:42:59,6089,31653,37965,1923721360,8,1,487140
a2205,20220218,20220218,134304500,13:43:11,6089,31653,37965,1923721360,0,0,0
a2205,20220218,20220218,134308000,13:43:12,6087,31667,37960,1924573650,14,-5,852290
a2205,20220218,20220218,134315500,13:43:15,6086,31668,37959,1924634510,1,-1,60860
a2205,20220218,20220218,134316500,13:43:16,6086,31672,37958,1924877950,4,-1,243440
a2205,20220218,20220218,134317000,13:43:17,6085,31681,37955,1925425670,9,-3,547720
a2205,20220218,20220218,134317500,13:43:17,6086,31689,37963,1925912540,8,8,486870
a2205,20220218,20220218,134318000,13:43:18,6086,31692,37966,1926095120,3,3,182580
a2205,20220218,20220218,134324500,13:43:24,6084,31702,37972,1926703520,10,6,608400
a2205,20220218,20220218,134325000,13:43:25,6084,31702,37972,1926703520,0,0,0
a2205,20220218,20220218,134325500,13:43:26,6083,31717,37986,1927615980,15,14,912460
a2205,20220218,20220218,134326000,13:43:26,6083,31717,37986,1927615980,0,0,0
a2205,20220218,20220218,134326500,13:43:27,6082,31721,37990,1927859260,4,4,243280
a2205,20220218,20220218,134327000,13:43:27,6082,31721,37990,1927859260,0,0,0
a2205,20220218,20220218,134327500,13:43:27,6083,31722,37991,1927920090,1,1,60830
a2205,20220218,20220218,134329500,13:43:30,6083,31722,37991,1927920090,0,0,0
a2205,20220218,20220218,134330000,13:43:30,6082,31725,37991,1928102550,3,0,182460
a2205,20220218,20220218,134330500,13:43:30,6083,31728,37993,1928285030,3,2,182480
a2205,20220218,20220218,134331000,13:43:31,6083,31731,37996,1928467520,3,3,182490
a2205,20220218,20220218,134333000,13:43:33,6083,31731,37996,1928467520,0,0,0
a2205,20220218,20220218,134333500,13:43:34,6082,31738,38003,1928893260,7,7,425740
a2205,20220218,20220218,134334000,13:43:34,6082,31739,38004,1928954080,1,1,60820
a2205,20220218,20220218,134334500,13:43:34,6082,31741,38005,1929075720,2,1,121640
a2205,20220218,20220218,134335000,13:43:35,6082,31742,38005,1929136540,1,0,60820
a2205,20220218,20220218,134337000,13:43:37,6082,31743,38006,1929197360,1,1,60820
a2205,20220218,20220218,134339000,13:43:47,6082,31743,38006,1929197360,0,0,0
a2205,20220218,20220218,134354000,13:44:04,6082,31745,38008,1929319000,2,2,121640
a2205,20220218,20220218,134359000,13:44:04,6082,31745,38008,1929319000,0,0,0
a2205,20220218,20220218,134407000,13:44:07,6082,31745,38008,1929319000,0,0,0
a2205,20220218,20220218,134410000,13:44:17,6082,31745,38008,1929319000,0,0,0
a2205,20220218,20220218,134410500,13:44:17,6083,31784,38038,1931691030,39,30,2372030
a2205,20220218,20220218,134416500,13:44:17,6083,31804,38039,1932907630,20,1,1216600
a2205,20220218,20220218,134418500,13:44:19,6082,31817,38045,1933698290,13,6,790660
a2205,20220218,20220218,134420000,13:44:23,6082,31818,38046,1933759110,1,1,60820
a2205,20220218,20220218,134420500,13:44:23,6082,31819,38047,1933819930,1,1,60820
a2205,20220218,20220218,134421000,13:44:23,6082,31821,38048,1933941570,2,1,121640
a2205,20220218,20220218,134422500,13:44:23,6083,31826,38048,1934245720,5,0,304150
a2205,20220218,20220218,134425000,13:44:25,6083,31831,38048,1934549870,5,0,304150
a2205,20220218,20220218,134427000,13:44:27,6083,31836,38048,1934854020,5,0,304150
a2205,20220218,20220218,134429000,13:44:29,6083,31841,38048,1935158170,5,0,304150
a2205,20220218,20220218,134431500,13:44:37,6083,31841,38048,1935158170,0,0,0
a2205,20220218,20220218,134441500,13:44:41,6082,31846,38053,1935462270,5,5,304100
a2205,20220218,20220218,134442000,13:44:42,6083,31847,38054,1935523100,1,1,60830
a2205,20220218,20220218,134443000,13:44:43,6083,31847,38054,1935523100,0,0,0
a2205,20220218,20220218,134450500,13:44:50,6083,31847,38054,1935523100,0,0,0
a2205,20220218,20220218,134500500,13:45:01,6083,31847,38054,1935523100,0,0,0
a2205,20220218,20220218,134501000,13:45:01,6083,31848,38055,1935583930,1,1,60830
a2205,20220218,20220218,134504500,13:45:08,6083,31855,38055,1936009720,7,0,425790
a2205,20220218,20220218,134505000,13:45:09,6082,31856,38055,1936070540,1,0,60820
a2205,20220218,20220218,134507500,13:45:09,6082,31856,38055,1936070540,0,0,0
a2205,20220218,20220218,134514500,13:45:16,6082,31868,38065,1936800390,12,10,729850
a2205,20220218,20220218,134515000,13:45:16,6082,31868,38065,1936800390,0,0,0
a2205,20220218,20220218,134523000,13:45:24,6082,31868,38065,1936800390,0,0,0
a2205,20220218,20220218,134533000,13:45:33,6083,31873,38070,1937104510,5,5,304120
a2205,20220218,20220218,134533500,13:45:34,6083,31873,38070,1937104510,0,0,0
a2205,20220218,20220218,134534500,13:45:35,6083,31873,38070,1937104510,0,0,0
a2205,20220218,20220218,134535000,13:45:35,6083,31873,38070,1937104510,0,0,0
a2205,20220218,20220218,134545500,13:45:46,6083,31873,38070,1937104510,0,0,0
a2205,20220218,20220218,134546000,13:45:47,6083,31873,38070,1937104510,0,0,0
a2205,20220218,20220218,134547000,13:45:47,6083,31873,38070,1937104510,0,0,0
a2205,20220218,20220218,134547500,13:45:47,6083,31875,38070,1937226170,2,0,121660
a2205,20220218,20220218,134548000,13:45:48,6084,31878,38071,1937408690,3,1,182520
a2205,20220218,20220218,134548500,13:45:48,6084,31884,38074,1937773730,6,3,365040
a2205,20220218,20220218,134549000,13:45:53,6085,31887,38075,1937956260,3,1,182530
a2205,20220218,20220218,134549500,13:45:53,6085,31895,38080,1938443060,8,5,486800
a2205,20220218,20220218,134550000,13:45:53,6086,31904,38082,1938990720,9,2,547660
a2205,20220218,20220218,134550500,13:45:54,6086,31933,38084,1940755640,29,2,1764920
a2205,20220218,20220218,134551000,13:45:54,6086,31934,38084,1940816500,1,0,60860
a2205,20220218,20220218,134553000,13:45:54,6087,31937,38087,1940999110,3,3,182610
a2205,20220218,20220218,134556000,13:45:58,6087,31939,38089,1941120850,2,2,121740
a2205,20220218,20220218,134556500,13:46:00,6087,31949,38091,1941729480,10,2,608630
a2205,20220218,20220218,134557000,13:46:01,6088,31953,38091,1941972980,4,0,243500
a2205,20220218,20220218,134600000,13:46:01,6088,31953,38091,1941972980,0,0,0
a2205,20220218,20220218,134601000,13:46:01,6087,31961,38090,1942459980,8,-1,487000
a2205,20220218,20220218,134601500,13:46:02,6089,31963,38090,1942581740,2,0,121760
a2205,20220218,20220218,134602000,13:46:02,6089,31963,38090,1942581740,0,0,0
a2205,20220218,20220218,134602500,13:46:04,6089,31963,38090,1942581740,0,0,0
a2205,20220218,20220218,134603000,13:46:04,6089,31963,38090,1942581740,0,0,0
a2205,20220218,20220218,134604000,13:46:05,6087,31964,38090,1942642610,1,0,60870
a2205,20220218,20220218,134604500,13:46:05,6087,31964,38090,1942642610,0,0,0
a2205,20220218,20220218,134610500,13:46:11,6087,31964,38090,1942642610,0,0,0
a2205,20220218,20220218,134614500,13:46:15,6087,31964,38090,1942642610,0,0,0
a2205,20220218,20220218,134615000,13:46:15,6087,31964,38090,1942642610,0,0,0
a2205,20220218,20220218,134622500,13:46:30,6087,31964,38090,1942642610,0,0,0
a2205,20220218,20220218,134630000,13:46:31,6087,31964,38090,1942642610,0,0,0
a2205,20220218,20220218,134636500,13:46:37,6087,31964,38090,1942642610,0,0,0
a2205,20220218,20220218,134641500,13:46:43,6087,31964,38090,1942642610,0,0,0
a2205,20220218,20220218,134642500,13:46:43,6087,31964,38090,1942642610,0,0,0
a2205,20220218,20220218,134644000,13:46:46,6088,31968,38088,1942886130,4,-2,243520
a2205,20220218,20220218,134651500,13:46:51,6088,31968,38088,1942886130,0,0,0
a2205,20220218,20220218,134654000,13:46:55,6088,31969,38089,1942947010,1,1,60880
a2205,20220218,20220218,134656500,13:46:56,6088,31969,38089,1942947010,0,0,0
a2205,20220218,20220218,134659000,13:46:59,6087,31970,38090,1943007880,1,1,60870
a2205,20220218,20220218,134703000,13:47:03,6087,31970,38090,1943007880,0,0,0
a2205,20220218,20220218,134712000,13:47:16,6087,31970,38090,1943007880,0,0,0
a2205,20220218,20220218,134712500,13:47:16,6087,31971,38090,1943068750,1,0,60870
a2205,20220218,20220218,134719500,13:47:19,6087,31971,38090,1943068750,0,0,0
a2205,20220218,20220218,134721000,13:47:21,6086,31972,38090,1943129610,1,0,60860
a2205,20220218,20220218,134721500,13:47:22,6086,31975,38090,1943312190,3,0,182580
a2205,20220218,20220218,134722000,13:47:23,6086,31975,38090,1943312190,0,0,0
a2205,20220218,20220218,134723000,13:47:26,6086,31975,38090,1943312190,0,0,0
a2205,20220218,20220218,134723500,13:47:27,6086,31977,38090,1943433910,2,0,121720
a2205,20220218,20220218,134726500,13:47:27,6085,31978,38089,1943494760,1,-1,60850
a2205,20220218,20220218,134735500,13:47:36,6085,31984,38083,1943859860,6,-6,365100
a2205,20220218,20220218,134736000,13:47:36,6086,31986,38083,1943981580,2,0,121720
a2205,20220218,20220218,134736500,13:47:36,6086,31986,38083,1943981580,0,0,0
a2205,20220218,20220218,134740000,13:47:40,6086,31986,38083,1943981580,0,0,0
a2205,20220218,20220218,134755500,13:47:55,6084,31988,38081,1944103260,2,-2,121680
a2205,20220218,20220218,134804500,13:48:04,6084,31988,38081,1944103260,0,0,0
a2205,20220218,20220218,134805500,13:48:05,6084,31991,38078,1944285780,3,-3,182520
a2205,20220218,20220218,134806500,13:48:06,6084,31991,38078,1944285780,0,0,0
a2205,20220218,20220218,134817500,13:48:18,6084,31991,38078,1944285780,0,0,0
a2205,20220218,20220218,134818500,13:48:20,6084,31991,38078,1944285780,0,0,0
a2205,20220218,20220218,134822500,13:48:23,6084,31997,38078,1944650920,6,0,365140
a2205,20220218,20220218,134844500,13:48:44,6085,31998,38077,1944711770,1,-1,60850
a2205,20220218,20220218,134854000,13:48:55,6084,31999,38076,1944772610,1,-1,60840
a2205,20220218,20220218,134858000,13:48:58,6085,32000,38075,1944833460,1,-1,60850
a2205,20220218,20220218,134900000,13:49:00,6086,32002,38077,1944955180,2,2,121720
a2205,20220218,20220218,134900500,13:49:01,6085,32009,38070,1945381130,7,-7,425950
a2205,20220218,20220218,134919000,13:49:19,6085,32010,38070,1945441980,1,0,60850
a2205,20220218,20220218,134919500,13:49:20,6084,32014,38070,1945685370,4,0,243390
a2205,20220218,20220218,134922000,13:49:22,6084,32014,38070,1945685370,0,0,0
a2205,20220218,20220218,134934500,13:49:35,6084,32014,38070,1945685370,0,0,0
a2205,20220218,20220218,134935000,13:49:35,6084,32015,38070,1945746210,1,0,60840
a2205,20220218,20220218,134945000,13:49:45,6086,32016,38070,1945807070,1,0,60860
a2205,20220218,20220218,134953500,13:49:55,6086,32016,38070,1945807070,0,0,0
a2205,20220218,20220218,134954000,13:49:55,6086,32016,38070,1945807070,0,0,0
a2205,20220218,20220218,134954500,13:49:55,6086,32016,38070,1945807070,0,0,0
a2205,20220218,20220218,135001000,13:50:01,6086,32020,38069,1946050500,4,-1,243430
a2205,20220218,20220218,135001500,13:50:02,6086,32020,38069,1946050500,0,0,0
a2205,20220218,20220218,135002000,13:50:02,6084,32021,38069,1946111340,1,0,60840
a2205,20220218,20220218,135006000,13:50:06,6084,32022,38069,1946172180,1,0,60840
a2205,20220218,20220218,135006500,13:50:07,6084,32022,38069,1946172180,0,0,0
a2205,20220218,20220218,135023000,13:50:27,6084,32023,38069,1946233020,1,0,60840
a2205,20220218,20220218,135026500,13:50:30,6084,32023,38069,1946233020,0,0,0
a2205,20220218,20220218,135030000,13:50:37,6083,32027,38066,1946476340,4,-3,243320
a2205,20220218,20220218,135030500,13:50:37,6083,32027,38066,1946476340,0,0,0
a2205,20220218,20220218,135037000,13:50:38,6083,32027,38066,1946476340,0,0,0
a2205,20220218,20220218,135044500,13:50:45,6083,32027,38066,1946476340,0,0,0
a2205,20220218,20220218,135050500,13:50:51,6082,32035,38059,1946962900,8,-7,486560
a2205,20220218,20220218,135051000,13:50:51,6082,32041,38053,1947327820,6,-6,364920
a2205,20220218,20220218,135052000,13:50:52,6083,32056,38047,1948240270,15,-6,912450
a2205,20220218,20220218,135054500,13:50:54,6083,32056,38047,1948240270,0,0,0
a2205,20220218,20220218,135056500,13:50:57,6083,32056,38047,1948240270,0,0,0
a2205,20220218,20220218,135100500,13:51:01,6083,32059,38047,1948422760,3,0,182490
a2205,20220218,20220218,135104000,13:51:04,6081,32065,38045,1948787650,6,-2,364890
a2205,20220218,20220218,135104500,13:51:04,6082,32066,38045,1948848470,1,0,60820
a2205,20220218,20220218,135105000,13:51:05,6082,32066,38045,1948848470,0,0,0
a2205,20220218,20220218,135105500,13:51:06,6082,32066,38045,1948848470,0,0,0
a2205,20220218,20220218,135106000,13:51:06,6082,32066,38045,1948848470,0,0,0
a2205,20220218,20220218,135106500,13:51:09,6082,32066,38045,1948848470,0,0,0
a2205,20220218,20220218,135107000,13:51:20,6082,32066,38045,1948848470,0,0,0
a2205,20220218,20220218,135107500,13:51:21,6082,32066,38045,1948848470,0,0,0
a2205,20220218,20220218,135108000,13:51:21,6082,32066,38045,1948848470,0,0,0
a2205,20220218,20220218,135120500,13:51:21,6082,32066,38045,1948848470,0,0,0
a2205,20220218,20220218,135121000,13:51:21,6082,32066,38045,1948848470,0,0,0
a2205,20220218,20220218,135121500,13:51:21,6082,32066,38045,1948848470,0,0,0
a2205,20220218,20220218,135122000,13:51:22,6082,32066,38045,1948848470,0,0,0
a2205,20220218,20220218,135122500,13:51:23,6082,32066,38045,1948848470,0,0,0
a2205,20220218,20220218,135123000,13:51:23,6082,32066,38045,1948848470,0,0,0
a2205,20220218,20220218,135123500,13:51:23,6082,32066,38045,1948848470,0,0,0
a2205,20220218,20220218,135124000,13:51:24,6081,32087,38032,1950125570,21,-13,1277100
a2205,20220218,20220218,135124500,13:51:24,6081,32087,38032,1950125570,0,0,0
a2205,20220218,20220218,135125000,13:51:25,6081,32087,38032,1950125570,0,0,0
a2205,20220218,20220218,135125500,13:51:26,6081,32087,38032,1950125570,0,0,0
a2205,20220218,20220218,135126000,13:51:27,6081,32087,38032,1950125570,0,0,0
a2205,20220218,20220218,135126500,13:51:27,6080,32132,38000,1952861570,45,-32,2736000
a2205,20220218,20220218,135127000,13:51:27,6080,32134,37999,1952983170,2,-1,121600
a2205,20220218,20220218,135128500,13:51:29,6080,32137,37996,1953165570,3,-3,182400
a2205,20220218,20220218,135130000,13:51:30,6081,32138,37996,1953226380,1,0,60810
a2205,20220218,20220218,135130500,13:51:31,6081,32138,37996,1953226380,0,0,0
a2205,20220218,20220218,135131500,13:51:31,6081,32138,37996,1953226380,0,0,0
a2205,20220218,20220218,135132000,13:51:32,6081,32139,37996,1953287190,1,0,60810
a2205,20220218,20220218,135144500,13:51:44,6081,32139,37996,1953287190,0,0,0
a2205,20220218,20220218,135146000,13:51:46,6081,32139,37996,1953287190,0,0,0
a2205,20220218,20220218,135147500,13:51:48,6081,32140,37995,1953348000,1,-1,60810
a2205,20220218,20220218,135150500,13:51:50,6081,32140,37995,1953348000,0,0,0
a2205,20220218,20220218,135201000,13:52:01,6081,32140,37995,1953348000,0,0,0
a2205,20220218,20220218,135201500,13:52:02,6081,32140,37995,1953348000,0,0,0
a2205,20220218,20220218,135202000,13:52:03,6081,32142,37994,1953469620,2,-1,121620
a2205,20220218,20220218,135202500,13:52:03,6081,32142,37994,1953469620,0,0,0
a2205,20220218,20220218,135203000,13:52:04,6081,32142,37994,1953469620,0,0,0
a2205,20220218,20220218,135203500,13:52:04,6081,32143,37993,1953530430,1,-1,60810
a2205,20220218,20220218,135205000,13:52:05,6082,32148,37988,1953834530,5,-5,304100
a2205,20220218,20220218,135205500,13:52:06,6082,32148,37988,1953834530,0,0,0
a2205,20220218,20220218,135206000,13:52:06,6082,32148,37988,1953834530,0,0,0
a2205,20220218,20220218,135206500,13:52:08,6082,32148,37988,1953834530,0,0,0
a2205,20220218,20220218,135207000,13:52:09,6082,32148,37988,1953834530,0,0,0
a2205,20220218,20220218,135207500,13:52:10,6082,32148,37988,1953834530,0,0,0
a2205,20220218,20220218,135208000,13:52:10,6082,32148,37988,1953834530,0,0,0
a2205,20220218,20220218,135209000,13:52:10,6082,32148,37988,1953834530,0,0,0
a2205,20220218,20220218,135209500,13:52:11,6082,32148,37988,1953834530,0,0,0
a2205,20220218,20220218,135210000,13:52:11,6082,32148,37988,1953834530,0,0,0
a2205,20220218,20220218,135210500,13:52:12,6082,32148,37988,1953834530,0,0,0
a2205,20220218,20220218,135211000,13:52:12,6083,32149,37988,1953895360,1,0,60830
a2205,20220218,20220218,135211500,13:52:12,6083,32149,37988,1953895360,0,0,0
a2205,20220218,20220218,135212000,13:52:12,6083,32149,37988,1953895360,0,0,0
a2205,20220218,20220218,135212500,13:52:13,6083,32149,37988,1953895360,0,0,0
a2205,20220218,20220218,135213000,13:52:13,6083,32149,37988,1953895360,0,0,0
a2205,20220218,20220218,135213500,13:52:13,6083,32149,37988,1953895360,0,0,0
a2205,20220218,20220218,135214000,13:52:14,6083,32149,37988,1953895360,0,0,0
a2205,20220218,20220218,135214500,13:52:15,6083,32149,37988,1953895360,0,0,0
a2205,20220218,20220218,135215000,13:52:15,6083,32149,37988,1953895360,0,0,0
a2205,20220218,20220218,135215500,13:52:15,6083,32149,37988,1953895360,0,0,0
a2205,20220218,20220218,135216000,13:52:16,6083,32149,37988,1953895360,0,0,0
a2205,20220218,20220218,135220500,13:52:24,6083,32149,37988,1953895360,0,0,0
a2205,20220218,20220218,135221000,13:52:24,6083,32149,37988,1953895360,0,0,0
a2205,20220218,20220218,135223500,13:52:24,6083,32149,37988,1953895360,0,0,0
a2205,20220218,20220218,135224000,13:52:24,6081,32156,37985,1954321030,7,-3,425670
a2205,20220218,20220218,135224500,13:52:24,6081,32156,37985,1954321030,0,0,0
a2205,20220218,20220218,135233000,13:52:33,6081,32157,37985,1954381840,1,0,60810
a2205,20220218,20220218,135236500,13:52:44,6081,32157,37985,1954381840,0,0,0
a2205,20220218,20220218,135237000,13:52:44,6082,32159,37986,1954503480,2,1,121640
a2205,20220218,20220218,135243500,13:52:45,6082,32164,37990,1954807580,5,4,304100
a2205,20220218,20220218,135245500,13:52:48,6082,32164,37990,1954807580,0,0,0
a2205,20220218,20220218,135246000,13:52:48,6082,32164,37990,1954807580,0,0,0
a2205,20220218,20220218,135248500,13:52:49,6080,32166,37988,1954929180,2,-2,121600
a2205,20220218,20220218,135249000,13:52:49,6080,32167,37988,1954989980,1,0,60800
a2205,20220218,20220218,135255000,13:52:55,6080,32167,37988,1954989980,0,0,0
a2205,20220218,20220218,135300000,13:53:00,6080,32167,37988,1954989980,0,0,0
a2205,20220218,20220218,135302000,13:53:02,6080,32167,37988,1954989980,0,0,0
a2205,20220218,20220218,135304500,13:53:06,6080,32169,37986,1955111580,2,-2,121600
a2205,20220218,20220218,135310500,13:53:10,6080,32171,37986,1955233180,2,0,121600
a2205,20220218,20220218,135313000,13:53:13,6080,32171,37986,1955233180,0,0,0
a2205,20220218,20220218,135314500,13:53:15,6080,32172,37986,1955293980,1,0,60800
a2205,20220218,20220218,135315000,13:53:15,6080,32180,37987,1955780380,8,1,486400
a2205,20220218,20220218,135315500,13:53:15,6079,32181,37988,1955841170,1,1,60790
a2205,20220218,20220218,135316000,13:53:16,6078,32187,37994,1956205850,6,6,364680
a2205,20220218,20220218,135316500,13:53:20,6077,32195,37992,1956692010,8,-2,486160
a2205,20220218,20220218,135317500,13:53:20,6076,32198,37992,1956874290,3,0,182280
a2205,20220218,20220218,135318000,13:53:20,6075,32204,37991,1957238790,6,-1,364500
a2205,20220218,20220218,135318500,13:53:20,6075,32205,37991,1957299540,1,0,60750
a2205,20220218,20220218,135320500,13:53:20,6074,32206,37992,1957360280,1,1,60740
a2205,20220218,20220218,135321000,13:53:21,6075,32208,37992,1957481780,2,0,121500
a2205,20220218,20220218,135321500,13:53:22,6075,32208,37992,1957481780,0,0,0
a2205,20220218,20220218,135322000,13:53:22,6075,32209,37991,1957542530,1,-1,60750
a2205,20220218,20220218,135322500,13:53:23,6073,32210,37990,1957603260,1,-1,60730
a2205,20220218,20220218,135324500,13:53:26,6073,32211,37990,1957663990,1,0,60730
a2205,20220218,20220218,135325000,13:53:26,6075,32212,37990,1957724740,1,0,60750
a2205,20220218,20220218,135325500,13:53:26,6075,32212,37990,1957724740,0,0,0
a2205,20220218,20220218,135327500,13:53:28,6075,32212,37990,1957724740,0,0,0
a2205,20220218,20220218,135330500,13:53:31,6075,32215,37987,1957906990,3,-3,182250
a2205,20220218,20220218,135331500,13:53:32,6075,32216,37987,1957967740,1,0,60750
a2205,20220218,20220218,135336000,13:53:44,6075,32216,37987,1957967740,0,0,0
a2205,20220218,20220218,135336500,13:53:44,6075,32218,37985,1958089240,2,-2,121500
a2205,20220218,20220218,135337000,13:53:44,6075,32218,37985,1958089240,0,0,0
a2205,20220218,20220218,135342000,13:53:45,6075,32220,37985,1958210740,2,0,121500
a2205,20220218,20220218,135344500,13:53:45,6075,32220,37985,1958210740,0,0,0
a2205,20220218,20220218,135345000,13:53:46,6075,32220,37985,1958210740,0,0,0
a2205,20220218,20220218,135349500,13:53:50,6076,32221,37985,1958271500,1,0,60760
a2205,20220218,20220218,135351500,13:53:53,6075,32222,37985,1958332250,1,0,60750
a2205,20220218,20220218,135352500,13:53:53,6075,32222,37985,1958332250,0,0,0
a2205,20220218,20220218,135355000,13:53:55,6076,32223,37984,1958393010,1,-1,60760
a2205,20220218,20220218,135405500,13:54:09,6076,32223,37984,1958393010,0,0,0
a2205,20220218,20220218,135409500,13:54:10,6076,32225,37983,1958514520,2,-1,121510
a2205,20220218,20220218,135412000,13:54:12,6076,32226,37982,1958575280,1,-1,60760
a2205,20220218,20220218,135414000,13:54:14,6076,32227,37981,1958636040,1,-1,60760
a2205,20220218,20220218,135414500,13:54:14,6075,32228,37980,1958696790,1,-1,60750
a2205,20220218,20220218,135415000,13:54:15,6076,32238,37981,1959304390,10,1,607600
a2205,20220218,20220218,135416500,13:54:16,6076,32239,37980,1959365150,1,-1,60760
a2205,20220218,20220218,135418500,13:54:18,6076,32239,37980,1959365150,0,0,0
a2205,20220218,20220218,135419000,13:54:19,6076,32240,37979,1959425910,1,-1,60760
a2205,20220218,20220218,135422500,13:54:22,6076,32240,37979,1959425910,0,0,0
a2205,20220218,20220218,135426000,13:54:26,6076,32240,37979,1959425910,0,0,0
a2205,20220218,20220218,135433000,13:54:33,6076,32241,37979,1959486670,1,0,60760
a2205,20220218,20220218,135450500,13:54:50,6076,32241,37979,1959486670,0,0,0
a2205,20220218,20220218,135451000,13:54:51,6077,32247,37985,1959851290,6,6,364620
a2205,20220218,20220218,135451500,13:54:51,6077,32247,37985,1959851290,0,0,0
a2205,20220218,20220218,135452000,13:54:52,6077,32247,37985,1959851290,0,0,0
a2205,20220218,20220218,135452500,13:54:52,6077,32247,37985,1959851290,0,0,0
a2205,20220218,20220218,135453000,13:54:53,6077,32247,37985,1959851290,0,0,0
a2205,20220218,20220218,135454000,13:54:54,6077,32247,37985,1959851290,0,0,0
a2205,20220218,20220218,135511500,13:55:12,6077,32247,37985,1959851290,0,0,0
a2205,20220218,20220218,135512000,13:55:12,6077,32247,37985,1959851290,0,0,0
a2205,20220218,20220218,135512500,13:55:13,6077,32247,37985,1959851290,0,0,0
a2205,20220218,20220218,135513000,13:55:13,6077,32247,37985,1959851290,0,0,0
a2205,20220218,20220218,135513500,13:55:15,6077,32247,37985,1959851290,0,0,0
a2205,20220218,20220218,135516000,13:55:16,6076,32249,37985,1959972810,2,0,121520
a2205,20220218,20220218,135517000,13:55:21,6075,32250,37985,1960033560,1,0,60750
a2205,20220218,20220218,135517500,13:55:21,6076,32251,37985,1960094320,1,0,60760
a2205,20220218,20220218,135542000,13:55:42,6076,32252,37985,1960155080,1,0,60760
a2205,20220218,20220218,135542500,13:55:42,6076,32254,37984,1960276600,2,-1,121520
a2205,20220218,20220218,135544500,13:55:45,6076,32255,37983,1960337360,1,-1,60760
a2205,20220218,20220218,135552000,13:55:52,6076,32256,37983,1960398120,1,0,60760
a2205,20220218,20220218,135552500,13:55:52,6076,32256,37983,1960398120,0,0,0
a2205,20220218,20220218,135623500,13:56:24,6076,32257,37983,1960458880,1,0,60760
a2205,20220218,20220218,135626000,13:56:33,6076,32257,37983,1960458880,0,0,0
a2205,20220218,20220218,135626500,13:56:34,6076,32264,37983,1960884200,7,0,425320
a2205,20220218,20220218,135632000,13:56:35,6076,32264,37983,1960884200,0,0,0
a2205,20220218,20220218,135644500,13:56:45,6076,32264,37983,1960884200,0,0,0
a2205,20220218,20220218,135648500,13:56:50,6076,32264,37983,1960884200,0,0,0
a2205,20220218,20220218,135650000,13:56:50,6076,32264,37983,1960884200,0,0,0
a2205,20220218,20220218,135650500,13:56:51,6076,32264,37983,1960884200,0,0,0
a2205,20220218,20220218,135656000,13:56:56,6075,32266,37981,1961005700,2,-2,121500
a2205,20220218,20220218,135656500,13:56:56,6075,32266,37981,1961005700,0,0,0
a2205,20220218,20220218,135700000,13:57:01,6076,32267,37982,1961066460,1,1,60760
a2205,20220218,20220218,135700500,13:57:02,6076,32267,37982,1961066460,0,0,0
a2205,20220218,20220218,135701000,13:57:02,6076,32267,37982,1961066460,0,0,0
a2205,20220218,20220218,135707000,13:57:07,6076,32267,37982,1961066460,0,0,0
