b2207,20220218,20220218,112003000,11:20:08,4642,757,2550,35422800,757,63,35422800
b2207,20220218,20220218,112004000,11:20:09,4642,757,2550,35422800,0,0,0
b2207,20220218,20220218,112006000,11:20:10,4642,757,2550,35422800,0,0,0
b2207,20220218,20220218,112028500,11:20:28,4642,757,2550,35422800,0,0,0
b2207,20220218,20220218,112041500,11:20:41,4642,757,2550,35422800,0,0,0
b2207,20220218,20220218,112042000,11:20:42,4642,757,2550,35422800,0,0,0
b2207,20220218,20220218,112046500,11:20:46,4642,757,2550,35422800,0,0,0
b2207,20220218,20220218,112049500,11:20:50,4642,757,2550,35422800,0,0,0
b2207,20220218,20220218,112051500,11:20:52,4642,757,2550,35422800,0,0,0
b2207,20220218,20220218,112058500,11:20:59,4642,757,2550,35422800,0,0,0
b2207,20220218,20220218,112103000,11:21:03,4642,757,2550,35422800,0,0,0
b2207,20220218,20220218,112113500,11:21:13,4642,757,2550,35422800,0,0,0
b2207,20220218,20220218,112120000,11:21:20,4642,757,2550,35422800,0,0,0
b2207,20220218,20220218,112120500,11:21:22,4642,757,2550,35422800,0,0,0
b2207,20220218,20220218,112121000,11:21:22,4642,757,2550,35422800,0,0,0
b2207,20220218,20220218,112121500,11:21:22,4642,757,2550,35422800,0,0,0
b2207,20220218,20220218,112122000,11:21:22,4642,757,2550,35422800,0,0,0
b2207,20220218,20220218,112122500,11:21:22,4643,759,2549,35515660,2,-1,92860
b2207,20220218,20220218,112123000,11:21:23,4643,759,2549,35515660,0,0,0
b2207,20220218,20220218,112123500,11:21:24,4643,759,2549,35515660,0,0,0
b2207,20220218,20220218,112124000,11:21:24,4643,759,2549,35515660,0,0,0
b2207,20220218,20220218,112124500,11:21:25,4643,759,2549,35515660,0,0,0
b2207,20220218,20220218,112332500,11:23:33,4643,759,2549,35515660,0,0,0
b2207,20220218,20220218,112333000,11:23:33,4643,759,2549,35515660,0,0,0
b2207,20220218,20220218,112333500,11:23:33,4643,759,2549,35515660,0,0,0
b2207,20220218,20220218,112334000,11:23:34,4643,759,2549,35515660,0,0,0
b2207,20220218,20220218,112334500,11:23:34,4643,759,2549,35515660,0,0,0
b2207,20220218,20220218,112335000,11:23:35,4643,759,2549,35515660,0,0,0
b2207,20220218,20220218,112338500,11:23:38,4643,759,2549,35515660,0,0,0
b2207,20220218,20220218,112339000,11:23:39,4643,759,2549,35515660,0,0,0
b2207,20220218,20220218,112339500,11:23:39,4643,759,2549,35515660,0,0,0
b2207,20220218,20220218,112340000,11:23:40,4643,759,2549,35515660,0,0,0
b2207,20220218,20220218,112340500,11:23:40,4643,759,2549,35515660,0,0,0
b2207,20220218,20220218,112341000,11:23:41,4643,759,2549,35515660,0,0,0
b2207,20220218,20220218,112341500,11:23:42,4643,759,2549,35515660,0,0,0
b2207,20220218,20220218,112342000,11:23:42,4643,759,2549,35515660,0,0,0
b2207,20220218,20220218,112342500,11:23:43,4643,759,2549,35515660,0,0,0
b2207,20220218,20220218,112343000,11:23:43,4643,759,2549,35515660,0,0,0
b2207,20220218,20220218,112343500,11:23:43,4643,759,2549,35515660,0,0,0
b2207,20220218,20220218,112344000,11:23:48,4643,759,2549,35515660,0,0,0
b2207,20220218,20220218,112344500,11:23:48,4643,759,2549,35515660,0,0,0
b2207,20220218,20220218,112345000,11:23:48,4643,759,2549,35515660,0,0,0
b2207,20220218,20220218,112345500,11:23:48,4643,759,2549,35515660,0,0,0
b2207,20220218,20220218,112348000,11:23:48,4643,759,2549,35515660,0,0,0
b2207,20220218,20220218,112348500,11:23:49,4643,759,2549,35515660,0,0,0
b2207,20220218,20220218,112349000,11:23:49,4643,759,2549,35515660,0,0,0
b2207,20220218,20220218,112349500,11:23:50,4643,759,2549,35515660,0,0,0
b2207,20220218,20220218,112350000,11:23:50,4643,759,2549,35515660,0,0,0
b2207,20220218,20220218,112350500,11:23:50,4643,759,2549,35515660,0,0,0
b2207,20220218,20220218,112351000,11:23:51,4643,759,2549,35515660,0,0,0
b2207,20220218,20220218,112351500,11:23:51,4643,759,2549,35515660,0,0,0
b2207,20220218,20220218,112352000,11:23:52,4643,759,2549,35515660,0,0,0
b2207,20220218,20220218,112352500,11:23:53,4643,759,2549,35515660,0,0,0
b2207,20220218,20220218,112353000,11:23:53,4643,759,2549,35515660,0,0,0
b2207,20220218,20220218,112353500,11:23:53,4643,759,2549,35515660,0,0,0
b2207,20220218,20220218,112355500,11:23:55,4643,759,2549,35515660,0,0,0
b2207,20220218,20220218,112356000,11:23:56,4643,759,2549,35515660,0,0,0
b2207,20220218,20220218,112356500,11:23:56,4643,759,2549,35515660,0,0,0
b2207,20220218,20220218,112357000,11:23:57,4643,759,2549,35515660,0,0,0
b2207,20220218,20220218,112357500,11:23:57,4643,759,2549,35515660,0,0,0
b2207,20220218,20220218,112402000,11:24:02,4643,759,2549,35515660,0,0,0
b2207,20220218,20220218,112402500,11:24:02,4643,759,2549,35515660,0,0,0
b2207,20220218,20220218,112403000,11:24:03,4643,759,2549,35515660,0,0,0
b2207,20220218,20220218,112404500,11:24:04,4643,759,2549,35515660,0,0,0
b2207,20220218,20220218,112405000,11:24:05,4643,759,2549,35515660,0,0,0
b2207,20220218,20220218,112406500,11:24:06,4643,759,2549,35515660,0,0,0
b2207,20220218,20220218,112407000,11:24:07,4643,759,2549,35515660,0,0,0
b2207,20220218,20220218,112408500,11:24:08,4643,759,2549,35515660,0,0,0
b2207,20220218,20220218,112410000,11:24:12,4643,759,2549,35515660,0,0,0
b2207,20220218,20220218,112411000,11:24:12,4643,759,2549,35515660,0,0,0
b2207,20220218,20220218,112413000,11:24:13,4643,759,2549,35515660,0,0,0
b2207,20220218,20220218,112413500,11:24:14,4643,759,2549,35515660,0,0,0
b2207,20220218,20220218,112416000,11:24:16,4643,759,2549,35515660,0,0,0
b2207,20220218,20220218,112416500,11:24:17,4643,759,2549,35515660,0,0,0
b2207,20220218,20220218,112417000,11:24:17,4643,759,2549,35515660,0,0,0
b2207,20220218,20220218,112417500,11:24:18,4643,759,2549,35515660,0,0,0
b2207,20220218,20220218,112418000,11:24:18,4643,759,2549,35515660,0,0,0
b2207,20220218,20220218,112418500,11:24:19,4643,759,2549,35515660,0,0,0
b2207,20220218,20220218,112419000,11:24:19,4643,759,2549,35515660,0,0,0
b2207,20220218,20220218,112419500,11:24:20,4643,759,2549,35515660,0,0,0
b2207,20220218,20220218,112420000,11:24:20,4643,759,2549,35515660,0,0,0
b2207,20220218,20220218,112420500,11:24:20,4643,759,2549,35515660,0,0,0
b2207,20220218,20220218,112421000,11:24:21,4643,759,2549,35515660,0,0,0
b2207,20220218,20220218,112421500,11:24:22,4643,759,2549,35515660,0,0,0
b2207,20220218,20220218,112422000,11:24:22,4643,759,2549,35515660,0,0,0
b2207,20220218,20220218,112422500,11:24:23,4643,759,2549,35515660,0,0,0
b2207,20220218,20220218,112423000,11:24:23,4643,759,2549,35515660,0,0,0
b2207,20220218,20220218,112423500,11:24:24,4643,759,2549,35515660,0,0,0
b2207,20220218,20220218,112424000,11:24:24,4643,759,2549,35515660,0,0,0
b2207,20220218,20220218,112424500,11:24:24,4643,759,2549,35515660,0,0,0
b2207,20220218,20220218,112425000,11:24:25,4643,759,2549,35515660,0,0,0
b2207,20220218,20220218,112425500,11:24:25,4643,759,2549,35515660,0,0,0
b2207,20220218,20220218,112426000,11:24:26,4643,759,2549,35515660,0,0,0
b2207,20220218,20220218,112426500,11:24:26,4643,759,2549,35515660,0,0,0
b2207,20220218,20220218,112427000,11:24:27,4643,759,2549,35515660,0,0,0
b2207,20220218,20220218,112427500,11:24:28,4643,759,2549,35515660,0,0,0
b2207,20220218,20220218,112428000,11:24:28,4643,759,2549,35515660,0,0,0
b2207,20220218,20220218,112428500,11:24:28,4643,759,2549,35515660,0,0,0
b2207,20220218,20220218,112429000,11:24:29,4643,759,2549,35515660,0,0,0
b2207,20220218,20220218,112429500,11:24:29,4643,759,2549,35515660,0,0,0
b2207,20220218,20220218,112430000,11:24:30,4643,759,2549,35515660,0,0,0
b2207,20220218,20220218,112433000,11:24:33,4643,759,2549,35515660,0,0,0
b2207,20220218,20220218,112433500,11:24:33,4643,759,2549,35515660,0,0,0
b2207,20220218,20220218,112434000,11:24:34,4643,759,2549,35515660,0,0,0
b2207,20220218,20220218,112436000,11:24:36,4643,759,2549,35515660,0,0,0
b2207,20220218,20220218,112438000,11:24:39,4643,759,2549,35515660,0,0,0
b2207,20220218,20220218,112439000,11:24:40,4643,759,2549,35515660,0,0,0
b2207,20220218,20220218,112439500,11:24:40,4643,759,2549,35515660,0,0,0
b2207,20220218,20220218,112440000,11:24:40,4643,759,2549,35515660,0,0,0
b2207,20220218,20220218,112440500,11:24:40,4643,759,2549,35515660,0,0,0
b2207,20220218,20220218,112441000,11:24:41,4643,759,2549,35515660,0,0,0
b2207,20220218,20220218,112442000,11:24:42,4643,759,2549,35515660,0,0,0
b2207,20220218,20220218,112443500,11:24:43,4643,759,2549,35515660,0,0,0
b2207,20220218,20220218,112444000,11:24:44,4643,759,2549,35515660,0,0,0
b2207,20220218,20220218,112444500,11:24:44,4643,759,2549,35515660,0,0,0
b2207,20220218,20220218,112445000,11:24:45,4643,759,2549,35515660,0,0,0
b2207,20220218,20220218,112449000,11:24:49,4643,759,2549,35515660,0,0,0
b2207,20220218,20220218,112449500,11:24:49,4643,759,2549,35515660,0,0,0
b2207,20220218,20220218,112450000,11:24:50,4643,759,2549,35515660,0,0,0
b2207,20220218,20220218,112450500,11:24:50,4643,759,2549,35515660,0,0,0
b2207,20220218,20220218,112451000,11:24:51,4643,759,2549,35515660,0,0,0
b2207,20220218,20220218,112451500,11:24:52,4643,759,2549,35515660,0,0,0
b2207,20220218,20220218,112452000,11:24:52,4643,759,2549,35515660,0,0,0
b2207,20220218,20220218,112452500,11:24:52,4643,759,2549,35515660,0,0,0
b2207,20220218,20220218,112453000,11:24:53,4643,759,2549,35515660,0,0,0
b2207,20220218,20220218,112453500,11:24:53,4643,759,2549,35515660,0,0,0
b2207,20220218,20220218,112454000,11:24:54,4643,759,2549,35515660,0,0,0
b2207,20220218,20220218,112454500,11:24:54,4643,759,2549,35515660,0,0,0
b2207,20220218,20220218,112455000,11:24:55,4643,759,2549,35515660,0,0,0
b2207,20220218,20220218,112455500,11:24:56,4643,759,2549,35515660,0,0,0
b2207,20220218,20220218,112456000,11:24:56,4643,759,2549,35515660,0,0,0
b2207,20220218,20220218,112456500,11:24:56,4643,759,2549,35515660,0,0,0
b2207,20220218,20220218,112459500,11:24:59,4643,759,2549,35515660,0,0,0
b2207,20220218,20220218,112500500,11:25:01,4643,759,2549,35515660,0,0,0
b2207,20220218,20220218,112501000,11:25:02,4643,759,2549,35515660,0,0,0
b2207,20220218,20220218,112501500,11:25:05,4643,759,2549,35515660,0,0,0
b2207,20220218,20220218,112502000,11:25:05,4643,759,2549,35515660,0,0,0
b2207,20220218,20220218,112502500,11:25:06,4643,759,2549,35515660,0,0,0
b2207,20220218,20220218,112504500,11:25:06,4643,759,2549,35515660,0,0,0
b2207,20220218,20220218,112505500,11:25:06,4643,759,2549,35515660,0,0,0
b2207,20220218,20220218,112506000,11:25:06,4643,759,2549,35515660,0,0,0
b2207,20220218,20220218,112506500,11:25:07,4643,759,2549,35515660,0,0,0
b2207,20220218,20220218,112507000,11:25:07,4643,759,2549,35515660,0,0,0
b2207,20220218,20220218,112507500,11:25:07,4643,759,2549,35515660,0,0,0
b2207,20220218,20220218,112508000,11:25:08,4643,759,2549,35515660,0,0,0
b2207,20220218,20220218,112508500,11:25:08,4643,759,2549,35515660,0,0,0
b2207,20220218,20220218,112509000,11:25:09,4643,759,2549,35515660,0,0,0
b2207,20220218,20220218,112509500,11:25:09,4643,759,2549,35515660,0,0,0
b2207,20220218,20220218,112510000,11:25:10,4643,759,2549,35515660,0,0,0
b2207,20220218,20220218,112510500,11:25:10,4643,759,2549,35515660,0,0,0
b2207,20220218,20220218,112511500,11:25:11,4643,759,2549,35515660,0,0,0
b2207,20220218,20220218,112512000,11:25:12,4643,759,2549,35515660,0,0,0
b2207,20220218,20220218,112512500,11:25:12,4643,759,2549,35515660,0,0,0
b2207,20220218,20220218,112513000,11:25:13,4643,759,2549,35515660,0,0,0
b2207,20220218,20220218,112513500,11:25:15,4643,759,2549,35515660,0,0,0
b2207,20220218,20220218,112514000,11:25:15,4643,759,2549,35515660,0,0,0
b2207,20220218,20220218,112514500,11:25:16,4643,759,2549,35515660,0,0,0
b2207,20220218,20220218,112515000,11:25:16,4643,759,2549,35515660,0,0,0
b2207,20220218,20220218,112515500,11:25:16,4643,759,2549,35515660,0,0,0
b2207,20220218,20220218,112516000,11:25:16,4643,759,2549,35515660,0,0,0
b2207,20220218,20220218,112516500,11:25:16,4643,759,2549,35515660,0,0,0
b2207,20220218,20220218,112517000,11:25:18,4643,759,2549,35515660,0,0,0
b2207,20220218,20220218,112517500,11:25:18,4643,759,2549,35515660,0,0,0
b2207,20220218,20220218,112518000,11:25:19,4643,759,2549,35515660,0,0,0
b2207,20220218,20220218,112518500,11:25:19,4643,759,2549,35515660,0,0,0
b2207,20220218,20220218,112521000,11:25:22,4643,759,2549,35515660,0,0,0
b2207,20220218,20220218,112522500,11:25:23,4643,759,2549,35515660,0,0,0
b2207,20220218,20220218,112524000,11:25:25,4643,759,2549,35515660,0,0,0
b2207,20220218,20220218,112525000,11:25:25,4643,759,2549,35515660,0,0,0
b2207,20220218,20220218,112525500,11:25:26,4643,759,2549,35515660,0,0,0
b2207,20220218,20220218,112526000,11:25:26,4643,759,2549,35515660,0,0,0
b2207,20220218,20220218,112526500,11:25:27,4643,759,2549,35515660,0,0,0
b2207,20220218,20220218,112527000,11:25:28,4643,759,2549,35515660,0,0,0
b2207,20220218,20220218,112527500,11:25:28,4643,759,2549,35515660,0,0,0
b2207,20220218,20220218,112528000,11:25:28,4643,759,2549,35515660,0,0,0
b2207,20220218,20220218,112528500,11:25:28,4643,759,2549,35515660,0,0,0
b2207,20220218,20220218,112529000,11:25:29,4643,759,2549,35515660,0,0,0
b2207,20220218,20220218,112529500,11:25:30,4643,759,2549,35515660,0,0,0
b2207,20220218,20220218,112530000,11:25:31,4643,759,2549,35515660,0,0,0
b2207,20220218,20220218,112531500,11:25:32,4643,759,2549,35515660,0,0,0
b2207,20220218,20220218,112532000,11:25:32,4643,759,2549,35515660,0,0,0
b2207,20220218,20220218,112533000,11:25:33,4643,759,2549,35515660,0,0,0
b2207,20220218,20220218,112533500,11:25:33,4643,759,2549,35515660,0,0,0
b2207,20220218,20220218,112534000,11:25:34,4643,759,2549,35515660,0,0,0
b2207,20220218,20220218,112535000,11:25:36,4643,759,2549,35515660,0,0,0
b2207,20220218,20220218,112535500,11:25:37,4643,759,2549,35515660,0,0,0
b2207,20220218,20220218,112537000,11:25:38,4643,759,2549,35515660,0,0,0
b2207,20220218,20220218,112538000,11:25:38,4643,759,2549,35515660,0,0,0
b2207,20220218,20220218,112538500,11:25:39,4643,759,2549,35515660,0,0,0
b2207,20220218,20220218,112539000,11:25:39,4643,759,2549,35515660,0,0,0
b2207,20220218,20220218,112539500,11:25:40,4643,759,2549,35515660,0,0,0
b2207,20220218,20220218,112546000,11:25:47,4643,759,2549,35515660,0,0,0
b2207,20220218,20220218,112546500,11:25:47,4643,759,2549,35515660,0,0,0
b2207,20220218,20220218,112547000,11:25:48,4643,759,2549,35515660,0,0,0
b2207,20220218,20220218,112547500,11:25:48,4643,759,2549,35515660,0,0,0
b2207,20220218,20220218,112548000,11:25:48,4643,759,2549,35515660,0,0,0
b2207,20220218,20220218,112605000,11:26:05,4643,759,2549,35515660,0,0,0
b2207,20220218,20220218,112606500,11:26:07,4643,759,2549,35515660,0,0,0
b2207,20220218,20220218,112607000,11:26:09,4643,759,2549,35515660,0,0,0
b2207,20220218,20220218,112607500,11:26:09,4643,759,2549,35515660,0,0,0
b2207,20220218,20220218,112609000,11:26:10,4643,759,2549,35515660,0,0,0
b2207,20220218,20220218,112609500,11:26:10,4643,759,2549,35515660,0,0,0
b2207,20220218,20220218,112610000,11:26:10,4643,759,2549,35515660,0,0,0
b2207,20220218,20220218,112622000,11:26:22,4643,759,2549,35515660,0,0,0
b2207,20220218,20220218,112623000,11:26:23,4643,759,2549,35515660,0,0,0
b2207,20220218,20220218,112628500,11:26:28,4643,759,2549,35515660,0,0,0
b2207,20220218,20220218,112630000,11:26:31,4643,759,2549,35515660,0,0,0
b2207,20220218,20220218,112631000,11:26:31,4643,759,2549,35515660,0,0,0
b2207,20220218,20220218,112653500,11:27:10,4643,759,2549,35515660,0,0,0
b2207,20220218,20220218,112705000,11:27:12,4643,759,2549,35515660,0,0,0
b2207,20220218,20220218,112714500,11:27:15,4643,759,2549,35515660,0,0,0
b2207,20220218,20220218,112715500,11:27:16,4643,759,2549,35515660,0,0,0
b2207,20220218,20220218,112716000,11:27:17,4643,759,2549,35515660,0,0,0
b2207,20220218,20220218,112716500,11:27:17,4643,759,2549,35515660,0,0,0
b2207,20220218,20220218,112718500,11:27:19,4643,759,2549,35515660,0,0,0
b2207,20220218,20220218,112724500,11:27:27,4643,759,2549,35515660,0,0,0
b2207,20220218,20220218,112727000,11:27:27,4643,759,2549,35515660,0,0,0
b2207,20220218,20220218,112728500,11:27:28,4643,759,2549,35515660,0,0,0
b2207,20220218,20220218,112729000,11:27:29,4643,759,2549,35515660,0,0,0
b2207,20220218,20220218,112729500,11:27:29,4643,759,2549,35515660,0,0,0
b2207,20220218,20220218,112730000,11:27:30,4643,759,2549,35515660,0,0,0
b2207,20220218,20220218,112730500,11:27:31,4643,759,2549,35515660,0,0,0
b2207,20220218,20220218,112731000,11:27:33,4643,759,2549,35515660,0,0,0
b2207,20220218,20220218,112731500,11:27:35,4643,759,2549,35515660,0,0,0
b2207,20220218,20220218,112732000,11:27:36,4643,759,2549,35515660,0,0,0
b2207,20220218,20220218,112732500,11:27:36,4643,759,2549,35515660,0,0,0
b2207,20220218,20220218,112735500,11:27:36,4643,759,2549,35515660,0,0,0
b2207,20220218,20220218,112736000,11:27:37,4643,759,2549,35515660,0,0,0
b2207,20220218,20220218,112736500,11:27:38,4643,759,2549,35515660,0,0,0
b2207,20220218,20220218,112737000,11:27:38,4643,759,2549,35515660,0,0,0
b2207,20220218,20220218,112737500,11:27:38,4643,759,2549,35515660,0,0,0
b2207,20220218,20220218,112738000,11:27:39,4643,759,2549,35515660,0,0,0
b2207,20220218,20220218,112738500,11:27:39,4643,759,2549,35515660,0,0,0
b2207,20220218,20220218,112739000,11:27:39,4643,759,2549,35515660,0,0,0
b2207,20220218,20220218,112739500,11:27:39,4643,759,2549,35515660,0,0,0
b2207,20220218,20220218,112742000,11:27:42,4643,759,2549,35515660,0,0,0
b2207,20220218,20220218,112742500,11:27:43,4643,759,2549,35515660,0,0,0
b2207,20220218,20220218,112743000,11:27:43,4643,759,2549,35515660,0,0,0
b2207,20220218,20220218,112754000,11:27:54,4643,759,2549,35515660,0,0,0
b2207,20220218,20220218,112758500,11:27:59,4643,759,2549,35515660,0,0,0
b2207,20220218,20220218,112759000,11:27:59,4643,759,2549,35515660,0,0,0
b2207,20220218,20220218,112759500,11:27:59,4643,759,2549,35515660,0,0,0
b2207,20220218,20220218,112801000,11:28:01,4643,759,2549,35515660,0,0,0
b2207,20220218,20220218,112803000,11:28:04,4643,759,2549,35515660,0,0,0
b2207,20220218,20220218,112805000,11:28:06,4643,759,2549,35515660,0,0,0
b2207,20220218,20220218,112805500,11:28:06,4643,759,2549,35515660,0,0,0
b2207,20220218,20220218,112806000,11:28:10,4643,759,2549,35515660,0,0,0
b2207,20220218,20220218,112808500,11:28:11,4643,759,2549,35515660,0,0,0
b2207,20220218,20220218,112812500,11:28:13,4643,759,2549,35515660,0,0,0
b2207,20220218,20220218,112814000,11:28:14,4643,759,2549,35515660,0,0,0
b2207,20220218,20220218,112816000,11:28:16,4643,759,2549,35515660,0,0,0
b2207,20220218,20220218,112818000,11:28:18,4643,759,2549,35515660,0,0,0
b2207,20220218,20220218,112819500,11:28:19,4643,759,2549,35515660,0,0,0
b2207,20220218,20220218,112820500,11:28:20,4643,759,2549,35515660,0,0,0
b2207,20220218,20220218,112825000,11:28:25,4643,759,2549,35515660,0,0,0
b2207,20220218,20220218,112829000,11:28:29,4643,759,2549,35515660,0,0,0
b2207,20220218,20220218,112833500,11:28:34,4643,759,2549,35515660,0,0,0
b2207,20220218,20220218,112834000,11:28:34,4643,759,2549,35515660,0,0,0
b2207,20220218,20220218,112835000,11:28:35,4643,759,2549,35515660,0,0,0
b2207,20220218,20220218,112835500,11:28:36,4643,759,2549,35515660,0,0,0
b2207,20220218,20220218,112839000,11:28:40,4643,759,2549,35515660,0,0,0
b2207,20220218,20220218,112845000,11:28:45,4643,759,2549,35515660,0,0,0
b2207,20220218,20220218,112848500,11:28:48,4643,759,2549,35515660,0,0,0
b2207,20220218,20220218,112849000,11:28:49,4643,759,2549,35515660,0,0,0
b2207,20220218,20220218,112849500,11:28:50,4643,759,2549,35515660,0,0,0
b2207,20220218,20220218,112850000,11:28:50,4643,759,2549,35515660,0,0,0
b2207,20220218,20220218,112850500,11:28:50,4643,759,2549,35515660,0,0,0
b2207,20220218,20220218,112855000,11:28:55,4643,759,2549,35515660,0,0,0
b2207,20220218,20220218,112856000,11:28:56,4643,759,2549,35515660,0,0,0
b2207,20220218,20220218,112856500,11:28:56,4643,759,2549,35515660,0,0,0
b2207,20220218,20220218,112857000,11:28:57,4643,759,2549,35515660,0,0,0
b2207,20220218,20220218,112859000,11:28:59,4643,759,2549,35515660,0,0,0
b2207,20220218,20220218,112859500,11:29:00,4643,759,2549,35515660,0,0,0
b2207,20220218,20220218,112902000,11:29:02,4643,759,2549,35515660,0,0,0
b2207,20220218,20220218,112903500,11:29:04,4643,759,2549,35515660,0,0,0
b2207,20220218,20220218,112905500,11:29:06,4643,759,2549,35515660,0,0,0
b2207,20220218,20220218,112906000,11:29:06,4643,759,2549,35515660,0,0,0
b2207,20220218,20220218,112907500,11:29:08,4643,759,2549,35515660,0,0,0
b2207,20220218,20220218,112908000,11:29:08,4643,759,2549,35515660,0,0,0
b2207,20220218,20220218,112908500,11:29:08,4643,759,2549,35515660,0,0,0
b2207,20220218,20220218,112909000,11:29:09,4643,759,2549,35515660,0,0,0
b2207,20220218,20220218,112909500,11:29:09,4643,759,2549,35515660,0,0,0
b2207,20220218,20220218,112910500,11:29:11,4643,759,2549,35515660,0,0,0
b2207,20220218,20220218,112911000,11:29:11,4643,759,2549,35515660,0,0,0
b2207,20220218,20220218,112913000,11:29:13,4643,759,2549,35515660,0,0,0
b2207,20220218,20220218,112932000,11:29:32,4643,759,2549,35515660,0,0,0
b2207,20220218,20220218,112932500,11:29:37,4643,759,2549,35515660,0,0,0
b2207,20220218,20220218,112933000,11:29:37,4643,759,2549,35515660,0,0,0
b2207,20220218,20220218,112936500,11:29:38,4643,759,2549,35515660,0,0,0
b2207,20220218,20220218,112937500,11:29:38,4643,759,2549,35515660,0,0,0
b2207,20220218,20220218,112938000,11:29:38,4643,759,2549,35515660,0,0,0
b2207,20220218,20220218,112938500,11:29:39,4643,759,2549,35515660,0,0,0
b2207,20220218,20220218,112939000,11:29:39,4643,759,2549,35515660,0,0,0
b2207,20220218,20220218,112939500,11:29:40,4643,759,2549,35515660,0,0,0
b2207,20220218,20220218,112940000,11:29:40,4643,759,2549,35515660,0,0,0
b2207,20220218,20220218,112940500,11:29:40,4643,759,2549,35515660,0,0,0
b2207,20220218,20220218,112941000,11:29:41,4643,759,2549,35515660,0,0,0
b2207,20220218,20220218,112941500,11:29:42,4643,759,2549,35515660,0,0,0
b2207,20220218,20220218,112942000,11:29:44,4643,759,2549,35515660,0,0,0
b2207,20220218,20220218,112942500,11:29:44,4643,759,2549,35515660,0,0,0
b2207,20220218,20220218,112943000,11:29:45,4643,759,2549,35515660,0,0,0
b2207,20220218,20220218,112943500,11:29:45,4643,759,2549,35515660,0,0,0
b2207,20220218,20220218,112944500,11:29:45,4643,759,2549,35515660,0,0,0
b2207,20220218,20220218,112945000,11:29:46,4643,759,2549,35515660,0,0,0
b2207,20220218,20220218,112945500,11:29:46,4643,759,2549,35515660,0,0,0
b2207,20220218,20220218,112946000,11:29:47,4643,759,2549,35515660,0,0,0
b2207,20220218,20220218,112946500,11:29:47,4643,759,2549,35515660,0,0,0
b2207,20220218,20220218,112947000,11:29:47,4643,759,2549,35515660,0,0,0
b2207,20220218,20220218,112947500,11:29:48,4643,759,2549,35515660,0,0,0
b2207,20220218,20220218,112948000,11:29:49,4643,759,2549,35515660,0,0,0
b2207,20220218,20220218,112948500,11:29:50,4643,759,2549,35515660,0,0,0
b2207,20220218,20220218,112949000,11:29:50,4643,759,2549,35515660,0,0,0
b2207,20220218,20220218,112949500,11:29:50,4643,759,2549,35515660,0,0,0
b2207,20220218,20220218,112950000,11:29:51,4643,759,2549,35515660,0,0,0
b2207,20220218,20220218,112950500,11:29:52,4643,759,2549,35515660,0,0,0
b2207,20220218,20220218,112951000,11:29:52,4643,759,2549,35515660,0,0,0
b2207,20220218,20220218,112955000,11:29:55,4643,759,2549,35515660,0,0,0
b2207,20220218,20220218,112959500,11:30:02,4643,759,2549,35515660,0,0,0
b2207,20220218,20220218,113001000,11:30:03,4643,759,2549,35515660,0,0,0
b2207,20220218,20220218,133001500,13:30:02,4643,759,2549,35515660,0,0,0
b2207,20220218,20220218,133002000,13:30:08,4643,759,2549,35515660,0,0,0
b2207,20220218,20220218,133002500,13:30:10,4643,759,2549,35515660,0,0,0
b2207,20220218,20220218,133007500,13:30:10,4643,759,2549,35515660,0,0,0
b2207,20220218,20220218,133009000,13:30:10,4643,759,2549,35515660,0,0,0
b2207,20220218,20220218,133010000,13:30:11,4643,759,2549,35515660,0,0,0
b2207,20220218,20220218,133010500,13:30:12,4643,759,2549,35515660,0,0,0
b2207,20220218,20220218,133011000,13:30:13,4643,759,2549,35515660,0,0,0
b2207,20220218,20220218,133012500,13:30:13,4643,759,2549,35515660,0,0,0
b2207,20220218,20220218,133013000,13:30:14,4643,759,2549,35515660,0,0,0
b2207,20220218,20220218,133013500,13:30:14,4643,759,2549,35515660,0,0,0
b2207,20220218,20220218,133014000,13:30:16,4643,759,2549,35515660,0,0,0
b2207,20220218,20220218,133014500,13:30:17,4643,759,2549,35515660,0,0,0
b2207,20220218,20220218,133016500,13:30:18,4643,759,2549,35515660,0,0,0
b2207,20220218,20220218,133017000,13:30:18,4643,759,2549,35515660,0,0,0
b2207,20220218,20220218,133017500,13:30:18,4643,759,2549,35515660,0,0,0
b2207,20220218,20220218,133018500,13:30:20,4643,759,2549,35515660,0,0,0
b2207,20220218,20220218,133019000,13:30:20,4643,759,2549,35515660,0,0,0
b2207,20220218,20220218,133020000,13:30:21,4643,759,2549,35515660,0,0,0
b2207,20220218,20220218,133021000,13:30:21,4643,759,2549,35515660,0,0,0
b2207,20220218,20220218,133021500,13:30:22,4643,759,2549,35515660,0,0,0
b2207,20220218,20220218,133022000,13:30:38,4643,759,2549,35515660,0,0,0
b2207,20220218,20220218,133022500,13:30:38,4643,759,2549,35515660,0,0,0
b2207,20220218,20220218,133023000,13:30:39,4643,759,2549,35515660,0,0,0
b2207,20220218,20220218,133037500,13:30:40,4643,759,2549,35515660,0,0,0
b2207,20220218,20220218,133038500,13:30:42,4643,759,2549,35515660,0,0,0
b2207,20220218,20220218,133041500,13:30:44,4643,759,2549,35515660,0,0,0
b2207,20220218,20220218,133043500,13:30:46,4643,759,2549,35515660,0,0,0
b2207,20220218,20220218,133048000,13:30:48,4643,759,2549,35515660,0,0,0
b2207,20220218,20220218,133051500,13:30:52,4643,759,2549,35515660,0,0,0
b2207,20220218,20220218,133059000,13:30:59,4643,759,2549,35515660,0,0,0
b2207,20220218,20220218,133100000,13:31:00,4643,759,2549,35515660,0,0,0
b2207,20220218,20220218,133104000,13:31:06,4643,759,2549,35515660,0,0,0
b2207,20220218,20220218,133105000,13:31:08,4643,759,2549,35515660,0,0,0
b2207,20220218,20220218,133107000,13:31:08,4643,759,2549,35515660,0,0,0
b2207,20220218,20220218,133107500,13:31:09,4643,759,2549,35515660,0,0,0
b2207,20220218,20220218,133113500,13:31:15,4643,759,2549,35515660,0,0,0
b2207,20220218,20220218,133208500,13:32:10,4643,759,2549,35515660,0,0,0
b2207,20220218,20220218,133209500,13:32:10,4643,759,2549,35515660,0,0,0
b2207,20220218,20220218,133211500,13:32:15,4643,759,2549,35515660,0,0,0
b2207,20220218,20220218,133248000,13:32:49,4643,759,2549,35515660,0,0,0
b2207,20220218,20220218,133248500,13:32:49,4643,759,2549,35515660,0,0,0
b2207,20220218,20220218,133250500,13:32:52,4643,759,2549,35515660,0,0,0
b2207,20220218,20220218,133251500,13:32:53,4643,759,2549,35515660,0,0,0
b2207,20220218,20220218,133252500,13:32:53,4643,759,2549,35515660,0,0,0
b2207,20220218,20220218,133259500,13:33:01,4643,759,2549,35515660,0,0,0
b2207,20220218,20220218,133300000,13:33:01,4643,759,2549,35515660,0,0,0
b2207,20220218,20220218,133319500,13:33:20,4643,759,2549,35515660,0,0,0
b2207,20220218,20220218,133321000,13:33:22,4643,759,2549,35515660,0,0,0
b2207,20220218,20220218,133324000,13:33:24,4643,759,2549,35515660,0,0,0
b2207,20220218,20220218,133327500,13:33:30,4643,759,2549,35515660,0,0,0
b2207,20220218,20220218,133329000,13:33:30,4643,759,2549,35515660,0,0,0
b2207,20220218,20220218,133330500,13:33:31,4643,759,2549,35515660,0,0,0
b2207,20220218,20220218,133331500,13:33:32,4643,759,2549,35515660,0,0,0
b2207,20220218,20220218,133345000,13:33:45,4643,759,2549,35515660,0,0,0
b2207,20220218,20220218,133349000,13:33:50,4643,759,2549,35515660,0,0,0
b2207,20220218,20220218,133349500,13:33:50,4643,759,2549,35515660,0,0,0
b2207,20220218,20220218,133350000,13:33:50,4643,759,2549,35515660,0,0,0
b2207,20220218,20220218,133354000,13:33:54,4643,759,2549,35515660,0,0,0
b2207,20220218,20220218,133354500,13:33:55,4643,759,2549,35515660,0,0,0
b2207,20220218,20220218,133355500,13:33:56,4643,759,2549,35515660,0,0,0
b2207,20220218,20220218,133356000,13:33:57,4643,759,2549,35515660,0,0,0
b2207,20220218,20220218,133357000,13:33:58,4643,759,2549,35515660,0,0,0
b2207,20220218,20220218,133357500,13:33:58,4643,759,2549,35515660,0,0,0
b2207,20220218,20220218,133358000,13:33:58,4643,759,2549,35515660,0,0,0
b2207,20220218,20220218,133359000,13:33:59,4643,759,2549,35515660,0,0,0
b2207,20220218,20220218,133401500,13:34:02,4643,759,2549,35515660,0,0,0
b2207,20220218,20220218,133402000,13:34:10,4643,759,2549,35515660,0,0,0
b2207,20220218,20220218,133409000,13:34:12,4643,759,2549,35515660,0,0,0
b2207,20220218,20220218,133410500,13:34:12,4643,759,2549,35515660,0,0,0
b2207,20220218,20220218,133411000,13:34:12,4643,759,2549,35515660,0,0,0
b2207,20220218,20220218,133413000,13:34:13,4643,759,2549,35515660,0,0,0
b2207,20220218,20220218,133413500,13:34:14,4643,759,2549,35515660,0,0,0
b2207,20220218,20220218,133414500,13:34:15,4643,759,2549,35515660,0,0,0
b2207,20220218,20220218,133417000,13:34:17,4643,759,2549,35515660,0,0,0
b2207,20220218,20220218,133418000,13:34:18,4643,759,2549,35515660,0,0,0
b2207,20220218,20220218,133418500,13:34:19,4643,759,2549,35515660,0,0,0
b2207,20220218,20220218,133420000,13:34:20,4643,759,2549,35515660,0,0,0
b2207,20220218,20220218,133423000,13:34:24,4643,759,2549,35515660,0,0,0
b2207,20220218,20220218,133424500,13:34:24,4643,759,2549,35515660,0,0,0
b2207,20220218,20220218,133425000,13:34:25,4643,759,2549,35515660,0,0,0
b2207,20220218,20220218,133425500,13:34:26,4643,759,2549,35515660,0,0,0
b2207,20220218,20220218,133426000,13:34:26,4643,759,2549,35515660,0,0,0
b2207,20220218,20220218,133426500,13:34:26,4643,759,2549,35515660,0,0,0
b2207,20220218,20220218,133427000,13:34:27,4643,759,2549,35515660,0,0,0
b2207,20220218,20220218,133428000,13:34:28,4643,759,2549,35515660,0,0,0
b2207,20220218,20220218,133428500,13:34:29,4643,759,2549,35515660,0,0,0
b2207,20220218,20220218,133429000,13:34:29,4643,759,2549,35515660,0,0,0
b2207,20220218,20220218,133429500,13:34:29,4643,759,2549,35515660,0,0,0
b2207,20220218,20220218,133430000,13:34:30,4643,759,2549,35515660,0,0,0
b2207,20220218,20220218,133433500,13:34:34,4643,759,2549,35515660,0,0,0
b2207,20220218,20220218,133435000,13:34:35,4643,759,2549,35515660,0,0,0
b2207,20220218,20220218,133435500,13:34:36,4643,759,2549,35515660,0,0,0
b2207,20220218,20220218,133437000,13:34:37,4643,759,2549,35515660,0,0,0
b2207,20220218,20220218,133437500,13:34:38,4643,759,2549,35515660,0,0,0
b2207,20220218,20220218,133438000,13:34:38,4643,759,2549,35515660,0,0,0
b2207,20220218,20220218,133438500,13:34:39,4643,759,2549,35515660,0,0,0
b2207,20220218,20220218,133439000,13:34:39,4643,759,2549,35515660,0,0,0
b2207,20220218,20220218,133439500,13:34:40,4643,759,2549,35515660,0,0,0
b2207,20220218,20220218,133440000,13:34:40,4643,759,2549,35515660,0,0,0
b2207,20220218,20220218,133442000,13:34:44,4643,759,2549,35515660,0,0,0
b2207,20220218,20220218,133443500,13:34:45,4643,759,2549,35515660,0,0,0
b2207,20220218,20220218,133444000,13:34:45,4643,759,2549,35515660,0,0,0
b2207,20220218,20220218,133445000,13:34:46,4643,759,2549,35515660,0,0,0
b2207,20220218,20220218,133446000,13:34:46,4643,759,2549,35515660,0,0,0
b2207,20220218,20220218,133447500,13:34:47,4643,759,2549,35515660,0,0,0
b2207,20220218,20220218,133448500,13:34:49,4643,759,2549,35515660,0,0,0
b2207,20220218,20220218,133449500,13:34:49,4643,759,2549,35515660,0,0,0
b2207,20220218,20220218,133450000,13:34:51,4643,759,2549,35515660,0,0,0
b2207,20220218,20220218,133451500,13:34:52,4643,759,2549,35515660,0,0,0
b2207,20220218,20220218,133454000,13:34:56,4643,759,2549,35515660,0,0,0
b2207,20220218,20220218,133456000,13:34:57,4643,759,2549,35515660,0,0,0
b2207,20220218,20220218,133458000,13:34:58,4643,759,2549,35515660,0,0,0
b2207,20220218,20220218,133504500,13:35:10,4643,759,2549,35515660,0,0,0
b2207,20220218,20220218,133509000,13:35:10,4643,759,2549,35515660,0,0,0
b2207,20220218,20220218,133513000,13:35:13,4643,759,2549,35515660,0,0,0
b2207,20220218,20220218,133513500,13:35:14,4643,759,2549,35515660,0,0,0
b2207,20220218,20220218,133514000,13:35:14,4643,759,2549,35515660,0,0,0
b2207,20220218,20220218,133514500,13:35:15,4643,759,2549,35515660,0,0,0
b2207,20220218,20220218,133518000,13:35:19,4643,759,2549,35515660,0,0,0
b2207,20220218,20220218,133520000,13:35:20,4643,759,2549,35515660,0,0,0
b2207,20220218,20220218,133520500,13:35:21,4643,759,2549,35515660,0,0,0
b2207,20220218,20220218,133522500,13:35:23,4643,759,2549,35515660,0,0,0
b2207,20220218,20220218,133524500,13:35:25,4643,759,2549,35515660,0,0,0
b2207,20220218,20220218,133526000,13:35:26,4643,759,2549,35515660,0,0,0
b2207,20220218,20220218,133541500,13:35:43,4643,759,2549,35515660,0,0,0
b2207,20220218,20220218,133543500,13:35:44,4643,759,2549,35515660,0,0,0
b2207,20220218,20220218,133544000,13:35:44,4643,759,2549,35515660,0,0,0
b2207,20220218,20220218,133544500,13:35:45,4643,759,2549,35515660,0,0,0
b2207,20220218,20220218,133545000,13:35:46,4643,759,2549,35515660,0,0,0
b2207,20220218,20220218,133546000,13:35:46,4643,759,2549,35515660,0,0,0
b2207,20220218,20220218,133546500,13:35:46,4643,759,2549,35515660,0,0,0
b2207,20220218,20220218,133547000,13:35:47,4643,759,2549,35515660,0,0,0
b2207,20220218,20220218,133547500,13:35:48,4643,759,2549,35515660,0,0,0
b2207,20220218,20220218,133548000,13:35:48,4643,759,2549,35515660,0,0,0
b2207,20220218,20220218,133549000,13:35:49,4643,759,2549,35515660,0,0,0
b2207,20220218,20220218,133549500,13:35:49,4643,759,2549,35515660,0,0,0
b2207,20220218,20220218,133550000,13:35:50,4643,759,2549,35515660,0,0,0
b2207,20220218,20220218,133550500,13:35:51,4643,759,2549,35515660,0,0,0
b2207,20220218,20220218,133551500,13:35:52,4643,759,2549,35515660,0,0,0
b2207,20220218,20220218,133552500,13:35:53,4643,759,2549,35515660,0,0,0
b2207,20220218,20220218,133554000,13:35:55,4643,759,2549,35515660,0,0,0
b2207,20220218,20220218,133554500,13:35:56,4643,759,2549,35515660,0,0,0
b2207,20220218,20220218,133601500,13:36:03,4643,759,2549,35515660,0,0,0
b2207,20220218,20220218,133602000,13:36:03,4643,759,2549,35515660,0,0,0
b2207,20220218,20220218,133603000,13:36:05,4643,759,2549,35515660,0,0,0
b2207,20220218,20220218,133605500,13:36:07,4643,759,2549,35515660,0,0,0
b2207,20220218,20220218,133606000,13:36:07,4643,759,2549,35515660,0,0,0
b2207,20220218,20220218,133608000,13:36:08,4643,759,2549,35515660,0,0,0
b2207,20220218,20220218,133609000,13:36:09,4643,759,2549,35515660,0,0,0
b2207,20220218,20220218,133611000,13:36:11,4643,759,2549,35515660,0,0,0
b2207,20220218,20220218,133613000,13:36:13,4643,759,2549,35515660,0,0,0
b2207,20220218,20220218,133613500,13:36:14,4643,759,2549,35515660,0,0,0
b2207,20220218,20220218,133617000,13:36:19,4643,759,2549,35515660,0,0,0
b2207,20220218,20220218,133620500,13:36:20,4643,759,2549,35515660,0,0,0
b2207,20220218,20220218,133627500,13:36:28,4643,759,2549,35515660,0,0,0
b2207,20220218,20220218,133628000,13:36:28,4643,759,2549,35515660,0,0,0
b2207,20220218,20220218,133635000,13:36:36,4643,759,2549,35515660,0,0,0
b2207,20220218,20220218,133635500,13:36:36,4643,759,2549,35515660,0,0,0
b2207,20220218,20220218,133639500,13:36:40,4643,759,2549,35515660,0,0,0
b2207,20220218,20220218,133642000,13:36:42,4643,759,2549,35515660,0,0,0
b2207,20220218,20220218,133647000,13:36:47,4643,759,2549,35515660,0,0,0
b2207,20220218,20220218,133657000,13:36:58,4643,759,2549,35515660,0,0,0
b2207,20220218,20220218,133659000,13:36:59,4643,759,2549,35515660,0,0,0
b2207,20220218,20220218,133659500,13:37:00,4643,759,2549,35515660,0,0,0
b2207,20220218,20220218,133701000,13:37:01,4643,759,2549,35515660,0,0,0
b2207,20220218,20220218,133702500,13:37:03,4643,759,2549,35515660,0,0,0
b2207,20220218,20220218,133704500,13:37:05,4643,759,2549,35515660,0,0,0
b2207,20220218,20220218,133705000,13:37:05,4643,759,2549,35515660,0,0,0
b2207,20220218,20220218,133705500,13:37:08,4643,759,2549,35515660,0,0,0
b2207,20220218,20220218,133710000,13:37:11,4643,759,2549,35515660,0,0,0
b2207,20220218,20220218,133711500,13:37:13,4643,759,2549,35515660,0,0,0
b2207,20220218,20220218,133712000,13:37:13,4643,759,2549,35515660,0,0,0
b2207,20220218,20220218,133716000,13:37:16,4643,759,2549,35515660,0,0,0
b2207,20220218,20220218,133719500,13:37:20,4643,759,2549,35515660,0,0,0
b2207,20220218,20220218,133722000,13:37:22,4643,759,2549,35515660,0,0,0
b2207,20220218,20220218,133726500,13:37:27,4643,759,2549,35515660,0,0,0
b2207,20220218,20220218,133727000,13:37:27,4643,759,2549,35515660,0,0,0
b2207,20220218,20220218,133728500,13:37:29,4643,759,2549,35515660,0,0,0
b2207,20220218,20220218,133731000,13:37:31,4643,759,2549,35515660,0,0,0
b2207,20220218,20220218,133732500,13:37:33,4643,759,2549,35515660,0,0,0
b2207,20220218,20220218,133733500,13:37:33,4643,759,2549,35515660,0,0,0
b2207,20220218,20220218,133734000,13:37:34,4643,759,2549,35515660,0,0,0
b2207,20220218,20220218,133736000,13:37:36,4643,759,2549,35515660,0,0,0
b2207,20220218,20220218,133739000,13:37:39,4643,759,2549,35515660,0,0,0
b2207,20220218,20220218,133741000,13:37:41,4643,759,2549,35515660,0,0,0
b2207,20220218,20220218,133742500,13:37:43,4643,759,2549,35515660,0,0,0
b2207,20220218,20220218,133744000,13:37:45,4643,759,2549,35515660,0,0,0
b2207,20220218,20220218,133745000,13:37:45,4643,759,2549,35515660,0,0,0
b2207,20220218,20220218,133746000,13:37:46,4643,759,2549,35515660,0,0,0
b2207,20220218,20220218,133746500,13:37:47,4643,759,2549,35515660,0,0,0
b2207,20220218,20220218,133747000,13:37:47,4643,759,2549,35515660,0,0,0
b2207,20220218,20220218,133747500,13:37:48,4643,759,2549,35515660,0,0,0
b2207,20220218,20220218,133748000,13:37:48,4643,759,2549,35515660,0,0,0
b2207,20220218,20220218,133748500,13:37:49,4643,759,2549,35515660,0,0,0
b2207,20220218,20220218,133749000,13:37:49,4643,759,2549,35515660,0,0,0
b2207,20220218,20220218,133749500,13:37:49,4643,759,2549,35515660,0,0,0
b2207,20220218,20220218,133750000,13:37:50,4643,759,2549,35515660,0,0,0
b2207,20220218,20220218,133750500,13:37:51,4643,759,2549,35515660,0,0,0
b2207,20220218,20220218,133751000,13:37:51,4643,759,2549,35515660,0,0,0
b2207,20220218,20220218,133752000,13:37:53,4643,759,2549,35515660,0,0,0
b2207,20220218,20220218,133755500,13:37:55,4643,759,2549,35515660,0,0,0
b2207,20220218,20220218,133757500,13:37:58,4643,759,2549,35515660,0,0,0
b2207,20220218,20220218,133758000,13:37:58,4643,759,2549,35515660,0,0,0
b2207,20220218,20220218,133758500,13:37:59,4643,759,2549,35515660,0,0,0
b2207,20220218,20220218,133759000,13:38:00,4643,759,2549,35515660,0,0,0
b2207,20220218,20220218,133759500,13:38:00,4643,759,2549,35515660,0,0,0
b2207,20220218,20220218,133800000,13:38:02,4643,759,2549,35515660,0,0,0
b2207,20220218,20220218,133800500,13:38:02,4643,759,2549,35515660,0,0,0
b2207,20220218,20220218,133801000,13:38:03,4643,759,2549,35515660,0,0,0
b2207,20220218,20220218,133802000,13:38:03,4643,759,2549,35515660,0,0,0
b2207,20220218,20220218,133802500,13:38:06,4643,759,2549,35515660,0,0,0
b2207,20220218,20220218,133803000,13:38:06,4643,759,2549,35515660,0,0,0
b2207,20220218,20220218,133805000,13:38:06,4643,759,2549,35515660,0,0,0
b2207,20220218,20220218,133806000,13:38:08,4643,759,2549,35515660,0,0,0
b2207,20220218,20220218,133808000,13:38:09,4643,759,2549,35515660,0,0,0
b2207,20220218,20220218,133809500,13:38:10,4643,759,2549,35515660,0,0,0
b2207,20220218,20220218,133810000,13:38:10,4643,759,2549,35515660,0,0,0
b2207,20220218,20220218,133811000,13:38:14,4643,759,2549,35515660,0,0,0
b2207,20220218,20220218,133812000,13:38:14,4643,759,2549,35515660,0,0,0
b2207,20220218,20220218,133812500,13:38:14,4643,759,2549,35515660,0,0,0
b2207,20220218,20220218,133813500,13:38:15,4643,759,2549,35515660,0,0,0
b2207,20220218,20220218,133814500,13:38:17,4643,759,2549,35515660,0,0,0
b2207,20220218,20220218,133815000,13:38:17,4643,759,2549,35515660,0,0,0
b2207,20220218,20220218,133817000,13:38:18,4643,759,2549,35515660,0,0,0
b2207,20220218,20220218,133818500,13:38:19,4643,759,2549,35515660,0,0,0
b2207,20220218,20220218,133819000,13:38:19,4643,759,2549,35515660,0,0,0
b2207,20220218,20220218,133819500,13:38:19,4643,759,2549,35515660,0,0,0
b2207,20220218,20220218,133820000,13:38:20,4643,759,2549,35515660,0,0,0
b2207,20220218,20220218,133820500,13:38:22,4643,759,2549,35515660,0,0,0
b2207,20220218,20220218,133821000,13:38:22,4643,759,2549,35515660,0,0,0
b2207,20220218,20220218,133823000,13:38:24,4643,759,2549,35515660,0,0,0
b2207,20220218,20220218,133824500,13:38:41,4643,759,2549,35515660,0,0,0
b2207,20220218,20220218,133825000,13:38:41,4643,759,2549,35515660,0,0,0
b2207,20220218,20220218,133838500,13:38:42,4643,759,2549,35515660,0,0,0
b2207,20220218,20220218,133844500,13:38:44,4643,759,2549,35515660,0,0,0
b2207,20220218,20220218,133846000,13:38:46,4643,759,2549,35515660,0,0,0
b2207,20220218,20220218,133847000,13:38:47,4643,759,2549,35515660,0,0,0
b2207,20220218,20220218,133847500,13:38:47,4643,759,2549,35515660,0,0,0
b2207,20220218,20220218,133850000,13:38:50,4643,759,2549,35515660,0,0,0
b2207,20220218,20220218,133851000,13:38:51,4643,759,2549,35515660,0,0,0
b2207,20220218,20220218,133853000,13:38:53,4643,759,2549,35515660,0,0,0
b2207,20220218,20220218,133857000,13:38:57,4643,759,2549,35515660,0,0,0
b2207,20220218,20220218,133859500,13:38:59,4643,759,2549,35515660,0,0,0
b2207,20220218,20220218,133901000,13:39:01,4643,759,2549,35515660,0,0,0
b2207,20220218,20220218,133901500,13:39:01,4643,759,2549,35515660,0,0,0
b2207,20220218,20220218,133902000,13:39:02,4643,759,2549,35515660,0,0,0
b2207,20220218,20220218,133906000,13:39:06,4643,759,2549,35515660,0,0,0
b2207,20220218,20220218,133913500,13:39:13,4643,759,2549,35515660,0,0,0
b2207,20220218,20220218,133914000,13:39:15,4643,759,2549,35515660,0,0,0
b2207,20220218,20220218,133914500,13:39:16,4643,759,2549,35515660,0,0,0
b2207,20220218,20220218,133915000,13:39:19,4643,759,2549,35515660,0,0,0
b2207,20220218,20220218,133918000,13:39:19,4643,759,2549,35515660,0,0,0
b2207,20220218,20220218,133920500,13:39:20,4643,759,2549,35515660,0,0,0
b2207,20220218,20220218,133922500,13:39:23,4643,759,2549,35515660,0,0,0
b2207,20220218,20220218,133923500,13:39:23,4643,759,2549,35515660,0,0,0
b2207,20220218,20220218,133925500,13:39:26,4643,759,2549,35515660,0,0,0
b2207,20220218,20220218,133927500,13:39:27,4643,759,2549,35515660,0,0,0
b2207,20220218,20220218,133929000,13:39:29,4643,759,2549,35515660,0,0,0
b2207,20220218,20220218,133930500,13:39:30,4643,759,2549,35515660,0,0,0
b2207,20220218,20220218,133935500,13:39:35,4643,759,2549,35515660,0,0,0
b2207,20220218,20220218,133945500,13:39:46,4643,759,2549,35515660,0,0,0
b2207,20220218,20220218,133946000,13:39:47,4643,759,2549,35515660,0,0,0
b2207,20220218,20220218,133948500,13:39:48,4643,759,2549,35515660,0,0,0
b2207,20220218,20220218,133951000,13:39:51,4643,759,2549,35515660,0,0,0
b2207,20220218,20220218,133955500,13:39:56,4643,759,2549,35515660,0,0,0
b2207,20220218,20220218,133956000,13:39:56,4643,759,2549,35515660,0,0,0
b2207,20220218,20220218,134011000,13:40:13,4643,759,2549,35515660,0,0,0
b2207,20220218,20220218,134015000,13:40:16,4643,759,2549,35515660,0,0,0
b2207,20220218,20220218,134015500,13:40:16,4643,759,2549,35515660,0,0,0
b2207,20220218,20220218,134016000,13:40:16,4643,759,2549,35515660,0,0,0
b2207,20220218,20220218,134016500,13:40:17,4643,759,2549,35515660,0,0,0
b2207,20220218,20220218,134017000,13:40:17,4643,759,2549,35515660,0,0,0
b2207,20220218,20220218,134017500,13:40:18,4643,759,2549,35515660,0,0,0
b2207,20220218,20220218,134018000,13:40:19,4643,759,2549,35515660,0,0,0
b2207,20220218,20220218,134018500,13:40:19,4643,759,2549,35515660,0,0,0
b2207,20220218,20220218,134019000,13:40:19,4643,759,2549,35515660,0,0,0
b2207,20220218,20220218,134020000,13:40:20,4643,759,2549,35515660,0,0,0
b2207,20220218,20220218,134021500,13:40:22,4643,759,2549,35515660,0,0,0
b2207,20220218,20220218,134022000,13:40:22,4643,759,2549,35515660,0,0,0
b2207,20220218,20220218,134022500,13:40:23,4643,759,2549,35515660,0,0,0
b2207,20220218,20220218,134024500,13:40:25,4643,759,2549,35515660,0,0,0
b2207,20220218,20220218,134025000,13:40:25,4643,759,2549,35515660,0,0,0
b2207,20220218,20220218,134026500,13:40:27,4643,759,2549,35515660,0,0,0
b2207,20220218,20220218,134027500,13:40:28,4643,759,2549,35515660,0,0,0
b2207,20220218,20220218,134028000,13:40:28,4643,759,2549,35515660,0,0,0
b2207,20220218,20220218,134029500,13:40:30,4643,759,2549,35515660,0,0,0
b2207,20220218,20220218,134036000,13:40:36,4643,759,2549,35515660,0,0,0
b2207,20220218,20220218,134039500,13:40:40,4643,759,2549,35515660,0,0,0
b2207,20220218,20220218,134042500,13:40:43,4643,759,2549,35515660,0,0,0
b2207,20220218,20220218,134050500,13:40:50,4643,759,2549,35515660,0,0,0
b2207,20220218,20220218,134051000,13:40:55,4643,759,2549,35515660,0,0,0
b2207,20220218,20220218,134051500,13:40:55,4643,759,2549,35515660,0,0,0
b2207,20220218,20220218,134052000,13:40:55,4643,759,2549,35515660,0,0,0
b2207,20220218,20220218,134055500,13:40:57,4643,759,2549,35515660,0,0,0
b2207,20220218,20220218,134056000,13:40:58,4643,759,2549,35515660,0,0,0
b2207,20220218,20220218,134058500,13:40:59,4643,759,2549,35515660,0,0,0
b2207,20220218,20220218,134059000,13:40:59,4643,759,2549,35515660,0,0,0
b2207,20220218,20220218,134059500,13:41:00,4643,759,2549,35515660,0,0,0
b2207,20220218,20220218,134102000,13:41:02,4643,759,2549,35515660,0,0,0
b2207,20220218,20220218,134102500,13:41:03,4643,759,2549,35515660,0,0,0
b2207,20220218,20220218,134109500,13:41:10,4643,759,2549,35515660,0,0,0
b2207,20220218,20220218,134110000,13:41:10,4643,759,2549,35515660,0,0,0
b2207,20220218,20220218,134110500,13:41:10,4643,759,2549,35515660,0,0,0
b2207,20220218,20220218,134111000,13:41:11,4643,759,2549,35515660,0,0,0
b2207,20220218,20220218,134111500,13:41:12,4643,759,2549,35515660,0,0,0
b2207,20220218,20220218,134112000,13:41:12,4643,759,2549,35515660,0,0,0
b2207,20220218,20220218,134112500,13:41:12,4643,759,2549,35515660,0,0,0
b2207,20220218,20220218,134113000,13:41:13,4643,759,2549,35515660,0,0,0
b2207,20220218,20220218,134113500,13:41:13,4643,759,2549,35515660,0,0,0
b2207,20220218,20220218,134114000,13:41:15,4643,759,2549,35515660,0,0,0
b2207,20220218,20220218,134114500,13:41:16,4643,759,2549,35515660,0,0,0
b2207,20220218,20220218,134115000,13:41:16,4643,759,2549,35515660,0,0,0
b2207,20220218,20220218,134115500,13:41:16,4643,759,2549,35515660,0,0,0
b2207,20220218,20220218,134116000,13:41:17,4643,759,2549,35515660,0,0,0
b2207,20220218,20220218,134116500,13:41:17,4643,759,2549,35515660,0,0,0
b2207,20220218,20220218,134117000,13:41:17,4643,759,2549,35515660,0,0,0
b2207,20220218,20220218,134117500,13:41:19,4643,759,2549,35515660,0,0,0
b2207,20220218,20220218,134118000,13:41:19,4643,759,2549,35515660,0,0,0
b2207,20220218,20220218,134118500,13:41:19,4643,759,2549,35515660,0,0,0
b2207,20220218,20220218,134119000,13:41:19,4643,759,2549,35515660,0,0,0
b2207,20220218,20220218,134119500,13:41:20,4643,759,2549,35515660,0,0,0
b2207,20220218,20220218,134120000,13:41:22,4643,759,2549,35515660,0,0,0
b2207,20220218,20220218,134120500,13:41:23,4643,759,2549,35515660,0,0,0
b2207,20220218,20220218,134121000,13:41:23,4643,759,2549,35515660,0,0,0
b2207,20220218,20220218,134121500,13:41:24,4643,759,2549,35515660,0,0,0
b2207,20220218,20220218,134123000,13:41:24,4643,759,2549,35515660,0,0,0
b2207,20220218,20220218,134124000,13:41:24,4643,759,2549,35515660,0,0,0
b2207,20220218,20220218,134124500,13:41:26,4643,759,2549,35515660,0,0,0
b2207,20220218,20220218,134125000,13:41:27,4643,759,2549,35515660,0,0,0
b2207,20220218,20220218,134125500,13:41:27,4643,759,2549,35515660,0,0,0
b2207,20220218,20220218,134126000,13:41:27,4643,759,2549,35515660,0,0,0
b2207,20220218,20220218,134126500,13:41:27,4643,759,2549,35515660,0,0,0
b2207,20220218,20220218,134127000,13:41:27,4643,759,2549,35515660,0,0,0
b2207,20220218,20220218,134127500,13:41:27,4643,759,2549,35515660,0,0,0
b2207,20220218,20220218,134128000,13:41:28,4643,759,2549,35515660,0,0,0
b2207,20220218,20220218,134128500,13:41:28,4643,759,2549,35515660,0,0,0
b2207,20220218,20220218,134129000,13:41:29,4643,759,2549,35515660,0,0,0
b2207,20220218,20220218,134129500,13:41:30,4643,759,2549,35515660,0,0,0
b2207,20220218,20220218,134130000,13:41:30,4643,759,2549,35515660,0,0,0
b2207,20220218,20220218,134130500,13:41:31,4643,759,2549,35515660,0,0,0
b2207,20220218,20220218,134131000,13:41:31,4643,759,2549,35515660,0,0,0
b2207,20220218,20220218,134134500,13:41:34,4643,759,2549,35515660,0,0,0
b2207,20220218,20220218,134136500,13:41:39,4643,759,2549,35515660,0,0,0
b2207,20220218,20220218,134137000,13:41:42,4643,759,2549,35515660,0,0,0
b2207,20220218,20220218,134140500,13:41:42,4643,759,2549,35515660,0,0,0
b2207,20220218,20220218,134142000,13:41:42,4643,759,2549,35515660,0,0,0
b2207,20220218,20220218,134142500,13:41:42,4643,759,2549,35515660,0,0,0
b2207,20220218,20220218,134143000,13:41:44,4643,759,2549,35515660,0,0,0
b2207,20220218,20220218,134143500,13:41:44,4643,759,2549,35515660,0,0,0
b2207,20220218,20220218,134144000,13:41:44,4643,759,2549,35515660,0,0,0
b2207,20220218,20220218,134144500,13:41:44,4643,759,2549,35515660,0,0,0
b2207,20220218,20220218,134145000,13:41:45,4643,759,2549,35515660,0,0,0
b2207,20220218,20220218,134146500,13:41:47,4643,759,2549,35515660,0,0,0
b2207,20220218,20220218,134147000,13:41:47,4643,759,2549,35515660,0,0,0
b2207,20220218,20220218,134147500,13:41:48,4643,759,2549,35515660,0,0,0
b2207,20220218,20220218,134148000,13:41:48,4643,759,2549,35515660,0,0,0
b2207,20220218,20220218,134150500,13:41:51,4643,759,2549,35515660,0,0,0
b2207,20220218,20220218,134151000,13:41:51,4643,759,2549,35515660,0,0,0
b2207,20220218,20220218,134151500,13:41:52,4643,759,2549,35515660,0,0,0
b2207,20220218,20220218,134152500,13:41:53,4643,759,2549,35515660,0,0,0
b2207,20220218,20220218,134153000,13:41:54,4643,759,2549,35515660,0,0,0
b2207,20220218,20220218,134153500,13:42:01,4643,759,2549,35515660,0,0,0
b2207,20220218,20220218,134154000,13:42:02,4643,759,2549,35515660,0,0,0
b2207,20220218,20220218,134202000,13:42:10,4643,759,2549,35515660,0,0,0
b2207,20220218,20220218,134202500,13:42:11,4643,759,2549,35515660,0,0,0
b2207,20220218,20220218,134208500,13:42:12,4643,759,2549,35515660,0,0,0
b2207,20220218,20220218,134211000,13:42:12,4643,759,2549,35515660,0,0,0
b2207,20220218,20220218,134212500,13:42:13,4643,759,2549,35515660,0,0,0
b2207,20220218,20220218,134215000,13:42:15,4643,759,2549,35515660,0,0,0
b2207,20220218,20220218,134215500,13:42:16,4643,759,2549,35515660,0,0,0
b2207,20220218,20220218,134216000,13:42:16,4643,759,2549,35515660,0,0,0
b2207,20220218,20220218,134216500,13:42:17,4643,759,2549,35515660,0,0,0
b2207,20220218,20220218,134217000,13:42:19,4643,759,2549,35515660,0,0,0
b2207,20220218,20220218,134219500,13:42:20,4643,759,2549,35515660,0,0,0
b2207,20220218,20220218,134220000,13:42:21,4643,759,2549,35515660,0,0,0
b2207,20220218,20220218,134220500,13:42:21,4643,759,2549,35515660,0,0,0
b2207,20220218,20220218,134222500,13:42:22,4643,759,2549,35515660,0,0,0
b2207,20220218,20220218,134223000,13:42:24,4643,759,2549,35515660,0,0,0
b2207,20220218,20220218,134223500,13:42:24,4643,759,2549,35515660,0,0,0
b2207,20220218,20220218,134224500,13:42:25,4643,759,2549,35515660,0,0,0
b2207,20220218,20220218,134225000,13:42:25,4643,759,2549,35515660,0,0,0
b2207,20220218,20220218,134225500,13:42:26,4643,759,2549,35515660,0,0,0
b2207,20220218,20220218,134226000,13:42:27,4643,759,2549,35515660,0,0,0
b2207,20220218,20220218,134226500,13:42:28,4643,759,2549,35515660,0,0,0
b2207,20220218,20220218,134227500,13:42:29,4643,759,2549,35515660,0,0,0
b2207,20220218,20220218,134228000,13:42:29,4643,759,2549,35515660,0,0,0
b2207,20220218,20220218,134229000,13:42:29,4643,759,2549,35515660,0,0,0
b2207,20220218,20220218,134235500,13:42:35,4643,759,2549,35515660,0,0,0
b2207,20220218,20220218,134244000,13:42:44,4643,759,2549,35515660,0,0,0
b2207,20220218,20220218,134256500,13:42:57,4643,759,2549,35515660,0,0,0
b2207,20220218,20220218,134257000,13:42:59,4643,759,2549,35515660,0,0,0
b2207,20220218,20220218,134259000,13:42:59,4643,759,2549,35515660,0,0,0
b2207,20220218,20220218,134259500,13:43:01,4643,759,2549,35515660,0,0,0
b2207,20220218,20220218,134304500,13:43:11,4643,759,2549,35515660,0,0,0
b2207,20220218,20220218,134305000,13:43:12,4643,759,2549,35515660,0,0,0
b2207,20220218,20220218,134309500,13:43:12,4643,759,2549,35515660,0,0,0
b2207,20220218,20220218,134314000,13:43:14,4643,759,2549,35515660,0,0,0
b2207,20220218,20220218,134315500,13:43:15,4643,759,2549,35515660,0,0,0
b2207,20220218,20220218,134317000,13:43:17,4643,759,2549,35515660,0,0,0
b2207,20220218,20220218,134318500,13:43:18,4643,759,2549,35515660,0,0,0
b2207,20220218,20220218,134319000,13:43:19,4643,759,2549,35515660,0,0,0
b2207,20220218,20220218,134319500,13:43:20,4643,759,2549,35515660,0,0,0
b2207,20220218,20220218,134321500,13:43:21,4643,759,2549,35515660,0,0,0
b2207,20220218,20220218,134322000,13:43:22,4643,759,2549,35515660,0,0,0
b2207,20220218,20220218,134322500,13:43:23,4643,759,2549,35515660,0,0,0
b2207,20220218,20220218,134323000,13:43:23,4643,759,2549,35515660,0,0,0
b2207,20220218,20220218,134323500,13:43:24,4643,759,2549,35515660,0,0,0
b2207,20220218,20220218,134324000,13:43:24,4643,759,2549,35515660,0,0,0
b2207,20220218,20220218,134325500,13:43:26,4643,759,2549,35515660,0,0,0
b2207,20220218,20220218,134326000,13:43:26,4643,759,2549,35515660,0,0,0
b2207,20220218,20220218,134327000,13:43:27,4643,759,2549,35515660,0,0,0
b2207,20220218,20220218,134327500,13:43:28,4643,759,2549,35515660,0,0,0
b2207,20220218,20220218,134328000,13:43:29,4643,759,2549,35515660,0,0,0
b2207,20220218,20220218,134329500,13:43:30,4643,759,2549,35515660,0,0,0
b2207,20220218,20220218,134330500,13:43:30,4643,759,2549,35515660,0,0,0
b2207,20220218,20220218,134333500,13:43:34,4643,759,2549,35515660,0,0,0
b2207,20220218,20220218,134334000,13:43:34,4643,759,2549,35515660,0,0,0
b2207,20220218,20220218,134354500,13:44:04,4643,759,2549,35515660,0,0,0
b2207,20220218,20220218,134404500,13:44:05,4643,759,2549,35515660,0,0,0
b2207,20220218,20220218,134405000,13:44:05,4643,759,2549,35515660,0,0,0
b2207,20220218,20220218,134405500,13:44:06,4643,759,2549,35515660,0,0,0
b2207,20220218,20220218,134406000,13:44:06,4651,768,2548,35934040,9,-1,418380
b2207,20220218,20220218,134406500,13:44:07,4651,768,2548,35934040,0,0,0
b2207,20220218,20220218,134407000,13:44:07,4651,768,2548,35934040,0,0,0
b2207,20220218,20220218,134407500,13:44:08,4651,768,2548,35934040,0,0,0
b2207,20220218,20220218,134408000,13:44:08,4651,768,2548,35934040,0,0,0
b2207,20220218,20220218,134408500,13:44:09,4651,768,2548,35934040,0,0,0
b2207,20220218,20220218,134409000,13:44:17,4651,768,2548,35934040,0,0,0
b2207,20220218,20220218,134409500,13:44:17,4651,768,2548,35934040,0,0,0
b2207,20220218,20220218,134410000,13:44:17,4651,768,2548,35934040,0,0,0
b2207,20220218,20220218,134410500,13:44:17,4651,768,2548,35934040,0,0,0
b2207,20220218,20220218,134416500,13:44:17,4651,768,2548,35934040,0,0,0
b2207,20220218,20220218,134417500,13:44:18,4651,768,2548,35934040,0,0,0
b2207,20220218,20220218,134418000,13:44:18,4651,768,2548,35934040,0,0,0
b2207,20220218,20220218,134418500,13:44:19,4651,768,2548,35934040,0,0,0
b2207,20220218,20220218,134419000,13:44:23,4651,768,2548,35934040,0,0,0
b2207,20220218,20220218,134419500,13:44:23,4651,768,2548,35934040,0,0,0
b2207,20220218,20220218,134420000,13:44:23,4651,768,2548,35934040,0,0,0
b2207,20220218,20220218,134420500,13:44:23,4651,768,2548,35934040,0,0,0
b2207,20220218,20220218,134423000,13:44:23,4651,768,2548,35934040,0,0,0
b2207,20220218,20220218,134423500,13:44:24,4651,768,2548,35934040,0,0,0
b2207,20220218,20220218,134424000,13:44:24,4651,768,2548,35934040,0,0,0
b2207,20220218,20220218,134425500,13:44:25,4651,768,2548,35934040,0,0,0
b2207,20220218,20220218,134426000,13:44:26,4651,768,2548,35934040,0,0,0
b2207,20220218,20220218,134426500,13:44:26,4651,768,2548,35934040,0,0,0
b2207,20220218,20220218,134429500,13:44:37,4651,768,2548,35934040,0,0,0
b2207,20220218,20220218,134430000,13:44:37,4651,768,2548,35934040,0,0,0
b2207,20220218,20220218,134433000,13:44:37,4651,768,2548,35934040,0,0,0
b2207,20220218,20220218,134438000,13:44:38,4651,768,2548,35934040,0,0,0
b2207,20220218,20220218,134438500,13:44:39,4651,768,2548,35934040,0,0,0
b2207,20220218,20220218,134448500,13:44:48,4651,768,2548,35934040,0,0,0
b2207,20220218,20220218,134450500,13:44:50,4651,768,2548,35934040,0,0,0
b2207,20220218,20220218,134451000,13:44:51,4651,768,2548,35934040,0,0,0
b2207,20220218,20220218,134453000,13:44:54,4651,768,2548,35934040,0,0,0
b2207,20220218,20220218,134453500,13:44:54,4651,768,2548,35934040,0,0,0
b2207,20220218,20220218,134456500,13:44:56,4651,768,2548,35934040,0,0,0
b2207,20220218,20220218,134458500,13:44:59,4651,768,2548,35934040,0,0,0
b2207,20220218,20220218,134501000,13:45:01,4651,768,2548,35934040,0,0,0
b2207,20220218,20220218,134503000,13:45:04,4651,768,2548,35934040,0,0,0
b2207,20220218,20220218,134504000,13:45:08,4651,768,2548,35934040,0,0,0
b2207,20220218,20220218,134504500,13:45:09,4651,768,2548,35934040,0,0,0
b2207,20220218,20220218,134508000,13:45:09,4651,768,2548,35934040,0,0,0
b2207,20220218,20220218,134509000,13:45:10,4651,768,2548,35934040,0,0,0
b2207,20220218,20220218,134509500,13:45:10,4651,768,2548,35934040,0,0,0
b2207,20220218,20220218,134510000,13:45:10,4651,768,2548,35934040,0,0,0
b2207,20220218,20220218,134511000,13:45:11,4651,768,2548,35934040,0,0,0
b2207,20220218,20220218,134512000,13:45:13,4651,768,2548,35934040,0,0,0
b2207,20220218,20220218,134516500,13:45:17,4651,768,2548,35934040,0,0,0
b2207,20220218,20220218,134517000,13:45:20,4651,768,2548,35934040,0,0,0
b2207,20220218,20220218,134519500,13:45:23,4651,768,2548,35934040,0,0,0
b2207,20220218,20220218,134552000,13:45:54,4651,768,2548,35934040,0,0,0
b2207,20220218,20220218,134609500,13:46:10,4651,768,2548,35934040,0,0,0
b2207,20220218,20220218,134615000,13:46:16,4651,768,2548,35934040,0,0,0
b2207,20220218,20220218,134615500,13:46:17,4651,768,2548,35934040,0,0,0
b2207,20220218,20220218,134616000,13:46:18,4651,768,2548,35934040,0,0,0
b2207,20220218,20220218,134619000,13:46:19,4651,768,2548,35934040,0,0,0
b2207,20220218,20220218,134621500,13:46:21,4651,768,2548,35934040,0,0,0
b2207,20220218,20220218,134622000,13:46:30,4651,768,2548,35934040,0,0,0
b2207,20220218,20220218,134630000,13:46:31,4651,768,2548,35934040,0,0,0
b2207,20220218,20220218,134630500,13:46:31,4651,768,2548,35934040,0,0,0
b2207,20220218,20220218,134634500,13:46:35,4651,768,2548,35934040,0,0,0
b2207,20220218,20220218,134635000,13:46:35,4651,768,2548,35934040,0,0,0
b2207,20220218,20220218,134635500,13:46:36,4651,768,2548,35934040,0,0,0
b2207,20220218,20220218,134641000,13:46:43,4651,768,2548,35934040,0,0,0
b2207,20220218,20220218,134643500,13:46:45,4651,768,2548,35934040,0,0,0
b2207,20220218,20220218,134651500,13:46:51,4651,768,2548,35934040,0,0,0
b2207,20220218,20220218,134653000,13:46:54,4651,768,2548,35934040,0,0,0
b2207,20220218,20220218,134656500,13:46:56,4651,768,2548,35934040,0,0,0
b2207,20220218,20220218,134707500,13:47:11,4651,768,2548,35934040,0,0,0
b2207,20220218,20220218,134712000,13:47:17,4651,768,2548,35934040,0,0,0
b2207,20220218,20220218,134720000,13:47:20,4651,768,2548,35934040,0,0,0
b2207,20220218,20220218,134728000,13:47:28,4651,768,2548,35934040,0,0,0
b2207,20220218,20220218,134728500,13:47:28,4651,768,2548,35934040,0,0,0
b2207,20220218,20220218,134731000,13:47:31,4651,768,2548,35934040,0,0,0
b2207,20220218,20220218,134731500,13:47:31,4651,768,2548,35934040,0,0,0
b2207,20220218,20220218,134732500,13:47:34,4651,768,2548,35934040,0,0,0
b2207,20220218,20220218,134733500,13:47:34,4651,768,2548,35934040,0,0,0
b2207,20220218,20220218,134734000,13:47:36,4651,768,2548,35934040,0,0,0
b2207,20220218,20220218,134739500,13:47:40,4651,768,2548,35934040,0,0,0
b2207,20220218,20220218,134740000,13:47:40,4651,768,2548,35934040,0,0,0
b2207,20220218,20220218,134744000,13:47:45,4651,768,2548,35934040,0,0,0
b2207,20220218,20220218,134745000,13:47:45,4651,768,2548,35934040,0,0,0
b2207,20220218,20220218,134745500,13:47:46,4651,768,2548,35934040,0,0,0
b2207,20220218,20220218,134746000,13:47:47,4651,768,2548,35934040,0,0,0
b2207,20220218,20220218,134747500,13:47:47,4651,768,2548,35934040,0,0,0
b2207,20220218,20220218,134748500,13:47:48,4651,768,2548,35934040,0,0,0
b2207,20220218,20220218,134749000,13:47:50,4651,768,2548,35934040,0,0,0
b2207,20220218,20220218,134754000,13:47:54,4651,768,2548,35934040,0,0,0
b2207,20220218,20220218,134756000,13:47:56,4651,768,2548,35934040,0,0,0
b2207,20220218,20220218,134758500,13:47:58,4651,768,2548,35934040,0,0,0
b2207,20220218,20220218,134800000,13:48:00,4651,768,2548,35934040,0,0,0
b2207,20220218,20220218,134805500,13:48:05,4651,768,2548,35934040,0,0,0
b2207,20220218,20220218,134808500,13:48:09,4651,768,2548,35934040,0,0,0
b2207,20220218,20220218,134810000,13:48:10,4651,768,2548,35934040,0,0,0
b2207,20220218,20220218,134811000,13:48:11,4651,768,2548,35934040,0,0,0
b2207,20220218,20220218,134817000,13:48:18,4651,768,2548,35934040,0,0,0
b2207,20220218,20220218,134818000,13:48:19,4651,768,2548,35934040,0,0,0
b2207,20220218,20220218,134818500,13:48:20,4651,768,2548,35934040,0,0,0
b2207,20220218,20220218,134820000,13:48:22,4651,768,2548,35934040,0,0,0
b2207,20220218,20220218,134820500,13:48:22,4651,768,2548,35934040,0,0,0
b2207,20220218,20220218,134824000,13:48:24,4651,768,2548,35934040,0,0,0
b2207,20220218,20220218,134825500,13:48:27,4651,768,2548,35934040,0,0,0
b2207,20220218,20220218,134826000,13:48:27,4651,768,2548,35934040,0,0,0
b2207,20220218,20220218,134826500,13:48:27,4651,768,2548,35934040,0,0,0
b2207,20220218,20220218,134827500,13:48:28,4651,768,2548,35934040,0,0,0
b2207,20220218,20220218,134828000,13:48:28,4651,768,2548,35934040,0,0,0
b2207,20220218,20220218,134828500,13:48:29,4651,768,2548,35934040,0,0,0
b2207,20220218,20220218,134831000,13:48:32,4651,768,2548,35934040,0,0,0
b2207,20220218,20220218,134833000,13:48:33,4651,768,2548,35934040,0,0,0
b2207,20220218,20220218,134835500,13:48:37,4651,768,2548,35934040,0,0,0
b2207,20220218,20220218,134836000,13:48:37,4651,768,2548,35934040,0,0,0
b2207,20220218,20220218,134836500,13:48:37,4651,768,2548,35934040,0,0,0
b2207,20220218,20220218,134839500,13:48:39,4651,768,2548,35934040,0,0,0
b2207,20220218,20220218,134840000,13:48:40,4651,768,2548,35934040,0,0,0
b2207,20220218,20220218,134843500,13:48:43,4651,768,2548,35934040,0,0,0
b2207,20220218,20220218,134844000,13:48:44,4651,768,2548,35934040,0,0,0
b2207,20220218,20220218,134845500,13:48:45,4651,768,2548,35934040,0,0,0
b2207,20220218,20220218,134857500,13:48:57,4651,768,2548,35934040,0,0,0
b2207,20220218,20220218,134858000,13:48:59,4651,768,2548,35934040,0,0,0
b2207,20220218,20220218,134919500,13:49:20,4651,768,2548,35934040,0,0,0
b2207,20220218,20220218,134920000,13:49:20,4651,768,2548,35934040,0,0,0
b2207,20220218,20220218,134922500,13:49:23,4651,768,2548,35934040,0,0,0
b2207,20220218,20220218,134923000,13:49:24,4651,768,2548,35934040,0,0,0
b2207,20220218,20220218,134923500,13:49:24,4651,768,2548,35934040,0,0,0
b2207,20220218,20220218,134924000,13:49:24,4651,768,2548,35934040,0,0,0
b2207,20220218,20220218,134924500,13:49:25,4651,768,2548,35934040,0,0,0
b2207,20220218,20220218,134925000,13:49:25,4651,768,2548,35934040,0,0,0
b2207,20220218,20220218,134928500,13:49:29,4651,768,2548,35934040,0,0,0
b2207,20220218,20220218,134929500,13:49:30,4651,768,2548,35934040,0,0,0
b2207,20220218,20220218,134930000,13:49:31,4651,768,2548,35934040,0,0,0
b2207,20220218,20220218,134934000,13:49:34,4651,768,2548,35934040,0,0,0
b2207,20220218,20220218,134935000,13:49:35,4651,768,2548,35934040,0,0,0
b2207,20220218,20220218,134935500,13:49:36,4651,768,2548,35934040,0,0,0
b2207,20220218,20220218,134936000,13:49:36,4651,768,2548,35934040,0,0,0
b2207,20220218,20220218,134936500,13:49:36,4651,768,2548,35934040,0,0,0
b2207,20220218,20220218,134937000,13:49:37,4651,768,2548,35934040,0,0,0
b2207,20220218,20220218,134938500,13:49:38,4651,768,2548,35934040,0,0,0
b2207,20220218,20220218,134939000,13:49:39,4651,768,2548,35934040,0,0,0
b2207,20220218,20220218,134940500,13:49:40,4651,768,2548,35934040,0,0,0
b2207,20220218,20220218,134942500,13:49:43,4651,768,2548,35934040,0,0,0
b2207,20220218,20220218,134943000,13:49:43,4651,768,2548,35934040,0,0,0
b2207,20220218,20220218,134943500,13:49:44,4651,768,2548,35934040,0,0,0
b2207,20220218,20220218,134944000,13:49:44,4651,768,2548,35934040,0,0,0
b2207,20220218,20220218,134945500,13:49:46,4651,768,2548,35934040,0,0,0
b2207,20220218,20220218,134946000,13:49:46,4651,768,2548,35934040,0,0,0
b2207,20220218,20220218,134946500,13:49:46,4651,768,2548,35934040,0,0,0
b2207,20220218,20220218,134948500,13:49:48,4651,768,2548,35934040,0,0,0
b2207,20220218,20220218,134949000,13:49:49,4651,768,2548,35934040,0,0,0
b2207,20220218,20220218,134949500,13:49:50,4651,768,2548,35934040,0,0,0
b2207,20220218,20220218,134950000,13:49:50,4651,768,2548,35934040,0,0,0
b2207,20220218,20220218,134950500,13:49:50,4651,768,2548,35934040,0,0,0
b2207,20220218,20220218,134952000,13:49:52,4651,768,2548,35934040,0,0,0
b2207,20220218,20220218,134953000,13:49:54,4651,768,2548,35934040,0,0,0
b2207,20220218,20220218,134953500,13:49:55,4651,768,2548,35934040,0,0,0
b2207,20220218,20220218,134954500,13:49:55,4651,768,2548,35934040,0,0,0
b2207,20220218,20220218,134955000,13:49:55,4651,768,2548,35934040,0,0,0
b2207,20220218,20220218,134955500,13:49:56,4643,778,2547,36398510,10,-1,464470
b2207,20220218,20220218,134956000,13:49:56,4643,778,2547,36398510,0,0,0
b2207,20220218,20220218,134956500,13:49:57,4641,779,2547,36444920,1,0,46410
b2207,20220218,20220218,134957000,13:49:57,4641,780,2548,36491330,1,1,46410
b2207,20220218,20220218,134957500,13:49:57,4641,780,2548,36491330,0,0,0
b2207,20220218,20220218,134958000,13:49:58,4643,781,2548,36537760,1,0,46430
b2207,20220218,20220218,134958500,13:49:59,4643,781,2548,36537760,0,0,0
b2207,20220218,20220218,134959500,13:49:59,4643,781,2548,36537760,0,0,0
b2207,20220218,20220218,135000000,13:50:00,4643,781,2548,36537760,0,0,0
b2207,20220218,20220218,135000500,13:50:00,4643,781,2548,36537760,0,0,0
b2207,20220218,20220218,135001000,13:50:01,4643,781,2548,36537760,0,0,0
b2207,20220218,20220218,135002000,13:50:02,4643,781,2548,36537760,0,0,0
b2207,20220218,20220218,135003000,13:50:03,4643,781,2548,36537760,0,0,0
b2207,20220218,20220218,135003500,13:50:04,4643,781,2548,36537760,0,0,0
b2207,20220218,20220218,135004000,13:50:04,4643,781,2548,36537760,0,0,0
b2207,20220218,20220218,135005000,13:50:05,4643,781,2548,36537760,0,0,0
b2207,20220218,20220218,135006000,13:50:06,4643,781,2548,36537760,0,0,0
b2207,20220218,20220218,135006500,13:50:07,4643,781,2548,36537760,0,0,0
b2207,20220218,20220218,135007000,13:50:07,4643,781,2548,36537760,0,0,0
b2207,20220218,20220218,135007500,13:50:09,4643,781,2548,36537760,0,0,0
b2207,20220218,20220218,135008000,13:50:17,4643,781,2548,36537760,0,0,0
b2207,20220218,20220218,135009000,13:50:26,4643,781,2548,36537760,0,0,0
b2207,20220218,20220218,135009500,13:50:26,4643,781,2548,36537760,0,0,0
b2207,20220218,20220218,135023000,13:50:27,4643,781,2548,36537760,0,0,0
b2207,20220218,20220218,135042500,13:50:43,4643,781,2548,36537760,0,0,0
b2207,20220218,20220218,135043000,13:50:43,4643,781,2548,36537760,0,0,0
b2207,20220218,20220218,135048000,13:50:48,4643,781,2548,36537760,0,0,0
b2207,20220218,20220218,135049000,13:50:49,4643,781,2548,36537760,0,0,0
b2207,20220218,20220218,135051500,13:50:52,4643,781,2548,36537760,0,0,0
b2207,20220218,20220218,135057000,13:50:57,4643,781,2548,36537760,0,0,0
b2207,20220218,20220218,135118500,13:51:21,4643,781,2548,36537760,0,0,0
b2207,20220218,20220218,135123500,13:51:23,4643,781,2548,36537760,0,0,0
b2207,20220218,20220218,135124000,13:51:24,4643,781,2548,36537760,0,0,0
b2207,20220218,20220218,135124500,13:51:24,4643,781,2548,36537760,0,0,0
b2207,20220218,20220218,135125000,13:51:25,4643,781,2548,36537760,0,0,0
b2207,20220218,20220218,135125500,13:51:27,4643,781,2548,36537760,0,0,0
b2207,20220218,20220218,135126000,13:51:27,4643,781,2548,36537760,0,0,0
b2207,20220218,20220218,135126500,13:51:27,4643,781,2548,36537760,0,0,0
b2207,20220218,20220218,135127000,13:51:27,4643,781,2548,36537760,0,0,0
b2207,20220218,20220218,135127500,13:51:27,4643,781,2548,36537760,0,0,0
b2207,20220218,20220218,135128000,13:51:28,4643,781,2548,36537760,0,0,0
b2207,20220218,20220218,135128500,13:51:29,4643,781,2548,36537760,0,0,0
b2207,20220218,20220218,135129000,13:51:29,4643,781,2548,36537760,0,0,0
b2207,20220218,20220218,135129500,13:51:30,4643,781,2548,36537760,0,0,0
b2207,20220218,20220218,135130000,13:51:30,4643,781,2548,36537760,0,0,0
b2207,20220218,20220218,135130500,13:51:31,4643,781,2548,36537760,0,0,0
b2207,20220218,20220218,135131500,13:51:31,4643,781,2548,36537760,0,0,0
b2207,20220218,20220218,135132000,13:51:32,4643,781,2548,36537760,0,0,0
b2207,20220218,20220218,135132500,13:51:33,4643,781,2548,36537760,0,0,0
b2207,20220218,20220218,135134000,13:51:34,4643,781,2548,36537760,0,0,0
b2207,20220218,20220218,135136000,13:51:36,4643,781,2548,36537760,0,0,0
b2207,20220218,20220218,135138000,13:51:38,4643,781,2548,36537760,0,0,0
b2207,20220218,20220218,135142000,13:51:42,4643,781,2548,36537760,0,0,0
b2207,20220218,20220218,135144500,13:51:44,4643,781,2548,36537760,0,0,0
b2207,20220218,20220218,135146000,13:51:46,4643,781,2548,36537760,0,0,0
b2207,20220218,20220218,135147500,13:51:48,4643,781,2548,36537760,0,0,0
b2207,20220218,20220218,135149500,13:51:50,4643,781,2548,36537760,0,0,0
b2207,20220218,20220218,135150500,13:51:50,4643,781,2548,36537760,0,0,0
b2207,20220218,20220218,135152000,13:51:52,4643,781,2548,36537760,0,0,0
b2207,20220218,20220218,135153500,13:51:53,4643,781,2548,36537760,0,0,0
b2207,20220218,20220218,135154500,13:51:55,4643,781,2548,36537760,0,0,0
b2207,20220218,20220218,135156500,13:51:57,4643,781,2548,36537760,0,0,0
b2207,20220218,20220218,135159000,13:51:59,4643,781,2548,36537760,0,0,0
b2207,20220218,20220218,135200000,13:52:00,4643,781,2548,36537760,0,0,0
b2207,20220218,20220218,135201000,13:52:01,4643,781,2548,36537760,0,0,0
b2207,20220218,20220218,135203000,13:52:04,4643,781,2548,36537760,0,0,0
b2207,20220218,20220218,135203500,13:52:04,4643,781,2548,36537760,0,0,0
b2207,20220218,20220218,135206500,13:52:08,4643,781,2548,36537760,0,0,0
b2207,20220218,20220218,135211000,13:52:12,4643,781,2548,36537760,0,0,0
b2207,20220218,20220218,135212500,13:52:13,4643,781,2548,36537760,0,0,0
b2207,20220218,20220218,135213000,13:52:13,4643,781,2548,36537760,0,0,0
b2207,20220218,20220218,135214000,13:52:14,4643,781,2548,36537760,0,0,0
b2207,20220218,20220218,135214500,13:52:15,4643,781,2548,36537760,0,0,0
b2207,20220218,20220218,135215000,13:52:15,4643,781,2548,36537760,0,0,0
b2207,20220218,20220218,135218500,13:52:20,4643,781,2548,36537760,0,0,0
b2207,20220218,20220218,135219000,13:52:23,4643,781,2548,36537760,0,0,0
b2207,20220218,20220218,135219500,13:52:24,4643,781,2548,36537760,0,0,0
b2207,20220218,20220218,135223500,13:52:24,4643,781,2548,36537760,0,0,0
b2207,20220218,20220218,135227000,13:52:27,4643,781,2548,36537760,0,0,0
b2207,20220218,20220218,135237000,13:52:44,4643,781,2548,36537760,0,0,0
b2207,20220218,20220218,135243000,13:52:45,4643,781,2548,36537760,0,0,0
b2207,20220218,20220218,135246500,13:52:48,4643,781,2548,36537760,0,0,0
b2207,20220218,20220218,135249000,13:52:49,4643,781,2548,36537760,0,0,0
b2207,20220218,20220218,135250500,13:52:51,4643,781,2548,36537760,0,0,0
b2207,20220218,20220218,135255500,13:52:55,4643,781,2548,36537760,0,0,0
b2207,20220218,20220218,135256500,13:52:57,4643,781,2548,36537760,0,0,0
b2207,20220218,20220218,135257000,13:52:57,4643,781,2548,36537760,0,0,0
b2207,20220218,20220218,135257500,13:52:57,4643,781,2548,36537760,0,0,0
b2207,20220218,20220218,135300500,13:53:01,4643,781,2548,36537760,0,0,0
b2207,20220218,20220218,135302500,13:53:03,4643,781,2548,36537760,0,0,0
b2207,20220218,20220218,135303500,13:53:04,4643,781,2548,36537760,0,0,0
b2207,20220218,20220218,135306500,13:53:09,4643,781,2548,36537760,0,0,0
b2207,20220218,20220218,135307000,13:53:09,4643,781,2548,36537760,0,0,0
b2207,20220218,20220218,135309500,13:53:09,4643,781,2548,36537760,0,0,0
b2207,20220218,20220218,135310000,13:53:10,4643,781,2548,36537760,0,0,0
b2207,20220218,20220218,135310500,13:53:11,4643,781,2548,36537760,0,0,0
b2207,20220218,20220218,135312500,13:53:13,4643,781,2548,36537760,0,0,0
b2207,20220218,20220218,135313000,13:53:13,4643,781,2548,36537760,0,0,0
b2207,20220218,20220218,135314500,13:53:15,4643,781,2548,36537760,0,0,0
b2207,20220218,20220218,135315000,13:53:15,4643,781,2548,36537760,0,0,0
b2207,20220218,20220218,135317500,13:53:20,4643,781,2548,36537760,0,0,0
b2207,20220218,20220218,135319500,13:53:20,4643,781,2548,36537760,0,0,0
b2207,20220218,20220218,135320000,13:53:20,4643,781,2548,36537760,0,0,0
b2207,20220218,20220218,135320500,13:53:21,4643,781,2548,36537760,0,0,0
b2207,20220218,20220218,135321000,13:53:21,4643,781,2548,36537760,0,0,0
b2207,20220218,20220218,135321500,13:53:22,4643,781,2548,36537760,0,0,0
b2207,20220218,20220218,135322000,13:53:22,4643,781,2548,36537760,0,0,0
b2207,20220218,20220218,135323000,13:53:23,4643,781,2548,36537760,0,0,0
b2207,20220218,20220218,135323500,13:53:23,4643,781,2548,36537760,0,0,0
b2207,20220218,20220218,135324000,13:53:24,4643,781,2548,36537760,0,0,0
b2207,20220218,20220218,135326500,13:53:26,4643,781,2548,36537760,0,0,0
b2207,20220218,20220218,135327500,13:53:28,4643,781,2548,36537760,0,0,0
b2207,20220218,20220218,135329000,13:53:29,4643,781,2548,36537760,0,0,0
b2207,20220218,20220218,135330500,13:53:31,4643,781,2548,36537760,0,0,0
b2207,20220218,20220218,135331000,13:53:31,4643,781,2548,36537760,0,0,0
b2207,20220218,20220218,135333500,13:53:33,4643,781,2548,36537760,0,0,0
b2207,20220218,20220218,135334000,13:53:35,4643,781,2548,36537760,0,0,0
b2207,20220218,20220218,135336000,13:53:44,4643,781,2548,36537760,0,0,0
b2207,20220218,20220218,135339500,13:53:45,4643,781,2548,36537760,0,0,0
b2207,20220218,20220218,135345500,13:53:46,4643,781,2548,36537760,0,0,0
b2207,20220218,20220218,135346000,13:53:47,4643,781,2548,36537760,0,0,0
b2207,20220218,20220218,135347500,13:53:47,4643,781,2548,36537760,0,0,0
b2207,20220218,20220218,135349000,13:53:49,4643,781,2548,36537760,0,0,0
b2207,20220218,20220218,135350500,13:53:52,4643,781,2548,36537760,0,0,0
b2207,20220218,20220218,135353000,13:53:53,4643,781,2548,36537760,0,0,0
b2207,20220218,20220218,135354000,13:53:55,4643,781,2548,36537760,0,0,0
b2207,20220218,20220218,135355000,13:53:55,4643,781,2548,36537760,0,0,0
b2207,20220218,20220218,135355500,13:53:56,4643,781,2548,36537760,0,0,0
b2207,20220218,20220218,135407000,13:54:09,4643,781,2548,36537760,0,0,0
b2207,20220218,20220218,135413500,13:54:14,4643,781,2548,36537760,0,0,0
b2207,20220218,20220218,135414000,13:54:14,4643,781,2548,36537760,0,0,0
b2207,20220218,20220218,135414500,13:54:14,4643,781,2548,36537760,0,0,0
b2207,20220218,20220218,135415000,13:54:15,4643,781,2548,36537760,0,0,0
b2207,20220218,20220218,135415500,13:54:16,4643,781,2548,36537760,0,0,0
b2207,20220218,20220218,135416000,13:54:16,4643,781,2548,36537760,0,0,0
b2207,20220218,20220218,135417500,13:54:18,4643,781,2548,36537760,0,0,0
b2207,20220218,20220218,135418000,13:54:18,4643,781,2548,36537760,0,0,0
b2207,20220218,20220218,135420500,13:54:21,4643,781,2548,36537760,0,0,0
b2207,20220218,20220218,135421000,13:54:21,4643,781,2548,36537760,0,0,0
b2207,20220218,20220218,135423000,13:54:23,4643,781,2548,36537760,0,0,0
b2207,20220218,20220218,135431500,13:54:32,4643,781,2548,36537760,0,0,0
b2207,20220218,20220218,135434500,13:54:34,4643,781,2548,36537760,0,0,0
b2207,20220218,20220218,135437000,13:54:37,4643,781,2548,36537760,0,0,0
b2207,20220218,20220218,135438000,13:54:38,4643,781,2548,36537760,0,0,0
b2207,20220218,20220218,135439000,13:54:39,4643,781,2548,36537760,0,0,0
b2207,20220218,20220218,135439500,13:54:40,4643,781,2548,36537760,0,0,0
b2207,20220218,20220218,135443000,13:54:44,4643,781,2548,36537760,0,0,0
b2207,20220218,20220218,135443500,13:54:44,4643,781,2548,36537760,0,0,0
b2207,20220218,20220218,135444000,13:54:44,4643,781,2548,36537760,0,0,0
b2207,20220218,20220218,135444500,13:54:45,4643,781,2548,36537760,0,0,0
b2207,20220218,20220218,135457000,13:54:57,4643,781,2548,36537760,0,0,0
b2207,20220218,20220218,135458500,13:54:59,4643,781,2548,36537760,0,0,0
b2207,20220218,20220218,135459000,13:54:59,4643,781,2548,36537760,0,0,0
b2207,20220218,20220218,135500000,13:55:00,4643,781,2548,36537760,0,0,0
b2207,20220218,20220218,135500500,13:55:00,4643,781,2548,36537760,0,0,0
b2207,20220218,20220218,135502000,13:55:03,4643,781,2548,36537760,0,0,0
b2207,20220218,20220218,135502500,13:55:03,4643,781,2548,36537760,0,0,0
b2207,20220218,20220218,135503000,13:55:03,4643,781,2548,36537760,0,0,0
b2207,20220218,20220218,135503500,13:55:04,4643,781,2548,36537760,0,0,0
b2207,20220218,20220218,135504000,13:55:05,4643,781,2548,36537760,0,0,0
b2207,20220218,20220218,135504500,13:55:05,4643,781,2548,36537760,0,0,0
b2207,20220218,20220218,135505000,13:55:06,4643,781,2548,36537760,0,0,0
b2207,20220218,20220218,135505500,13:55:06,4643,781,2548,36537760,0,0,0
b2207,20220218,20220218,135506000,13:55:06,4643,781,2548,36537760,0,0,0
b2207,20220218,20220218,135506500,13:55:06,4643,781,2548,36537760,0,0,0
b2207,20220218,20220218,135507000,13:55:11,4643,781,2548,36537760,0,0,0
b2207,20220218,20220218,135510000,13:55:12,4643,781,2548,36537760,0,0,0
b2207,20220218,20220218,135514500,13:55:15,4643,781,2548,36537760,0,0,0
b2207,20220218,20220218,135515000,13:55:15,4643,781,2548,36537760,0,0,0
b2207,20220218,20220218,135515500,13:55:16,4643,781,2548,36537760,0,0,0
b2207,20220218,20220218,135516000,13:55:16,4643,781,2548,36537760,0,0,0
b2207,20220218,20220218,135526500,13:55:27,4643,781,2548,36537760,0,0,0
b2207,20220218,20220218,135528000,13:55:28,4643,781,2548,36537760,0,0,0
b2207,20220218,20220218,135531500,13:55:32,4643,781,2548,36537760,0,0,0
b2207,20220218,20220218,135533500,13:55:34,4643,781,2548,36537760,0,0,0
b2207,20220218,20220218,135544500,13:55:45,4643,781,2548,36537760,0,0,0
b2207,20220218,20220218,135545500,13:55:46,4643,781,2548,36537760,0,0,0
b2207,20220218,20220218,135549000,13:55:50,4643,781,2548,36537760,0,0,0
b2207,20220218,20220218,135549500,13:55:50,4643,781,2548,36537760,0,0,0
b2207,20220218,20220218,135551000,13:55:52,4643,781,2548,36537760,0,0,0
b2207,20220218,20220218,135601000,13:56:03,4643,781,2548,36537760,0,0,0
b2207,20220218,20220218,135616500,13:56:23,4643,781,2548,36537760,0,0,0
b2207,20220218,20220218,135622500,13:56:24,4643,781,2548,36537760,0,0,0
b2207,20220218,20220218,135627500,13:56:35,4643,781,2548,36537760,0,0,0
b2207,20220218,20220218,135634500,13:56:35,4643,781,2548,36537760,0,0,0
b2207,20220218,20220218,135639500,13:56:39,4643,781,2548,36537760,0,0,0
b2207,20220218,20220218,135641500,13:56:42,4643,781,2548,36537760,0,0,0
b2207,20220218,20220218,135643000,13:56:43,4643,781,2548,36537760,0,0,0
b2207,20220218,20220218,135647000,13:56:48,4643,781,2548,36537760,0,0,0
b2207,20220218,20220218,135647500,13:56:48,4643,781,2548,36537760,0,0,0
b2207,20220218,20220218,135653500,13:56:53,4643,781,2548,36537760,0,0,0
b2207,20220218,20220218,135654000,13:56:54,4643,781,2548,36537760,0,0,0
b2207,20220218,20220218,135655000,13:56:55,4643,781,2548,36537760,0,0,0
b2207,20220218,20220218,135656000,13:56:56,4643,781,2548,36537760,0,0,0
b2207,20220218,20220218,135658000,13:56:58,4643,781,2548,36537760,0,0,0
b2207,20220218,20220218,135701500,13:57:02,4643,781,2548,36537760,0,0,0
b2207,20220218,20220218,135702500,13:57:03,4643,781,2548,36537760,0,0,0
b2207,20220218,20220218,135704000,13:57:04,4643,781,2548,36537760,0,0,0
b2207,20220218,20220218,135704500,13:57:04,4643,781,2548,36537760,0,0,0
b2207,20220218,20220218,135705000,13:57:05,4643,781,2548,36537760,0,0,0
