c2207,20220218,20220218,111946000,11:20:04,2794,20377,183756,569624070,20377,1351,569624070
c2207,20220218,20220218,112006000,11:20:10,2794,20377,183756,569624070,0,0,0
c2207,20220218,20220218,112008000,11:20:10,2794,20377,183756,569624070,0,0,0
c2207,20220218,20220218,112012500,11:20:12,2794,20387,183766,569903520,10,10,279450
c2207,20220218,20220218,112014500,11:20:14,2794,20387,183766,569903520,0,0,0
c2207,20220218,20220218,112015000,11:20:15,2794,20387,183766,569903520,0,0,0
c2207,20220218,20220218,112015500,11:20:16,2794,20387,183766,569903520,0,0,0
c2207,20220218,20220218,112016500,11:20:16,2794,20402,183763,570322620,15,-3,419100
c2207,20220218,20220218,112017000,11:20:17,2794,20402,183763,570322620,0,0,0
c2207,20220218,20220218,112018500,11:20:18,2794,20402,183763,570322620,0,0,0
c2207,20220218,20220218,112022000,11:20:22,2794,20402,183763,570322620,0,0,0
c2207,20220218,20220218,112024500,11:20:24,2794,20402,183763,570322620,0,0,0
c2207,20220218,20220218,112043500,11:20:44,2794,20402,183763,570322620,0,0,0
c2207,20220218,20220218,112044000,11:20:44,2794,20402,183763,570322620,0,0,0
c2207,20220218,20220218,112046500,11:20:46,2794,20402,183763,570322620,0,0,0
c2207,20220218,20220218,112047500,11:20:48,2794,20402,183763,570322620,0,0,0
c2207,20220218,20220218,112048000,11:20:48,2794,20402,183763,570322620,0,0,0
c2207,20220218,20220218,112058000,11:20:59,2795,20403,183763,570350570,1,0,27950
c2207,20220218,20220218,112059000,11:21:00,2795,20403,183763,570350570,0,0,0
c2207,20220218,20220218,112059500,11:21:00,2795,20403,183763,570350570,0,0,0
c2207,20220218,20220218,112100500,11:21:01,2795,20403,183763,570350570,0,0,0
c2207,20220218,20220218,112102500,11:21:03,2795,20403,183763,570350570,0,0,0
c2207,20220218,20220218,112103000,11:21:03,2795,20403,183763,570350570,0,0,0
c2207,20220218,20220218,112106000,11:21:07,2795,20403,183763,570350570,0,0,0
c2207,20220218,20220218,112117000,11:21:17,2795,20403,183763,570350570,0,0,0
c2207,20220218,20220218,112117500,11:21:18,2795,20403,183763,570350570,0,0,0
c2207,20220218,20220218,112121500,11:21:22,2795,20403,183763,570350570,0,0,0
c2207,20220218,20220218,112122000,11:21:22,2795,20403,183763,570350570,0,0,0
c2207,20220218,20220218,112331500,11:23:33,2795,20403,183763,570350570,0,0,0
c2207,20220218,20220218,112335500,11:23:35,2795,20403,183763,570350570,0,0,0
c2207,20220218,20220218,112336500,11:23:38,2795,20403,183763,570350570,0,0,0
c2207,20220218,20220218,112342500,11:23:43,2795,20403,183763,570350570,0,0,0
c2207,20220218,20220218,112343000,11:23:43,2795,20461,183755,571971670,58,-8,1621100
c2207,20220218,20220218,112343500,11:23:43,2795,20461,183755,571971670,0,0,0
c2207,20220218,20220218,112344500,11:23:48,2795,20462,183756,571999620,1,1,27950
c2207,20220218,20220218,112345000,11:23:48,2795,20462,183756,571999620,0,0,0
c2207,20220218,20220218,112354500,11:23:55,2795,20462,183756,571999620,0,0,0
c2207,20220218,20220218,112355500,11:23:55,2795,20462,183756,571999620,0,0,0
c2207,20220218,20220218,112409000,11:24:11,2795,20462,183756,571999620,0,0,0
c2207,20220218,20220218,112409500,11:24:11,2795,20462,183756,571999620,0,0,0
c2207,20220218,20220218,112414000,11:24:14,2795,20462,183756,571999620,0,0,0
c2207,20220218,20220218,112414500,11:24:15,2795,20462,183756,571999620,0,0,0
c2207,20220218,20220218,112415000,11:24:15,2795,20462,183756,571999620,0,0,0
c2207,20220218,20220218,112415500,11:24:15,2795,20462,183756,571999620,0,0,0
c2207,20220218,20220218,112416000,11:24:16,2795,20462,183756,571999620,0,0,0
c2207,20220218,20220218,112419500,11:24:20,2795,20462,183756,571999620,0,0,0
c2207,20220218,20220218,112420000,11:24:20,2795,20462,183756,571999620,0,0,0
c2207,20220218,20220218,112420500,11:24:20,2795,20462,183756,571999620,0,0,0
c2207,20220218,20220218,112421000,11:24:21,2795,20462,183756,571999620,0,0,0
c2207,20220218,20220218,112422000,11:24:22,2795,20462,183756,571999620,0,0,0
c2207,20220218,20220218,112424000,11:24:24,2795,20492,183741,572838120,30,-15,838500
c2207,20220218,20220218,112425500,11:24:25,2795,20493,183742,572866070,1,1,27950
c2207,20220218,20220218,112426000,11:24:26,2795,20520,183742,573620720,27,0,754650
c2207,20220218,20220218,112426500,11:24:26,2794,20570,183742,575018200,50,0,1397480
c2207,20220218,20220218,112427500,11:24:28,2794,20570,183742,575018200,0,0,0
c2207,20220218,20220218,112428500,11:24:28,2794,20570,183742,575018200,0,0,0
c2207,20220218,20220218,112433500,11:24:33,2794,20570,183742,575018200,0,0,0
c2207,20220218,20220218,112445500,11:24:45,2794,20570,183742,575018200,0,0,0
c2207,20220218,20220218,112453000,11:24:53,2794,20570,183742,575018200,0,0,0
c2207,20220218,20220218,112455500,11:24:56,2794,20570,183742,575018200,0,0,0
c2207,20220218,20220218,112456000,11:24:56,2794,20570,183742,575018200,0,0,0
c2207,20220218,20220218,112456500,11:24:56,2794,20570,183742,575018200,0,0,0
c2207,20220218,20220218,112501000,11:25:02,2794,20570,183742,575018200,0,0,0
c2207,20220218,20220218,112504500,11:25:06,2794,20570,183742,575018200,0,0,0
c2207,20220218,20220218,112506000,11:25:06,2794,20570,183742,575018200,0,0,0
c2207,20220218,20220218,112507000,11:25:07,2794,20570,183742,575018200,0,0,0
c2207,20220218,20220218,112507500,11:25:07,2794,20570,183742,575018200,0,0,0
c2207,20220218,20220218,112508000,11:25:08,2794,20570,183742,575018200,0,0,0
c2207,20220218,20220218,112511000,11:25:11,2794,20570,183742,575018200,0,0,0
c2207,20220218,20220218,112511500,11:25:11,2794,20570,183742,575018200,0,0,0
c2207,20220218,20220218,112512000,11:25:12,2794,20570,183742,575018200,0,0,0
c2207,20220218,20220218,112523500,11:25:24,2794,20570,183742,575018200,0,0,0
c2207,20220218,20220218,112530500,11:25:31,2794,20570,183742,575018200,0,0,0
c2207,20220218,20220218,112543000,11:25:43,2794,20570,183742,575018200,0,0,0
c2207,20220218,20220218,112544500,11:25:44,2794,20570,183742,575018200,0,0,0
c2207,20220218,20220218,112545000,11:25:45,2794,20570,183742,575018200,0,0,0
c2207,20220218,20220218,112550000,11:25:50,2794,20570,183742,575018200,0,0,0
c2207,20220218,20220218,112553000,11:25:53,2794,20740,183743,579769510,170,1,4751310
c2207,20220218,20220218,112553500,11:25:54,2794,20740,183743,579769510,0,0,0
c2207,20220218,20220218,112554000,11:25:54,2794,20740,183743,579769510,0,0,0
c2207,20220218,20220218,112554500,11:25:55,2794,20740,183743,579769510,0,0,0
c2207,20220218,20220218,112555000,11:25:55,2794,20740,183743,579769510,0,0,0
c2207,20220218,20220218,112602000,11:26:03,2794,20740,183743,579769510,0,0,0
c2207,20220218,20220218,112606500,11:26:07,2794,20740,183743,579769510,0,0,0
c2207,20220218,20220218,112607500,11:26:09,2794,20740,183743,579769510,0,0,0
c2207,20220218,20220218,112608500,11:26:10,2794,20740,183743,579769510,0,0,0
c2207,20220218,20220218,112612500,11:26:15,2794,20740,183743,579769510,0,0,0
c2207,20220218,20220218,112613000,11:26:15,2794,20740,183743,579769510,0,0,0
c2207,20220218,20220218,112613500,11:26:15,2794,20740,183743,579769510,0,0,0
c2207,20220218,20220218,112615000,11:26:16,2794,20740,183743,579769510,0,0,0
c2207,20220218,20220218,112622000,11:26:22,2794,20740,183743,579769510,0,0,0
c2207,20220218,20220218,112630500,11:26:31,2794,20740,183743,579769510,0,0,0
c2207,20220218,20220218,112631000,11:26:31,2794,20740,183743,579769510,0,0,0
c2207,20220218,20220218,112631500,11:26:32,2794,20740,183743,579769510,0,0,0
c2207,20220218,20220218,112632000,11:26:32,2794,20761,183723,580356250,21,-20,586740
c2207,20220218,20220218,112632500,11:26:32,2794,20761,183723,580356250,0,0,0
c2207,20220218,20220218,112637500,11:26:54,2794,20761,183723,580356250,0,0,0
c2207,20220218,20220218,112651000,11:27:10,2794,20761,183723,580356250,0,0,0
c2207,20220218,20220218,112710000,11:27:12,2794,20761,183723,580356250,0,0,0
c2207,20220218,20220218,112716000,11:27:17,2794,20761,183723,580356250,0,0,0
c2207,20220218,20220218,112716500,11:27:17,2794,20761,183723,580356250,0,0,0
c2207,20220218,20220218,112729500,11:27:29,2794,20761,183723,580356250,0,0,0
c2207,20220218,20220218,112733500,11:27:36,2794,20761,183723,580356250,0,0,0
c2207,20220218,20220218,112743000,11:27:43,2794,20761,183723,580356250,0,0,0
c2207,20220218,20220218,112743500,11:27:43,2794,20761,183723,580356250,0,0,0
c2207,20220218,20220218,112744000,11:27:44,2794,20761,183723,580356250,0,0,0
c2207,20220218,20220218,112744500,11:27:45,2794,20761,183723,580356250,0,0,0
c2207,20220218,20220218,112745000,11:27:46,2794,20761,183723,580356250,0,0,0
c2207,20220218,20220218,112746000,11:27:46,2794,20761,183723,580356250,0,0,0
c2207,20220218,20220218,112746500,11:27:47,2794,20761,183723,580356250,0,0,0
c2207,20220218,20220218,112747000,11:27:47,2794,20761,183723,580356250,0,0,0
c2207,20220218,20220218,112747500,11:27:48,2794,20761,183723,580356250,0,0,0
c2207,20220218,20220218,112748000,11:27:53,2794,20761,183723,580356250,0,0,0
c2207,20220218,20220218,112748500,11:27:54,2794,20761,183723,580356250,0,0,0
c2207,20220218,20220218,112752000,11:27:54,2794,20761,183723,580356250,0,0,0
c2207,20220218,20220218,112755000,11:27:55,2794,20761,183723,580356250,0,0,0
c2207,20220218,20220218,112807000,11:28:10,2794,20761,183723,580356250,0,0,0
c2207,20220218,20220218,112808000,11:28:11,2794,20761,183723,580356250,0,0,0
c2207,20220218,20220218,112816000,11:28:16,2794,20761,183723,580356250,0,0,0
c2207,20220218,20220218,112822500,11:28:22,2794,20761,183723,580356250,0,0,0
c2207,20220218,20220218,112823000,11:28:23,2794,20761,183723,580356250,0,0,0
c2207,20220218,20220218,112823500,11:28:24,2794,20761,183723,580356250,0,0,0
c2207,20220218,20220218,112824000,11:28:24,2794,20761,183723,580356250,0,0,0
c2207,20220218,20220218,112825500,11:28:25,2794,20761,183723,580356250,0,0,0
c2207,20220218,20220218,112826000,11:28:26,2794,20761,183723,580356250,0,0,0
c2207,20220218,20220218,112826500,11:28:27,2794,20761,183723,580356250,0,0,0
c2207,20220218,20220218,112827000,11:28:27,2794,20761,183723,580356250,0,0,0
c2207,20220218,20220218,112827500,11:28:27,2794,20774,183723,580719470,13,0,363220
c2207,20220218,20220218,112828000,11:28:28,2794,20774,183723,580719470,0,0,0
c2207,20220218,20220218,112828500,11:28:28,2794,20774,183723,580719470,0,0,0
c2207,20220218,20220218,112829000,11:28:29,2794,20774,183723,580719470,0,0,0
c2207,20220218,20220218,112830500,11:28:31,2794,20774,183723,580719470,0,0,0
c2207,20220218,20220218,112831000,11:28:31,2794,20774,183723,580719470,0,0,0
c2207,20220218,20220218,112831500,11:28:32,2794,20774,183723,580719470,0,0,0
c2207,20220218,20220218,112832000,11:28:33,2794,20774,183723,580719470,0,0,0
c2207,20220218,20220218,112832500,11:28:33,2794,20774,183723,580719470,0,0,0
c2207,20220218,20220218,112835500,11:28:36,2794,20774,183723,580719470,0,0,0
c2207,20220218,20220218,112836500,11:28:37,2794,20774,183723,580719470,0,0,0
c2207,20220218,20220218,112839000,11:28:40,2794,20774,183723,580719470,0,0,0
c2207,20220218,20220218,112845500,11:28:46,2794,20774,183723,580719470,0,0,0
c2207,20220218,20220218,112847500,11:28:48,2794,20774,183723,580719470,0,0,0
c2207,20220218,20220218,112856500,11:28:56,2794,20774,183723,580719470,0,0,0
c2207,20220218,20220218,112857000,11:28:57,2794,20774,183723,580719470,0,0,0
c2207,20220218,20220218,112857500,11:28:58,2794,20774,183723,580719470,0,0,0
c2207,20220218,20220218,112858000,11:28:58,2794,20774,183723,580719470,0,0,0
c2207,20220218,20220218,112858500,11:28:59,2794,20774,183723,580719470,0,0,0
c2207,20220218,20220218,112859000,11:28:59,2794,20774,183723,580719470,0,0,0
c2207,20220218,20220218,112900000,11:29:00,2794,20774,183723,580719470,0,0,0
c2207,20220218,20220218,112903500,11:29:04,2794,20774,183723,580719470,0,0,0
c2207,20220218,20220218,112904000,11:29:04,2794,20774,183723,580719470,0,0,0
c2207,20220218,20220218,112904500,11:29:04,2794,20774,183723,580719470,0,0,0
c2207,20220218,20220218,112905000,11:29:05,2794,20774,183723,580719470,0,0,0
c2207,20220218,20220218,112907500,11:29:08,2794,20774,183723,580719470,0,0,0
c2207,20220218,20220218,112917500,11:29:21,2794,20774,183723,580719470,0,0,0
c2207,20220218,20220218,112918000,11:29:21,2794,20774,183723,580719470,0,0,0
c2207,20220218,20220218,112920000,11:29:21,2794,20774,183723,580719470,0,0,0
c2207,20220218,20220218,112924000,11:29:24,2794,20774,183723,580719470,0,0,0
c2207,20220218,20220218,112926500,11:29:26,2794,20774,183723,580719470,0,0,0
c2207,20220218,20220218,112928500,11:29:29,2795,20889,183693,583933720,115,-30,3214250
c2207,20220218,20220218,112929000,11:29:29,2795,20904,183706,584352970,15,13,419250
c2207,20220218,20220218,112929500,11:29:30,2795,20904,183706,584352970,0,0,0
c2207,20220218,20220218,112931000,11:29:32,2795,20904,183706,584352970,0,0,0
c2207,20220218,20220218,112931500,11:29:32,2795,20904,183706,584352970,0,0,0
c2207,20220218,20220218,112932000,11:29:32,2795,20904,183706,584352970,0,0,0
c2207,20220218,20220218,112933000,11:29:37,2795,20904,183706,584352970,0,0,0
c2207,20220218,20220218,112936000,11:29:38,2795,20904,183706,584352970,0,0,0
c2207,20220218,20220218,112939000,11:29:39,2795,20904,183706,584352970,0,0,0
c2207,20220218,20220218,112940500,11:29:40,2795,20904,183706,584352970,0,0,0
c2207,20220218,20220218,112950500,11:29:52,2795,20904,183706,584352970,0,0,0
c2207,20220218,20220218,112954500,11:29:54,2795,20904,183706,584352970,0,0,0
c2207,20220218,20220218,112955000,11:29:55,2795,20904,183706,584352970,0,0,0
c2207,20220218,20220218,112959500,11:30:02,2795,20904,183706,584352970,0,0,0
c2207,20220218,20220218,113001500,11:30:03,2795,20904,183706,584352970,0,0,0
c2207,20220218,20220218,133001500,13:30:02,2795,20904,183706,584352970,0,0,0
c2207,20220218,20220218,133002500,13:30:10,2795,20904,183706,584352970,0,0,0
c2207,20220218,20220218,133006500,13:30:10,2795,20904,183706,584352970,0,0,0
c2207,20220218,20220218,133035000,13:30:40,2795,20904,183706,584352970,0,0,0
c2207,20220218,20220218,133038500,13:30:42,2795,20904,183706,584352970,0,0,0
c2207,20220218,20220218,133043000,13:30:44,2795,20904,183706,584352970,0,0,0
c2207,20220218,20220218,133044000,13:30:46,2795,20904,183706,584352970,0,0,0
c2207,20220218,20220218,133045500,13:30:46,2795,20904,183706,584352970,0,0,0
c2207,20220218,20220218,133046000,13:30:47,2795,20904,183706,584352970,0,0,0
c2207,20220218,20220218,133122500,13:31:23,2793,20946,183734,585526450,42,28,1173480
c2207,20220218,20220218,133123000,13:31:25,2793,20946,183734,585526450,0,0,0
c2207,20220218,20220218,133123500,13:31:25,2793,20966,183751,586085050,20,17,558600
c2207,20220218,20220218,133124500,13:31:25,2793,20966,183751,586085050,0,0,0
c2207,20220218,20220218,133157500,13:31:57,2793,20966,183751,586085050,0,0,0
c2207,20220218,20220218,133158500,13:31:58,2792,20967,183752,586112970,1,1,27920
c2207,20220218,20220218,133159000,13:31:59,2792,20967,183752,586112970,0,0,0
c2207,20220218,20220218,133159500,13:32:00,2792,20967,183752,586112970,0,0,0
c2207,20220218,20220218,133200000,13:32:01,2792,20967,183752,586112970,0,0,0
c2207,20220218,20220218,133200500,13:32:01,2793,20998,183773,586978780,31,21,865810
c2207,20220218,20220218,133201000,13:32:01,2793,20998,183773,586978780,0,0,0
c2207,20220218,20220218,133201500,13:32:01,2793,20998,183773,586978780,0,0,0
c2207,20220218,20220218,133202000,13:32:03,2793,20998,183773,586978780,0,0,0
c2207,20220218,20220218,133202500,13:32:04,2793,20998,183773,586978780,0,0,0
c2207,20220218,20220218,133203000,13:32:05,2793,20998,183773,586978780,0,0,0
c2207,20220218,20220218,133203500,13:32:05,2793,20998,183773,586978780,0,0,0
c2207,20220218,20220218,133214000,13:32:15,2793,20998,183773,586978780,0,0,0
c2207,20220218,20220218,133215000,13:32:16,2793,20998,183773,586978780,0,0,0
c2207,20220218,20220218,133215500,13:32:16,2793,20998,183773,586978780,0,0,0
c2207,20220218,20220218,133221000,13:32:22,2793,20998,183773,586978780,0,0,0
c2207,20220218,20220218,133222000,13:32:23,2793,20998,183773,586978780,0,0,0
c2207,20220218,20220218,133225500,13:32:26,2793,20998,183773,586978780,0,0,0
c2207,20220218,20220218,133229000,13:32:33,2792,21189,183799,592311500,191,26,5332720
c2207,20220218,20220218,133232000,13:32:35,2791,21254,183795,594125710,65,-4,1814210
c2207,20220218,20220218,133234500,13:32:35,2791,21254,183795,594125710,0,0,0
c2207,20220218,20220218,133236000,13:32:37,2791,21254,183795,594125710,0,0,0
c2207,20220218,20220218,133237000,13:32:37,2791,21254,183795,594125710,0,0,0
c2207,20220218,20220218,133240000,13:32:40,2791,21254,183795,594125710,0,0,0
c2207,20220218,20220218,133241000,13:32:41,2791,21254,183795,594125710,0,0,0
c2207,20220218,20220218,133245000,13:32:45,2791,21254,183795,594125710,0,0,0
c2207,20220218,20220218,133245500,13:32:45,2792,21392,183779,597978660,138,-16,3852950
c2207,20220218,20220218,133246000,13:32:47,2792,21407,183779,598397460,15,0,418800
c2207,20220218,20220218,133246500,13:32:47,2792,21407,183779,598397460,0,0,0
c2207,20220218,20220218,133247000,13:32:47,2792,21407,183779,598397460,0,0,0
c2207,20220218,20220218,133248000,13:32:49,2792,21407,183779,598397460,0,0,0
c2207,20220218,20220218,133248500,13:32:49,2792,21407,183779,598397460,0,0,0
c2207,20220218,20220218,133249500,13:32:50,2792,21407,183779,598397460,0,0,0
c2207,20220218,20220218,133250500,13:32:52,2792,21407,183779,598397460,0,0,0
c2207,20220218,20220218,133251000,13:32:53,2792,21408,183780,598425380,1,1,27920
c2207,20220218,20220218,133251500,13:32:53,2792,21408,183780,598425380,0,0,0
c2207,20220218,20220218,133252000,13:32:53,2792,21408,183780,598425380,0,0,0
c2207,20220218,20220218,133253000,13:32:53,2792,21408,183780,598425380,0,0,0
c2207,20220218,20220218,133253500,13:32:54,2792,21408,183780,598425380,0,0,0
c2207,20220218,20220218,133254500,13:32:55,2792,21408,183780,598425380,0,0,0
c2207,20220218,20220218,133255000,13:32:55,2792,21408,183780,598425380,0,0,0
c2207,20220218,20220218,133255500,13:32:55,2792,21408,183780,598425380,0,0,0
c2207,20220218,20220218,133256000,13:32:56,2792,21408,183780,598425380,0,0,0
c2207,20220218,20220218,133257000,13:32:59,2792,21408,183780,598425380,0,0,0
c2207,20220218,20220218,133257500,13:33:00,2792,21408,183780,598425380,0,0,0
c2207,20220218,20220218,133258000,13:33:00,2792,21408,183780,598425380,0,0,0
c2207,20220218,20220218,133259500,13:33:01,2792,21408,183780,598425380,0,0,0
c2207,20220218,20220218,133300000,13:33:01,2792,21408,183780,598425380,0,0,0
c2207,20220218,20220218,133300500,13:33:01,2792,21408,183780,598425380,0,0,0
c2207,20220218,20220218,133301000,13:33:02,2792,21468,183777,600100580,60,-3,1675200
c2207,20220218,20220218,133301500,13:33:02,2792,21498,183792,600938180,30,15,837600
c2207,20220218,20220218,133302000,13:33:03,2792,21513,183807,601356980,15,15,418800
c2207,20220218,20220218,133302500,13:33:03,2792,21513,183807,601356980,0,0,0
c2207,20220218,20220218,133303000,13:33:04,2792,21513,183807,601356980,0,0,0
c2207,20220218,20220218,133303500,13:33:04,2792,21515,183809,601412820,2,2,55840
c2207,20220218,20220218,133304000,13:33:04,2792,21515,183809,601412820,0,0,0
c2207,20220218,20220218,133307000,13:33:07,2792,21516,183810,601440740,1,1,27920
c2207,20220218,20220218,133311000,13:33:13,2792,21516,183810,601440740,0,0,0
c2207,20220218,20220218,133311500,13:33:14,2792,21516,183810,601440740,0,0,0
c2207,20220218,20220218,133312000,13:33:14,2792,21516,183810,601440740,0,0,0
c2207,20220218,20220218,133313500,13:33:15,2792,21516,183810,601440740,0,0,0
c2207,20220218,20220218,133314000,13:33:17,2792,21516,183810,601440740,0,0,0
c2207,20220218,20220218,133314500,13:33:17,2792,21516,183810,601440740,0,0,0
c2207,20220218,20220218,133315000,13:33:18,2792,21516,183810,601440740,0,0,0
c2207,20220218,20220218,133317000,13:33:18,2792,21516,183810,601440740,0,0,0
c2207,20220218,20220218,133318000,13:33:19,2792,21516,183810,601440740,0,0,0
c2207,20220218,20220218,133318500,13:33:19,2792,21516,183810,601440740,0,0,0
c2207,20220218,20220218,133319000,13:33:20,2792,21516,183810,601440740,0,0,0
c2207,20220218,20220218,133319500,13:33:20,2792,21516,183810,601440740,0,0,0
c2207,20220218,20220218,133320000,13:33:21,2792,21516,183810,601440740,0,0,0
c2207,20220218,20220218,133320500,13:33:22,2792,21516,183810,601440740,0,0,0
c2207,20220218,20220218,133321500,13:33:22,2792,21516,183810,601440740,0,0,0
c2207,20220218,20220218,133322000,13:33:22,2792,21516,183810,601440740,0,0,0
c2207,20220218,20220218,133322500,13:33:22,2792,21516,183810,601440740,0,0,0
c2207,20220218,20220218,133323000,13:33:23,2792,21516,183810,601440740,0,0,0
c2207,20220218,20220218,133323500,13:33:24,2792,21516,183810,601440740,0,0,0
c2207,20220218,20220218,133324000,13:33:24,2792,21516,183810,601440740,0,0,0
c2207,20220218,20220218,133324500,13:33:25,2792,21516,183810,601440740,0,0,0
c2207,20220218,20220218,133328500,13:33:30,2792,21516,183810,601440740,0,0,0
c2207,20220218,20220218,133330000,13:33:30,2792,21516,183810,601440740,0,0,0
c2207,20220218,20220218,133333500,13:33:34,2792,21516,183810,601440740,0,0,0
c2207,20220218,20220218,133334500,13:33:34,2792,21517,183810,601468660,1,0,27920
c2207,20220218,20220218,133335000,13:33:35,2792,21517,183810,601468660,0,0,0
c2207,20220218,20220218,133335500,13:33:35,2792,21517,183810,601468660,0,0,0
c2207,20220218,20220218,133337000,13:33:37,2792,21517,183810,601468660,0,0,0
c2207,20220218,20220218,133338000,13:33:38,2792,21617,183783,604260660,100,-27,2792000
c2207,20220218,20220218,133338500,13:33:39,2792,21617,183783,604260660,0,0,0
c2207,20220218,20220218,133339000,13:33:39,2792,21617,183783,604260660,0,0,0
c2207,20220218,20220218,133339500,13:33:40,2792,21617,183783,604260660,0,0,0
c2207,20220218,20220218,133341500,13:33:42,2792,21645,183811,605042420,28,28,781760
c2207,20220218,20220218,133342000,13:33:42,2792,21645,183811,605042420,0,0,0
c2207,20220218,20220218,133342500,13:33:42,2792,21645,183811,605042420,0,0,0
c2207,20220218,20220218,133343000,13:33:43,2792,21645,183811,605042420,0,0,0
c2207,20220218,20220218,133346500,13:33:48,2792,21645,183811,605042420,0,0,0
c2207,20220218,20220218,133347500,13:33:49,2792,21645,183811,605042420,0,0,0
c2207,20220218,20220218,133348000,13:33:49,2792,21645,183811,605042420,0,0,0
c2207,20220218,20220218,133356500,13:33:57,2792,21645,183811,605042420,0,0,0
c2207,20220218,20220218,133357500,13:33:58,2792,21645,183811,605042420,0,0,0
c2207,20220218,20220218,133409000,13:34:12,2792,21645,183811,605042420,0,0,0
c2207,20220218,20220218,133416500,13:34:17,2792,21645,183811,605042420,0,0,0
c2207,20220218,20220218,133419500,13:34:20,2792,21645,183811,605042420,0,0,0
c2207,20220218,20220218,133420000,13:34:20,2792,21645,183811,605042420,0,0,0
c2207,20220218,20220218,133420500,13:34:23,2792,21645,183811,605042420,0,0,0
c2207,20220218,20220218,133421000,13:34:23,2792,21645,183811,605042420,0,0,0
c2207,20220218,20220218,133421500,13:34:23,2792,21645,183811,605042420,0,0,0
c2207,20220218,20220218,133422000,13:34:24,2792,21645,183811,605042420,0,0,0
c2207,20220218,20220218,133428000,13:34:28,2792,21645,183811,605042420,0,0,0
c2207,20220218,20220218,133428500,13:34:29,2792,21645,183811,605042420,0,0,0
c2207,20220218,20220218,133429000,13:34:29,2792,21751,183796,608001940,106,-15,2959520
c2207,20220218,20220218,133429500,13:34:29,2792,21751,183796,608001940,0,0,0
c2207,20220218,20220218,133430000,13:34:30,2792,21751,183796,608001940,0,0,0
c2207,20220218,20220218,133430500,13:34:30,2792,21751,183796,608001940,0,0,0
c2207,20220218,20220218,133431500,13:34:31,2792,21751,183796,608001940,0,0,0
c2207,20220218,20220218,133432000,13:34:32,2792,21751,183796,608001940,0,0,0
c2207,20220218,20220218,133432500,13:34:32,2792,21751,183796,608001940,0,0,0
c2207,20220218,20220218,133434500,13:34:35,2792,21751,183796,608001940,0,0,0
c2207,20220218,20220218,133435000,13:34:35,2792,21751,183796,608001940,0,0,0
c2207,20220218,20220218,133441000,13:34:41,2792,21751,183796,608001940,0,0,0
c2207,20220218,20220218,133441500,13:34:43,2792,21751,183796,608001940,0,0,0
c2207,20220218,20220218,133449000,13:34:49,2792,21751,183796,608001940,0,0,0
c2207,20220218,20220218,133451000,13:34:51,2792,21751,183796,608001940,0,0,0
c2207,20220218,20220218,133451500,13:34:52,2792,21751,183796,608001940,0,0,0
c2207,20220218,20220218,133508500,13:35:10,2792,21751,183796,608001940,0,0,0
c2207,20220218,20220218,133510500,13:35:11,2792,21751,183796,608001940,0,0,0
c2207,20220218,20220218,133516000,13:35:16,2792,21751,183796,608001940,0,0,0
c2207,20220218,20220218,133516500,13:35:17,2792,21751,183796,608001940,0,0,0
c2207,20220218,20220218,133526000,13:35:26,2792,21751,183796,608001940,0,0,0
c2207,20220218,20220218,133527500,13:35:31,2792,21751,183796,608001940,0,0,0
c2207,20220218,20220218,133529500,13:35:33,2792,21751,183796,608001940,0,0,0
c2207,20220218,20220218,133540000,13:35:43,2792,21751,183796,608001940,0,0,0
c2207,20220218,20220218,133543000,13:35:44,2792,21751,183796,608001940,0,0,0
c2207,20220218,20220218,133546500,13:35:46,2792,21751,183796,608001940,0,0,0
c2207,20220218,20220218,133548500,13:35:48,2792,21751,183796,608001940,0,0,0
c2207,20220218,20220218,133556000,13:35:56,2794,21908,183747,612387250,157,-49,4385310
c2207,20220218,20220218,133556500,13:35:57,2794,21914,183753,612554890,6,6,167640
c2207,20220218,20220218,133557000,13:35:59,2794,21914,183753,612554890,0,0,0
c2207,20220218,20220218,133558000,13:36:01,2794,21914,183753,612554890,0,0,0
c2207,20220218,20220218,133558500,13:36:03,2794,21914,183753,612554890,0,0,0
c2207,20220218,20220218,133559500,13:36:03,2794,21914,183753,612554890,0,0,0
c2207,20220218,20220218,133600000,13:36:03,2794,21914,183753,612554890,0,0,0
c2207,20220218,20220218,133601500,13:36:03,2794,21914,183753,612554890,0,0,0
c2207,20220218,20220218,133602500,13:36:03,2794,21914,183753,612554890,0,0,0
c2207,20220218,20220218,133603000,13:36:05,2794,21914,183753,612554890,0,0,0
c2207,20220218,20220218,133603500,13:36:05,2794,21914,183753,612554890,0,0,0
c2207,20220218,20220218,133605000,13:36:06,2794,21914,183753,612554890,0,0,0
c2207,20220218,20220218,133605500,13:36:07,2794,21914,183753,612554890,0,0,0
c2207,20220218,20220218,133606000,13:36:07,2794,21914,183753,612554890,0,0,0
c2207,20220218,20220218,133615500,13:36:15,2794,21914,183753,612554890,0,0,0
c2207,20220218,20220218,133619500,13:36:19,2794,21914,183753,612554890,0,0,0
c2207,20220218,20220218,133628000,13:36:28,2794,21914,183753,612554890,0,0,0
c2207,20220218,20220218,133634500,13:36:35,2794,21914,183753,612554890,0,0,0
c2207,20220218,20220218,133638500,13:36:39,2794,21914,183753,612554890,0,0,0
c2207,20220218,20220218,133645500,13:36:46,2794,21914,183753,612554890,0,0,0
c2207,20220218,20220218,133646000,13:36:46,2794,21914,183753,612554890,0,0,0
c2207,20220218,20220218,133646500,13:36:46,2794,21914,183753,612554890,0,0,0
c2207,20220218,20220218,133647500,13:36:48,2794,21914,183753,612554890,0,0,0
c2207,20220218,20220218,133648000,13:36:48,2794,21914,183753,612554890,0,0,0
c2207,20220218,20220218,133648500,13:36:48,2794,21914,183753,612554890,0,0,0
c2207,20220218,20220218,133649000,13:36:49,2794,21914,183753,612554890,0,0,0
c2207,20220218,20220218,133653500,13:36:54,2794,21914,183753,612554890,0,0,0
c2207,20220218,20220218,133654000,13:36:54,2794,21914,183753,612554890,0,0,0
c2207,20220218,20220218,133654500,13:36:54,2794,21914,183753,612554890,0,0,0
c2207,20220218,20220218,133656000,13:36:56,2794,21914,183753,612554890,0,0,0
c2207,20220218,20220218,133656500,13:36:57,2794,21914,183753,612554890,0,0,0
c2207,20220218,20220218,133657000,13:36:58,2794,21914,183753,612554890,0,0,0
c2207,20220218,20220218,133658000,13:36:58,2794,21914,183753,612554890,0,0,0
c2207,20220218,20220218,133658500,13:36:59,2794,21914,183753,612554890,0,0,0
c2207,20220218,20220218,133659000,13:36:59,2794,21914,183753,612554890,0,0,0
c2207,20220218,20220218,133659500,13:37:00,2794,21914,183753,612554890,0,0,0
c2207,20220218,20220218,133702000,13:37:02,2794,21914,183753,612554890,0,0,0
c2207,20220218,20220218,133703500,13:37:03,2794,21914,183753,612554890,0,0,0
c2207,20220218,20220218,133704500,13:37:05,2794,21914,183753,612554890,0,0,0
c2207,20220218,20220218,133706500,13:37:08,2794,21914,183753,612554890,0,0,0
c2207,20220218,20220218,133708500,13:37:08,2794,21914,183753,612554890,0,0,0
c2207,20220218,20220218,133709500,13:37:11,2794,21914,183753,612554890,0,0,0
c2207,20220218,20220218,133711000,13:37:12,2794,21914,183753,612554890,0,0,0
c2207,20220218,20220218,133711500,13:37:13,2794,21914,183753,612554890,0,0,0
c2207,20220218,20220218,133712000,13:37:13,2794,21914,183753,612554890,0,0,0
c2207,20220218,20220218,133712500,13:37:13,2794,21914,183753,612554890,0,0,0
c2207,20220218,20220218,133713000,13:37:14,2794,21914,183753,612554890,0,0,0
c2207,20220218,20220218,133714000,13:37:14,2794,21914,183753,612554890,0,0,0
c2207,20220218,20220218,133714500,13:37:15,2794,21914,183753,612554890,0,0,0
c2207,20220218,20220218,133715500,13:37:16,2794,21914,183753,612554890,0,0,0
c2207,20220218,20220218,133716000,13:37:16,2794,21914,183753,612554890,0,0,0
c2207,20220218,20220218,133718500,13:37:19,2794,21914,183753,612554890,0,0,0
c2207,20220218,20220218,133719000,13:37:19,2794,21914,183753,612554890,0,0,0
c2207,20220218,20220218,133719500,13:37:20,2794,21914,183753,612554890,0,0,0
c2207,20220218,20220218,133720000,13:37:21,2794,21914,183753,612554890,0,0,0
c2207,20220218,20220218,133720500,13:37:21,2794,21914,183753,612554890,0,0,0
c2207,20220218,20220218,133722500,13:37:22,2794,21914,183753,612554890,0,0,0
c2207,20220218,20220218,133723000,13:37:23,2794,21914,183753,612554890,0,0,0
c2207,20220218,20220218,133724000,13:37:24,2794,21914,183753,612554890,0,0,0
c2207,20220218,20220218,133724500,13:37:25,2793,22146,183810,619034960,232,57,6480070
c2207,20220218,20220218,133725000,13:37:25,2793,22151,183805,619174610,5,-5,139650
c2207,20220218,20220218,133725500,13:37:26,2793,22151,183805,619174610,0,0,0
c2207,20220218,20220218,133726000,13:37:26,2793,22151,183805,619174610,0,0,0
c2207,20220218,20220218,133726500,13:37:27,2793,22151,183805,619174610,0,0,0
c2207,20220218,20220218,133727000,13:37:27,2793,22151,183805,619174610,0,0,0
c2207,20220218,20220218,133728500,13:37:29,2793,22151,183805,619174610,0,0,0
c2207,20220218,20220218,133732000,13:37:32,2793,22151,183805,619174610,0,0,0
c2207,20220218,20220218,133733500,13:37:33,2793,22151,183805,619174610,0,0,0
c2207,20220218,20220218,133736500,13:37:37,2793,22151,183805,619174610,0,0,0
c2207,20220218,20220218,133744000,13:37:45,2793,22151,183805,619174610,0,0,0
c2207,20220218,20220218,133744500,13:37:45,2793,22151,183805,619174610,0,0,0
c2207,20220218,20220218,133746000,13:37:46,2793,22171,183788,619733210,20,-17,558600
c2207,20220218,20220218,133747500,13:37:48,2793,22171,183788,619733210,0,0,0
c2207,20220218,20220218,133752500,13:37:54,2793,22171,183788,619733210,0,0,0
c2207,20220218,20220218,133803000,13:38:06,2793,22171,183788,619733210,0,0,0
c2207,20220218,20220218,133805000,13:38:06,2793,22171,183788,619733210,0,0,0
c2207,20220218,20220218,133806000,13:38:08,2793,22171,183788,619733210,0,0,0
c2207,20220218,20220218,133809000,13:38:09,2793,22212,183803,620878340,41,15,1145130
c2207,20220218,20220218,133809500,13:38:10,2793,22227,183813,621297290,15,10,418950
c2207,20220218,20220218,133810000,13:38:10,2793,22227,183813,621297290,0,0,0
c2207,20220218,20220218,133810500,13:38:10,2793,22227,183813,621297290,0,0,0
c2207,20220218,20220218,133811000,13:38:14,2793,22227,183813,621297290,0,0,0
c2207,20220218,20220218,133811500,13:38:14,2793,22227,183813,621297290,0,0,0
c2207,20220218,20220218,133817000,13:38:18,2793,22337,183782,624369580,110,-31,3072290
c2207,20220218,20220218,133817500,13:38:18,2793,22337,183782,624369580,0,0,0
c2207,20220218,20220218,133818000,13:38:18,2793,22337,183782,624369580,0,0,0
c2207,20220218,20220218,133818500,13:38:19,2793,22337,183782,624369580,0,0,0
c2207,20220218,20220218,133819000,13:38:19,2793,22337,183782,624369580,0,0,0
c2207,20220218,20220218,133819500,13:38:19,2793,22337,183782,624369580,0,0,0
c2207,20220218,20220218,133820000,13:38:20,2794,22338,183782,624397520,1,0,27940
c2207,20220218,20220218,133820500,13:38:22,2794,22338,183782,624397520,0,0,0
c2207,20220218,20220218,133823000,13:38:24,2794,22338,183782,624397520,0,0,0
c2207,20220218,20220218,133823500,13:38:24,2794,22338,183782,624397520,0,0,0
c2207,20220218,20220218,133824000,13:38:25,2794,22338,183782,624397520,0,0,0
c2207,20220218,20220218,133825500,13:38:41,2794,22338,183782,624397520,0,0,0
c2207,20220218,20220218,133839500,13:38:42,2794,22338,183782,624397520,0,0,0
c2207,20220218,20220218,133841500,13:38:43,2794,22338,183782,624397520,0,0,0
c2207,20220218,20220218,133842000,13:38:43,2794,22338,183782,624397520,0,0,0
c2207,20220218,20220218,133846000,13:38:46,2794,22338,183782,624397520,0,0,0
c2207,20220218,20220218,133847000,13:38:47,2794,22338,183782,624397520,0,0,0
c2207,20220218,20220218,133850000,13:38:50,2794,22338,183782,624397520,0,0,0
c2207,20220218,20220218,133856500,13:38:56,2794,22338,183782,624397520,0,0,0
c2207,20220218,20220218,133857000,13:38:57,2794,22338,183782,624397520,0,0,0
c2207,20220218,20220218,133859500,13:38:59,2794,22346,183790,624621040,8,8,223520
c2207,20220218,20220218,133901000,13:39:01,2794,22346,183790,624621040,0,0,0
c2207,20220218,20220218,133913500,13:39:13,2794,22346,183790,624621040,0,0,0
c2207,20220218,20220218,133914000,13:39:15,2794,22346,183790,624621040,0,0,0
c2207,20220218,20220218,133914500,13:39:16,2794,22346,183790,624621040,0,0,0
c2207,20220218,20220218,133915000,13:39:19,2794,22346,183790,624621040,0,0,0
c2207,20220218,20220218,133915500,13:39:19,2794,22346,183790,624621040,0,0,0
c2207,20220218,20220218,133918000,13:39:19,2794,22346,183790,624621040,0,0,0
c2207,20220218,20220218,133920500,13:39:20,2794,22346,183790,624621040,0,0,0
c2207,20220218,20220218,133922500,13:39:23,2794,22346,183790,624621040,0,0,0
c2207,20220218,20220218,133923500,13:39:23,2794,22346,183790,624621040,0,0,0
c2207,20220218,20220218,133939500,13:39:39,2794,22346,183790,624621040,0,0,0
c2207,20220218,20220218,133945500,13:39:46,2794,22346,183790,624621040,0,0,0
c2207,20220218,20220218,133946000,13:39:47,2794,22346,183790,624621040,0,0,0
c2207,20220218,20220218,133946500,13:39:47,2794,22346,183790,624621040,0,0,0
c2207,20220218,20220218,133953500,13:39:54,2794,22346,183790,624621040,0,0,0
c2207,20220218,20220218,134010000,13:40:13,2794,22445,183802,627386980,99,12,2765940
c2207,20220218,20220218,134022500,13:40:23,2794,22460,183787,627806080,15,-15,419100
c2207,20220218,20220218,134023500,13:40:24,2794,22460,183787,627806080,0,0,0
c2207,20220218,20220218,134025500,13:40:26,2794,22460,183787,627806080,0,0,0
c2207,20220218,20220218,134026500,13:40:27,2794,22460,183787,627806080,0,0,0
c2207,20220218,20220218,134040500,13:40:42,2794,22460,183787,627806080,0,0,0
c2207,20220218,20220218,134041000,13:40:42,2794,22460,183787,627806080,0,0,0
c2207,20220218,20220218,134045000,13:40:45,2794,22460,183787,627806080,0,0,0
c2207,20220218,20220218,134046000,13:40:46,2794,22460,183787,627806080,0,0,0
c2207,20220218,20220218,134059500,13:41:00,2794,22460,183787,627806080,0,0,0
c2207,20220218,20220218,134100000,13:41:00,2793,22597,183886,631632490,137,99,3826410
c2207,20220218,20220218,134100500,13:41:01,2793,22607,183876,631911790,10,-10,279300
c2207,20220218,20220218,134101000,13:41:01,2793,22607,183876,631911790,0,0,0
c2207,20220218,20220218,134101500,13:41:01,2793,22607,183876,631911790,0,0,0
c2207,20220218,20220218,134102000,13:41:02,2793,22607,183876,631911790,0,0,0
c2207,20220218,20220218,134102500,13:41:03,2793,22607,183876,631911790,0,0,0
c2207,20220218,20220218,134118500,13:41:19,2793,22607,183876,631911790,0,0,0
c2207,20220218,20220218,134119000,13:41:19,2793,22607,183876,631911790,0,0,0
c2207,20220218,20220218,134119500,13:41:20,2793,22764,183794,636296800,157,-82,4385010
c2207,20220218,20220218,134120000,13:41:22,2793,22779,183796,636715750,15,2,418950
c2207,20220218,20220218,134120500,13:41:23,2793,22779,183796,636715750,0,0,0
c2207,20220218,20220218,134121000,13:41:23,2793,22781,183798,636771610,2,2,55860
c2207,20220218,20220218,134121500,13:41:24,2793,22781,183798,636771610,0,0,0
c2207,20220218,20220218,134123000,13:41:24,2793,22781,183798,636771610,0,0,0
c2207,20220218,20220218,134130500,13:41:31,2793,22781,183798,636771610,0,0,0
c2207,20220218,20220218,134139500,13:41:42,2793,22781,183798,636771610,0,0,0
c2207,20220218,20220218,134140500,13:41:42,2793,22781,183798,636771610,0,0,0
c2207,20220218,20220218,134141500,13:41:42,2793,22781,183798,636771610,0,0,0
c2207,20220218,20220218,134142500,13:41:42,2793,22781,183798,636771610,0,0,0
c2207,20220218,20220218,134146500,13:41:47,2793,22781,183798,636771610,0,0,0
c2207,20220218,20220218,134147000,13:41:47,2793,22781,183798,636771610,0,0,0
c2207,20220218,20220218,134148000,13:41:48,2792,22949,183788,641463570,168,-10,4691960
c2207,20220218,20220218,134148500,13:41:49,2792,22952,183785,641547330,3,-3,83760
c2207,20220218,20220218,134149000,13:41:49,2792,22957,183780,641686930,5,-5,139600
c2207,20220218,20220218,134149500,13:41:50,2792,22957,183780,641686930,0,0,0
c2207,20220218,20220218,134150000,13:41:50,2792,22957,183780,641686930,0,0,0
c2207,20220218,20220218,134150500,13:41:51,2792,22957,183780,641686930,0,0,0
c2207,20220218,20220218,134151000,13:41:51,2792,22957,183780,641686930,0,0,0
c2207,20220218,20220218,134153000,13:41:54,2792,22957,183780,641686930,0,0,0
c2207,20220218,20220218,134153500,13:42:01,2792,22957,183780,641686930,0,0,0
c2207,20220218,20220218,134155000,13:42:06,2792,22957,183780,641686930,0,0,0
c2207,20220218,20220218,134201500,13:42:10,2792,22957,183780,641686930,0,0,0
c2207,20220218,20220218,134208000,13:42:12,2792,22957,183780,641686930,0,0,0
c2207,20220218,20220218,134214500,13:42:15,2792,22957,183780,641686930,0,0,0
c2207,20220218,20220218,134223500,13:42:24,2792,22957,183780,641686930,0,0,0
c2207,20220218,20220218,134225500,13:42:26,2792,22957,183780,641686930,0,0,0
c2207,20220218,20220218,134227000,13:42:28,2792,22957,183780,641686930,0,0,0
c2207,20220218,20220218,134257000,13:42:59,2792,22957,183780,641686930,0,0,0
c2207,20220218,20220218,134259000,13:42:59,2792,22957,183780,641686930,0,0,0
c2207,20220218,20220218,134304000,13:43:11,2792,23128,183854,646461250,171,74,4774320
c2207,20220218,20220218,134310000,13:43:12,2792,23128,183854,646461250,0,0,0
c2207,20220218,20220218,134318000,13:43:18,2792,23128,183854,646461250,0,0,0
c2207,20220218,20220218,134323000,13:43:23,2792,23449,183944,655420370,321,90,8959120
c2207,20220218,20220218,134323500,13:43:24,2792,23449,183944,655420370,0,0,0
c2207,20220218,20220218,134324000,13:43:24,2792,23449,183944,655420370,0,0,0
c2207,20220218,20220218,134324500,13:43:25,2792,23449,183944,655420370,0,0,0
c2207,20220218,20220218,134325000,13:43:25,2792,23449,183944,655420370,0,0,0
c2207,20220218,20220218,134351500,13:44:04,2792,23449,183944,655420370,0,0,0
c2207,20220218,20220218,134355500,13:44:04,2791,23494,183950,656676730,45,6,1256360
c2207,20220218,20220218,134403500,13:44:04,2791,23496,183950,656732550,2,0,55820
c2207,20220218,20220218,134405000,13:44:05,2791,23496,183950,656732550,0,0,0
c2207,20220218,20220218,134405500,13:44:06,2791,23497,183950,656760460,1,0,27910
c2207,20220218,20220218,134409500,13:44:17,2791,23498,183950,656788370,1,0,27910
c2207,20220218,20220218,134416500,13:44:17,2791,23498,183950,656788370,0,0,0
c2207,20220218,20220218,134419000,13:44:23,2791,23498,183950,656788370,0,0,0
c2207,20220218,20220218,134424000,13:44:24,2791,23498,183950,656788370,0,0,0
c2207,20220218,20220218,134437000,13:44:37,2792,23551,183922,658268100,53,-28,1479730
c2207,20220218,20220218,134437500,13:44:38,2792,23551,183922,658268100,0,0,0
c2207,20220218,20220218,134450000,13:44:50,2792,23551,183922,658268100,0,0,0
c2207,20220218,20220218,134450500,13:44:50,2792,23551,183922,658268100,0,0,0
c2207,20220218,20220218,134452000,13:44:53,2792,23551,183922,658268100,0,0,0
c2207,20220218,20220218,134452500,13:44:53,2792,23571,183922,658826500,20,0,558400
c2207,20220218,20220218,134456500,13:44:56,2792,23571,183922,658826500,0,0,0
c2207,20220218,20220218,134500500,13:45:01,2792,23574,183922,658910260,3,0,83760
c2207,20220218,20220218,134501000,13:45:01,2792,23582,183925,659133620,8,3,223360
c2207,20220218,20220218,134501500,13:45:02,2792,23582,183925,659133620,0,0,0
c2207,20220218,20220218,134502000,13:45:02,2792,23587,183925,659273220,5,0,139600
c2207,20220218,20220218,134503000,13:45:04,2792,23587,183925,659273220,0,0,0
c2207,20220218,20220218,134516000,13:45:17,2792,23587,183925,659273220,0,0,0
c2207,20220218,20220218,134525500,13:45:27,2792,23587,183925,659273220,0,0,0
c2207,20220218,20220218,134526000,13:45:28,2792,23591,183929,659384900,4,4,111680
c2207,20220218,20220218,134533500,13:45:34,2792,23601,183929,659664100,10,0,279200
c2207,20220218,20220218,134534000,13:45:35,2792,23601,183929,659664100,0,0,0
c2207,20220218,20220218,134535000,13:45:35,2792,23601,183929,659664100,0,0,0
c2207,20220218,20220218,134537500,13:45:38,2792,23601,183929,659664100,0,0,0
c2207,20220218,20220218,134539500,13:45:40,2792,23601,183929,659664100,0,0,0
c2207,20220218,20220218,134548000,13:45:48,2792,23601,183929,659664100,0,0,0
c2207,20220218,20220218,134553000,13:45:54,2792,23601,183929,659664100,0,0,0
c2207,20220218,20220218,134554000,13:45:55,2792,23601,183929,659664100,0,0,0
c2207,20220218,20220218,134555000,13:45:56,2792,23601,183929,659664100,0,0,0
c2207,20220218,20220218,134559000,13:46:01,2792,23601,183929,659664100,0,0,0
c2207,20220218,20220218,134613500,13:46:14,2792,23601,183929,659664100,0,0,0
c2207,20220218,20220218,134616500,13:46:18,2791,23755,184017,663962260,154,88,4298160
c2207,20220218,20220218,134617500,13:46:18,2791,23755,184017,663962260,0,0,0
c2207,20220218,20220218,134618500,13:46:19,2791,23755,184017,663962260,0,0,0
c2207,20220218,20220218,134619000,13:46:19,2791,23755,184017,663962260,0,0,0
c2207,20220218,20220218,134620000,13:46:20,2791,23755,184017,663962260,0,0,0
c2207,20220218,20220218,134620500,13:46:21,2791,23755,184017,663962260,0,0,0
c2207,20220218,20220218,134621500,13:46:21,2791,23755,184017,663962260,0,0,0
c2207,20220218,20220218,134622500,13:46:30,2791,23755,184017,663962260,0,0,0
c2207,20220218,20220218,134629500,13:46:31,2791,23755,184017,663962260,0,0,0
c2207,20220218,20220218,134634000,13:46:34,2791,23755,184017,663962260,0,0,0
c2207,20220218,20220218,134634500,13:46:35,2791,23755,184017,663962260,0,0,0
c2207,20220218,20220218,134635000,13:46:35,2791,23755,184017,663962260,0,0,0
c2207,20220218,20220218,134635500,13:46:36,2791,23755,184017,663962260,0,0,0
c2207,20220218,20220218,134636000,13:46:37,2791,23755,184017,663962260,0,0,0
c2207,20220218,20220218,134637000,13:46:37,2791,23755,184017,663962260,0,0,0
c2207,20220218,20220218,134644500,13:46:47,2791,23755,184017,663962260,0,0,0
c2207,20220218,20220218,134645000,13:46:47,2791,23755,184017,663962260,0,0,0
c2207,20220218,20220218,134647500,13:46:47,2791,23755,184017,663962260,0,0,0
c2207,20220218,20220218,134653500,13:46:54,2791,23755,184017,663962260,0,0,0
c2207,20220218,20220218,134654000,13:46:55,2791,23755,184017,663962260,0,0,0
c2207,20220218,20220218,134656000,13:46:56,2791,23755,184017,663962260,0,0,0
c2207,20220218,20220218,134701500,13:47:02,2791,23755,184017,663962260,0,0,0
c2207,20220218,20220218,134702000,13:47:02,2791,23755,184017,663962260,0,0,0
c2207,20220218,20220218,134702500,13:47:02,2791,23755,184017,663962260,0,0,0
c2207,20220218,20220218,134708500,13:47:11,2791,23755,184017,663962260,0,0,0
c2207,20220218,20220218,134710000,13:47:12,2791,23755,184017,663962260,0,0,0
c2207,20220218,20220218,134715000,13:47:17,2791,23755,184017,663962260,0,0,0
c2207,20220218,20220218,134719000,13:47:19,2792,23908,183978,668232740,153,-39,4270480
c2207,20220218,20220218,134719500,13:47:19,2792,23908,183978,668232740,0,0,0
c2207,20220218,20220218,134731500,13:47:31,2792,23908,183978,668232740,0,0,0
c2207,20220218,20220218,134734500,13:47:36,2792,23908,183978,668232740,0,0,0
c2207,20220218,20220218,134741000,13:47:41,2792,23908,183978,668232740,0,0,0
c2207,20220218,20220218,134756000,13:47:56,2792,23908,183978,668232740,0,0,0
c2207,20220218,20220218,134804500,13:48:05,2792,23908,183978,668232740,0,0,0
c2207,20220218,20220218,134819000,13:48:20,2792,23908,183978,668232740,0,0,0
c2207,20220218,20220218,134819500,13:48:21,2792,23908,183978,668232740,0,0,0
c2207,20220218,20220218,134820000,13:48:22,2792,23908,183978,668232740,0,0,0
c2207,20220218,20220218,134820500,13:48:22,2792,23908,183978,668232740,0,0,0
c2207,20220218,20220218,134823500,13:48:24,2792,23908,183978,668232740,0,0,0
c2207,20220218,20220218,134824000,13:48:24,2792,23908,183978,668232740,0,0,0
c2207,20220218,20220218,134824500,13:48:24,2792,23908,183978,668232740,0,0,0
c2207,20220218,20220218,134826000,13:48:27,2792,23908,183978,668232740,0,0,0
c2207,20220218,20220218,134828000,13:48:28,2792,23908,183978,668232740,0,0,0
c2207,20220218,20220218,134829000,13:48:29,2792,23908,183978,668232740,0,0,0
c2207,20220218,20220218,134832000,13:48:32,2792,23908,183978,668232740,0,0,0
c2207,20220218,20220218,134838500,13:48:38,2792,23908,183978,668232740,0,0,0
c2207,20220218,20220218,134846000,13:48:46,2792,23908,183978,668232740,0,0,0
c2207,20220218,20220218,134848000,13:48:48,2792,23908,183978,668232740,0,0,0
c2207,20220218,20220218,134849500,13:48:49,2792,23961,183971,669712500,53,-7,1479760
c2207,20220218,20220218,134850000,13:48:50,2792,23961,183971,669712500,0,0,0
c2207,20220218,20220218,134850500,13:48:51,2792,23961,183971,669712500,0,0,0
c2207,20220218,20220218,134851000,13:48:51,2792,23961,183971,669712500,0,0,0
c2207,20220218,20220218,134853500,13:48:55,2792,23961,183971,669712500,0,0,0
c2207,20220218,20220218,134854000,13:48:56,2792,23961,183971,669712500,0,0,0
c2207,20220218,20220218,134906500,13:49:06,2792,23961,183971,669712500,0,0,0
c2207,20220218,20220218,134907000,13:49:07,2792,23961,183971,669712500,0,0,0
c2207,20220218,20220218,134907500,13:49:07,2792,23961,183971,669712500,0,0,0
c2207,20220218,20220218,134910500,13:49:10,2792,23961,183971,669712500,0,0,0
c2207,20220218,20220218,134912500,13:49:13,2792,23961,183971,669712500,0,0,0
c2207,20220218,20220218,134913000,13:49:13,2792,23961,183971,669712500,0,0,0
c2207,20220218,20220218,134920500,13:49:20,2792,23987,183961,670438420,26,-10,725920
c2207,20220218,20220218,134921000,13:49:21,2792,23987,183961,670438420,0,0,0
c2207,20220218,20220218,134922500,13:49:23,2792,23987,183961,670438420,0,0,0
c2207,20220218,20220218,134923000,13:49:24,2792,23987,183961,670438420,0,0,0
c2207,20220218,20220218,134923500,13:49:24,2792,24011,183981,671108500,24,20,670080
c2207,20220218,20220218,134924000,13:49:24,2792,24012,183982,671136420,1,1,27920
c2207,20220218,20220218,134924500,13:49:25,2792,24012,183982,671136420,0,0,0
c2207,20220218,20220218,134926500,13:49:27,2792,24012,183982,671136420,0,0,0
c2207,20220218,20220218,134928000,13:49:28,2792,24012,183982,671136420,0,0,0
c2207,20220218,20220218,134929500,13:49:30,2792,24012,183982,671136420,0,0,0
c2207,20220218,20220218,134939000,13:49:39,2792,24012,183982,671136420,0,0,0
c2207,20220218,20220218,134939500,13:49:39,2792,24012,183982,671136420,0,0,0
c2207,20220218,20220218,134940000,13:49:40,2792,24012,183982,671136420,0,0,0
c2207,20220218,20220218,134945500,13:49:46,2792,24012,183982,671136420,0,0,0
c2207,20220218,20220218,134946000,13:49:46,2792,24012,183982,671136420,0,0,0
c2207,20220218,20220218,134948500,13:49:48,2792,24012,183982,671136420,0,0,0
c2207,20220218,20220218,134953500,13:49:55,2791,24167,184034,675462470,155,52,4326050
c2207,20220218,20220218,134954000,13:49:55,2791,24167,184034,675462470,0,0,0
c2207,20220218,20220218,134954500,13:49:55,2791,24167,184034,675462470,0,0,0
c2207,20220218,20220218,134955500,13:49:56,2791,24167,184034,675462470,0,0,0
c2207,20220218,20220218,134956000,13:49:56,2791,24167,184034,675462470,0,0,0
c2207,20220218,20220218,134959500,13:49:59,2791,24167,184034,675462470,0,0,0
c2207,20220218,20220218,135005000,13:50:05,2791,24167,184034,675462470,0,0,0
c2207,20220218,20220218,135008500,13:50:26,2791,24167,184034,675462470,0,0,0
c2207,20220218,20220218,135009500,13:50:26,2791,24307,183984,679369870,140,-50,3907400
c2207,20220218,20220218,135022500,13:50:27,2791,24472,184032,683975020,165,48,4605150
c2207,20220218,20220218,135028500,13:50:35,2791,24472,184032,683975020,0,0,0
c2207,20220218,20220218,135032000,13:50:37,2791,24474,184032,684030840,2,0,55820
c2207,20220218,20220218,135037000,13:50:38,2791,24474,184032,684030840,0,0,0
c2207,20220218,20220218,135037500,13:50:38,2791,24474,184032,684030840,0,0,0
c2207,20220218,20220218,135042000,13:50:43,2791,24610,183993,687826600,136,-39,3795760
c2207,20220218,20220218,135042500,13:50:43,2791,24643,183978,688747630,33,-15,921030
c2207,20220218,20220218,135043000,13:50:43,2791,24643,183978,688747630,0,0,0
c2207,20220218,20220218,135043500,13:50:45,2791,24643,183978,688747630,0,0,0
c2207,20220218,20220218,135044000,13:50:45,2791,24643,183978,688747630,0,0,0
c2207,20220218,20220218,135049000,13:50:49,2791,24643,183978,688747630,0,0,0
c2207,20220218,20220218,135049500,13:50:50,2791,24643,183978,688747630,0,0,0
c2207,20220218,20220218,135050000,13:50:50,2791,24643,183978,688747630,0,0,0
c2207,20220218,20220218,135050500,13:50:51,2791,24643,183978,688747630,0,0,0
c2207,20220218,20220218,135051000,13:50:51,2791,24643,183978,688747630,0,0,0
c2207,20220218,20220218,135051500,13:50:52,2791,24643,183978,688747630,0,0,0
c2207,20220218,20220218,135053000,13:50:53,2791,24735,183957,691315350,92,-21,2567720
c2207,20220218,20220218,135053500,13:50:54,2791,24761,183957,692041010,26,0,725660
c2207,20220218,20220218,135054000,13:50:54,2791,24761,183957,692041010,0,0,0
c2207,20220218,20220218,135054500,13:50:55,2791,24761,183957,692041010,0,0,0
c2207,20220218,20220218,135055000,13:50:55,2791,24761,183957,692041010,0,0,0
c2207,20220218,20220218,135055500,13:50:55,2791,24761,183957,692041010,0,0,0
c2207,20220218,20220218,135056000,13:50:56,2791,24761,183957,692041010,0,0,0
c2207,20220218,20220218,135059500,13:51:00,2791,24761,183957,692041010,0,0,0
c2207,20220218,20220218,135100000,13:51:00,2791,24761,183957,692041010,0,0,0
c2207,20220218,20220218,135103500,13:51:04,2791,24761,183957,692041010,0,0,0
c2207,20220218,20220218,135105500,13:51:06,2791,24907,184047,696115870,146,90,4074860
c2207,20220218,20220218,135106000,13:51:06,2791,24907,184047,696115870,0,0,0
c2207,20220218,20220218,135106500,13:51:11,2791,24907,184047,696115870,0,0,0
c2207,20220218,20220218,135107500,13:51:21,2791,24907,184047,696115870,0,0,0
c2207,20220218,20220218,135108000,13:51:21,2791,24907,184047,696115870,0,0,0
c2207,20220218,20220218,135118500,13:51:21,2791,24907,184047,696115870,0,0,0
c2207,20220218,20220218,135125000,13:51:25,2791,24907,184047,696115870,0,0,0
c2207,20220218,20220218,135126000,13:51:27,2791,24917,184047,696394970,10,0,279100
c2207,20220218,20220218,135128000,13:51:28,2791,24917,184047,696394970,0,0,0
c2207,20220218,20220218,135131500,13:51:31,2791,24917,184047,696394970,0,0,0
c2207,20220218,20220218,135132000,13:51:32,2791,24927,184047,696674070,10,0,279100
c2207,20220218,20220218,135134000,13:51:34,2791,24938,184047,696981080,11,0,307010
c2207,20220218,20220218,135202500,13:52:03,2791,24968,184040,697818380,30,-7,837300
c2207,20220218,20220218,135203500,13:52:04,2791,24968,184040,697818380,0,0,0
c2207,20220218,20220218,135205500,13:52:06,2791,24968,184040,697818380,0,0,0
c2207,20220218,20220218,135207500,13:52:10,2791,24968,184040,697818380,0,0,0
c2207,20220218,20220218,135208000,13:52:10,2791,24968,184040,697818380,0,0,0
c2207,20220218,20220218,135212500,13:52:13,2791,25009,184007,698962680,41,-33,1144300
c2207,20220218,20220218,135216000,13:52:16,2791,25009,184007,698962680,0,0,0
c2207,20220218,20220218,135225000,13:52:25,2791,25009,184007,698962680,0,0,0
c2207,20220218,20220218,135232000,13:52:32,2791,25009,184007,698962680,0,0,0
c2207,20220218,20220218,135235000,13:52:36,2791,25009,184007,698962680,0,0,0
c2207,20220218,20220218,135236000,13:52:37,2791,25014,184007,699102230,5,0,139550
c2207,20220218,20220218,135242500,13:52:45,2790,25015,184006,699130130,1,-1,27900
c2207,20220218,20220218,135254000,13:52:54,2790,25015,184006,699130130,0,0,0
c2207,20220218,20220218,135254500,13:52:54,2791,25020,184006,699269680,5,0,139550
c2207,20220218,20220218,135255000,13:52:55,2791,25020,184006,699269680,0,0,0
c2207,20220218,20220218,135258500,13:52:59,2791,25020,184006,699269680,0,0,0
c2207,20220218,20220218,135301500,13:53:02,2790,25021,184006,699297580,1,0,27900
c2207,20220218,20220218,135302000,13:53:02,2790,25021,184006,699297580,0,0,0
c2207,20220218,20220218,135302500,13:53:03,2790,25021,184006,699297580,0,0,0
c2207,20220218,20220218,135303500,13:53:04,2790,25022,184006,699325480,1,0,27900
c2207,20220218,20220218,135307000,13:53:09,2790,25023,184006,699353380,1,0,27900
c2207,20220218,20220218,135307500,13:53:09,2790,25023,184006,699353380,0,0,0
c2207,20220218,20220218,135309500,13:53:09,2790,25024,184007,699381280,1,1,27900
c2207,20220218,20220218,135312000,13:53:12,2790,25025,184008,699409180,1,1,27900
c2207,20220218,20220218,135312500,13:53:13,2790,25034,184017,699660280,9,9,251100
c2207,20220218,20220218,135313000,13:53:13,2790,25034,184017,699660280,0,0,0
c2207,20220218,20220218,135313500,13:53:13,2790,25034,184017,699660280,0,0,0
c2207,20220218,20220218,135314500,13:53:15,2790,25034,184017,699660280,0,0,0
c2207,20220218,20220218,135315500,13:53:16,2790,25034,184017,699660280,0,0,0
c2207,20220218,20220218,135316000,13:53:16,2790,25035,184018,699688180,1,1,27900
c2207,20220218,20220218,135317500,13:53:20,2790,25035,184018,699688180,0,0,0
c2207,20220218,20220218,135319500,13:53:20,2790,25035,184018,699688180,0,0,0
c2207,20220218,20220218,135320000,13:53:20,2790,25046,184014,699995180,11,-4,307000
c2207,20220218,20220218,135320500,13:53:21,2790,25046,184014,699995180,0,0,0
c2207,20220218,20220218,135321000,13:53:21,2790,25046,184014,699995180,0,0,0
c2207,20220218,20220218,135323500,13:53:23,2790,25047,184015,700023080,1,1,27900
c2207,20220218,20220218,135326500,13:53:26,2790,25047,184015,700023080,0,0,0
c2207,20220218,20220218,135327500,13:53:28,2790,25047,184015,700023080,0,0,0
c2207,20220218,20220218,135330000,13:53:30,2790,25047,184015,700023080,0,0,0
c2207,20220218,20220218,135330500,13:53:31,2790,25047,184015,700023080,0,0,0
c2207,20220218,20220218,135331000,13:53:31,2790,25047,184015,700023080,0,0,0
c2207,20220218,20220218,135331500,13:53:32,2790,25047,184015,700023080,0,0,0
c2207,20220218,20220218,135332000,13:53:32,2790,25047,184015,700023080,0,0,0
c2207,20220218,20220218,135333000,13:53:33,2790,25047,184015,700023080,0,0,0
c2207,20220218,20220218,135333500,13:53:33,2790,25047,184015,700023080,0,0,0
c2207,20220218,20220218,135334000,13:53:35,2790,25047,184015,700023080,0,0,0
c2207,20220218,20220218,135335000,13:53:36,2790,25047,184015,700023080,0,0,0
c2207,20220218,20220218,135336000,13:53:44,2790,25047,184015,700023080,0,0,0
c2207,20220218,20220218,135339000,13:53:45,2790,25047,184015,700023080,0,0,0
c2207,20220218,20220218,135345000,13:53:46,2790,25047,184015,700023080,0,0,0
c2207,20220218,20220218,135346000,13:53:47,2790,25047,184015,700023080,0,0,0
c2207,20220218,20220218,135352000,13:53:53,2790,25050,184014,700106800,3,-1,83720
c2207,20220218,20220218,135358000,13:53:59,2790,25050,184014,700106800,0,0,0
c2207,20220218,20220218,135359000,13:54:00,2790,25050,184014,700106800,0,0,0
c2207,20220218,20220218,135400000,13:54:08,2790,25050,184014,700106800,0,0,0
c2207,20220218,20220218,135404500,13:54:09,2790,25050,184014,700106800,0,0,0
c2207,20220218,20220218,135413500,13:54:14,2790,25050,184014,700106800,0,0,0
c2207,20220218,20220218,135416000,13:54:16,2791,25163,184015,703260630,113,1,3153830
c2207,20220218,20220218,135416500,13:54:16,2791,25163,184015,703260630,0,0,0
c2207,20220218,20220218,135417000,13:54:17,2791,25163,184015,703260630,0,0,0
c2207,20220218,20220218,135417500,13:54:18,2791,25163,184015,703260630,0,0,0
c2207,20220218,20220218,135418000,13:54:18,2791,25163,184015,703260630,0,0,0
c2207,20220218,20220218,135418500,13:54:18,2791,25163,184015,703260630,0,0,0
c2207,20220218,20220218,135424500,13:54:25,2791,25165,184016,703316450,2,1,55820
c2207,20220218,20220218,135426500,13:54:27,2791,25165,184016,703316450,0,0,0
c2207,20220218,20220218,135429500,13:54:31,2791,25166,184017,703344360,1,1,27910
c2207,20220218,20220218,135436000,13:54:36,2791,25166,184017,703344360,0,0,0
c2207,20220218,20220218,135437000,13:54:37,2791,25166,184017,703344360,0,0,0
c2207,20220218,20220218,135444000,13:54:44,2791,25167,184018,703372270,1,1,27910
c2207,20220218,20220218,135446500,13:54:47,2791,25168,184018,703400180,1,0,27910
c2207,20220218,20220218,135447000,13:54:47,2791,25169,184017,703428090,1,-1,27910
c2207,20220218,20220218,135449000,13:54:49,2791,25169,184017,703428090,0,0,0
c2207,20220218,20220218,135450500,13:54:50,2791,25169,184017,703428090,0,0,0
c2207,20220218,20220218,135452000,13:54:52,2792,25170,184018,703456010,1,1,27920
c2207,20220218,20220218,135455000,13:54:55,2792,25170,184018,703456010,0,0,0
c2207,20220218,20220218,135457000,13:54:57,2792,25170,184018,703456010,0,0,0
c2207,20220218,20220218,135457500,13:54:58,2792,25170,184018,703456010,0,0,0
c2207,20220218,20220218,135503000,13:55:03,2791,25172,184020,703511830,2,2,55820
c2207,20220218,20220218,135503500,13:55:04,2791,25173,184020,703539740,1,0,27910
c2207,20220218,20220218,135505500,13:55:06,2791,25173,184020,703539740,0,0,0
c2207,20220218,20220218,135506000,13:55:06,2791,25173,184020,703539740,0,0,0
c2207,20220218,20220218,135507500,13:55:11,2791,25173,184020,703539740,0,0,0
c2207,20220218,20220218,135513000,13:55:13,2790,25177,184022,703651360,4,2,111620
c2207,20220218,20220218,135513500,13:55:15,2790,25177,184022,703651360,0,0,0
c2207,20220218,20220218,135514000,13:55:15,2790,25177,184022,703651360,0,0,0
c2207,20220218,20220218,135518000,13:55:24,2790,25177,184022,703651360,0,0,0
c2207,20220218,20220218,135520000,13:55:25,2790,25177,184022,703651360,0,0,0
c2207,20220218,20220218,135524500,13:55:25,2791,25179,184024,703707180,2,2,55820
c2207,20220218,20220218,135533000,13:55:33,2791,25179,184024,703707180,0,0,0
c2207,20220218,20220218,135534500,13:55:34,2791,25179,184024,703707180,0,0,0
c2207,20220218,20220218,135535000,13:55:35,2791,25179,184024,703707180,0,0,0
c2207,20220218,20220218,135540500,13:55:41,2791,25186,184024,703902550,7,0,195370
c2207,20220218,20220218,135541000,13:55:41,2791,25187,184023,703930460,1,-1,27910
c2207,20220218,20220218,135541500,13:55:41,2791,25187,184023,703930460,0,0,0
c2207,20220218,20220218,135542500,13:55:42,2791,25187,184023,703930460,0,0,0
c2207,20220218,20220218,135550500,13:55:50,2791,25187,184023,703930460,0,0,0
c2207,20220218,20220218,135551000,13:55:52,2791,25187,184023,703930460,0,0,0
c2207,20220218,20220218,135552500,13:55:52,2791,25187,184023,703930460,0,0,0
c2207,20220218,20220218,135554500,13:55:54,2791,25187,184023,703930460,0,0,0
c2207,20220218,20220218,135555500,13:55:57,2791,25187,184023,703930460,0,0,0
c2207,20220218,20220218,135557500,13:55:58,2791,25187,184023,703930460,0,0,0
c2207,20220218,20220218,135611500,13:56:23,2791,25187,184023,703930460,0,0,0
c2207,20220218,20220218,135620500,13:56:24,2791,25187,184023,703930460,0,0,0
c2207,20220218,20220218,135623500,13:56:24,2791,25193,184024,704097910,6,1,167450
c2207,20220218,20220218,135624000,13:56:24,2790,25198,184024,704237450,5,0,139540
c2207,20220218,20220218,135624500,13:56:24,2791,25201,184021,704321180,3,-3,83730
c2207,20220218,20220218,135625000,13:56:25,2791,25201,184021,704321180,0,0,0
c2207,20220218,20220218,135626000,13:56:33,2791,25201,184021,704321180,0,0,0
c2207,20220218,20220218,135633000,13:56:35,2791,25201,184021,704321180,0,0,0
c2207,20220218,20220218,135634000,13:56:35,2791,25201,184021,704321180,0,0,0
c2207,20220218,20220218,135644500,13:56:45,2791,25201,184021,704321180,0,0,0
c2207,20220218,20220218,135646000,13:56:47,2791,25201,184021,704321180,0,0,0
c2207,20220218,20220218,135647500,13:56:48,2791,25201,184021,704321180,0,0,0
c2207,20220218,20220218,135649000,13:56:50,2791,25201,184021,704321180,0,0,0
c2207,20220218,20220218,135649500,13:56:50,2791,25201,184021,704321180,0,0,0
c2207,20220218,20220218,135650000,13:56:51,2791,25201,184021,704321180,0,0,0
c2207,20220218,20220218,135651000,13:56:51,2791,25201,184021,704321180,0,0,0
c2207,20220218,20220218,135652000,13:56:52,2791,25201,184021,704321180,0,0,0
c2207,20220218,20220218,135652500,13:56:52,2791,25201,184021,704321180,0,0,0
c2207,20220218,20220218,135653000,13:56:53,2791,25201,184021,704321180,0,0,0
c2207,20220218,20220218,135656500,13:56:56,2791,25201,184021,704321180,0,0,0
c2207,20220218,20220218,135702500,13:57:03,2791,25201,184021,704321180,0,0,0
c2207,20220218,20220218,135703000,13:57:03,2791,25203,184023,704377000,2,2,55820
c2207,20220218,20220218,135703500,13:57:04,2791,25203,184023,704377000,0,0,0
c2207,20220218,20220218,135704000,13:57:04,2791,25203,184023,704377000,0,0,0
c2207,20220218,20220218,135705000,13:57:05,2791,25203,184023,704377000,0,0,0
c2207,20220218,20220218,135706000,13:57:06,2791,25203,184023,704377000,0,0,0
c2207,20220218,20220218,135706500,13:57:07,2791,25208,184026,704516550,5,3,139550
c2207,20220218,20220218,135707000,13:57:07,2791,25208,184026,704516550,0,0,0
c2207,20220218,20220218,135707500,13:57:08,2791,25208,184026,704516550,0,0,0
