m2203,20220218,20220218,111950500,11:20:10,4031,4826,14025,194520530,4826,-2790,194520530
m2203,20220218,20220218,112011500,11:20:12,4031,4826,14025,194520530,0,0,0
m2203,20220218,20220218,112022000,11:20:22,4031,4826,14025,194520530,0,0,0
m2203,20220218,20220218,112022500,11:20:23,4031,4826,14025,194520530,0,0,0
m2203,20220218,20220218,112119500,11:21:19,4031,4826,14025,194520530,0,0,0
m2203,20220218,20220218,112120000,11:21:20,4031,4826,14025,194520530,0,0,0
m2203,20220218,20220218,112330000,11:23:33,4031,4826,14025,194520530,0,0,0
m2203,20220218,20220218,112338000,11:23:38,4036,4832,14026,194762670,6,1,242140
m2203,20220218,20220218,112340000,11:23:40,4035,4833,14027,194803020,1,1,40350
m2203,20220218,20220218,112341500,11:23:41,4035,4833,14027,194803020,0,0,0
m2203,20220218,20220218,112342500,11:23:42,4035,4833,14027,194803020,0,0,0
m2203,20220218,20220218,112349500,11:23:50,4035,4833,14027,194803020,0,0,0
m2203,20220218,20220218,112353000,11:23:53,4035,4833,14027,194803020,0,0,0
m2203,20220218,20220218,112355000,11:23:55,4035,4833,14027,194803020,0,0,0
m2203,20220218,20220218,112355500,11:23:55,4035,4833,14027,194803020,0,0,0
m2203,20220218,20220218,112356000,11:23:56,4035,4833,14027,194803020,0,0,0
m2203,20220218,20220218,112357000,11:23:57,4035,4833,14027,194803020,0,0,0
m2203,20220218,20220218,112402000,11:24:02,4035,4833,14027,194803020,0,0,0
m2203,20220218,20220218,112402500,11:24:02,4035,4833,14027,194803020,0,0,0
m2203,20220218,20220218,112409500,11:24:11,4035,4833,14027,194803020,0,0,0
m2203,20220218,20220218,112412500,11:24:12,4035,4833,14027,194803020,0,0,0
m2203,20220218,20220218,112416000,11:24:16,4035,4833,14027,194803020,0,0,0
m2203,20220218,20220218,112416500,11:24:16,4035,4833,14027,194803020,0,0,0
m2203,20220218,20220218,112417000,11:24:17,4035,4833,14027,194803020,0,0,0
m2203,20220218,20220218,112417500,11:24:18,4035,4833,14027,194803020,0,0,0
m2203,20220218,20220218,112422500,11:24:23,4035,4833,14027,194803020,0,0,0
m2203,20220218,20220218,112426000,11:24:26,4035,4833,14027,194803020,0,0,0
m2203,20220218,20220218,112437500,11:24:37,4037,4834,14027,194843390,1,0,40370
m2203,20220218,20220218,112438000,11:24:39,4037,4834,14027,194843390,0,0,0
m2203,20220218,20220218,112449500,11:24:49,4037,4834,14027,194843390,0,0,0
m2203,20220218,20220218,112450000,11:24:50,4038,4835,14027,194883770,1,0,40380
m2203,20220218,20220218,112451500,11:24:51,4038,4835,14027,194883770,0,0,0
m2203,20220218,20220218,112452500,11:24:52,4038,4840,14027,195085670,5,0,201900
m2203,20220218,20220218,112501000,11:25:01,4038,4840,14027,195085670,0,0,0
m2203,20220218,20220218,112501500,11:25:02,4038,4840,14027,195085670,0,0,0
m2203,20220218,20220218,112502000,11:25:05,4038,4840,14027,195085670,0,0,0
m2203,20220218,20220218,112502500,11:25:06,4039,4841,14027,195126060,1,0,40390
m2203,20220218,20220218,112503000,11:25:06,4039,4841,14027,195126060,0,0,0
m2203,20220218,20220218,112505000,11:25:06,4039,4841,14027,195126060,0,0,0
m2203,20220218,20220218,112506000,11:25:06,4039,4841,14027,195126060,0,0,0
m2203,20220218,20220218,112508000,11:25:08,4038,4843,14027,195206830,2,0,80770
m2203,20220218,20220218,112510000,11:25:10,4038,4843,14027,195206830,0,0,0
m2203,20220218,20220218,112510500,11:25:10,4038,4843,14027,195206830,0,0,0
m2203,20220218,20220218,112512500,11:25:12,4038,4843,14027,195206830,0,0,0
m2203,20220218,20220218,112513500,11:25:15,4038,4843,14027,195206830,0,0,0
m2203,20220218,20220218,112516000,11:25:16,4038,4843,14027,195206830,0,0,0
m2203,20220218,20220218,112524500,11:25:25,4038,4843,14027,195206830,0,0,0
m2203,20220218,20220218,112525000,11:25:25,4038,4843,14027,195206830,0,0,0
m2203,20220218,20220218,112525500,11:25:25,4038,4843,14027,195206830,0,0,0
m2203,20220218,20220218,112526500,11:25:27,4038,4843,14027,195206830,0,0,0
m2203,20220218,20220218,112538000,11:25:38,4038,4843,14027,195206830,0,0,0
m2203,20220218,20220218,112538500,11:25:39,4038,4843,14027,195206830,0,0,0
m2203,20220218,20220218,112539000,11:25:39,4038,4843,14027,195206830,0,0,0
m2203,20220218,20220218,112545500,11:25:46,4038,4844,14027,195247210,1,0,40380
m2203,20220218,20220218,112549500,11:25:49,4036,4846,14027,195327930,2,0,80720
m2203,20220218,20220218,112550000,11:25:50,4036,4846,14027,195327930,0,0,0
m2203,20220218,20220218,112550500,11:25:50,4036,4846,14027,195327930,0,0,0
m2203,20220218,20220218,112555500,11:25:56,4036,4846,14027,195327930,0,0,0
m2203,20220218,20220218,112635000,11:26:37,4036,4846,14027,195327930,0,0,0
m2203,20220218,20220218,112705000,11:27:12,4036,4846,14027,195327930,0,0,0
m2203,20220218,20220218,112714000,11:27:14,4036,4846,14027,195327930,0,0,0
m2203,20220218,20220218,112714500,11:27:15,4037,4847,14027,195368300,1,0,40370
m2203,20220218,20220218,112715000,11:27:15,4037,4847,14027,195368300,0,0,0
m2203,20220218,20220218,112715500,11:27:16,4037,4847,14027,195368300,0,0,0
m2203,20220218,20220218,112716500,11:27:17,4037,4847,14027,195368300,0,0,0
m2203,20220218,20220218,112717000,11:27:17,4037,4847,14027,195368300,0,0,0
m2203,20220218,20220218,112718000,11:27:18,4037,4847,14027,195368300,0,0,0
m2203,20220218,20220218,112720000,11:27:20,4037,4847,14027,195368300,0,0,0
m2203,20220218,20220218,112727000,11:27:27,4037,4847,14027,195368300,0,0,0
m2203,20220218,20220218,112728000,11:27:28,4037,4847,14027,195368300,0,0,0
m2203,20220218,20220218,112728500,11:27:28,4037,4847,14027,195368300,0,0,0
m2203,20220218,20220218,112729500,11:27:29,4037,4847,14027,195368300,0,0,0
m2203,20220218,20220218,112730000,11:27:30,4037,4847,14027,195368300,0,0,0
m2203,20220218,20220218,112738500,11:27:39,4037,4847,14027,195368300,0,0,0
m2203,20220218,20220218,112742500,11:27:43,4037,4847,14027,195368300,0,0,0
m2203,20220218,20220218,112743000,11:27:43,4037,4847,14027,195368300,0,0,0
m2203,20220218,20220218,112805000,11:28:06,4037,4847,14027,195368300,0,0,0
m2203,20220218,20220218,112805500,11:28:06,4039,4848,14027,195408690,1,0,40390
m2203,20220218,20220218,112814000,11:28:14,4038,4849,14027,195449070,1,0,40380
m2203,20220218,20220218,112823000,11:28:23,4038,4849,14027,195449070,0,0,0
m2203,20220218,20220218,112823500,11:28:23,4038,4849,14027,195449070,0,0,0
m2203,20220218,20220218,112833000,11:28:33,4038,4849,14027,195449070,0,0,0
m2203,20220218,20220218,112844500,11:28:44,4038,4849,14027,195449070,0,0,0
m2203,20220218,20220218,112849000,11:28:49,4038,4849,14027,195449070,0,0,0
m2203,20220218,20220218,112850000,11:28:50,4038,4849,14027,195449070,0,0,0
m2203,20220218,20220218,112856000,11:28:56,4039,4850,14028,195489460,1,1,40390
m2203,20220218,20220218,112856500,11:28:56,4039,4850,14028,195489460,0,0,0
m2203,20220218,20220218,112857000,11:28:57,4039,4850,14028,195489460,0,0,0
m2203,20220218,20220218,112858500,11:28:59,4039,4850,14028,195489460,0,0,0
m2203,20220218,20220218,112859000,11:28:59,4039,4850,14028,195489460,0,0,0
m2203,20220218,20220218,112903000,11:29:03,4039,4850,14028,195489460,0,0,0
m2203,20220218,20220218,112910000,11:29:10,4039,4850,14028,195489460,0,0,0
m2203,20220218,20220218,112910500,11:29:10,4039,4850,14028,195489460,0,0,0
m2203,20220218,20220218,112913500,11:29:13,4039,4850,14028,195489460,0,0,0
m2203,20220218,20220218,112915500,11:29:16,4039,4850,14028,195489460,0,0,0
m2203,20220218,20220218,112916500,11:29:16,4039,4850,14028,195489460,0,0,0
m2203,20220218,20220218,112917000,11:29:20,4039,4850,14028,195489460,0,0,0
m2203,20220218,20220218,112920500,11:29:21,4039,4850,14028,195489460,0,0,0
m2203,20220218,20220218,112921500,11:29:23,4039,4850,14028,195489460,0,0,0
m2203,20220218,20220218,112923500,11:29:24,4039,4850,14028,195489460,0,0,0
m2203,20220218,20220218,112924000,11:29:24,4039,4850,14028,195489460,0,0,0
m2203,20220218,20220218,112924500,11:29:24,4039,4850,14028,195489460,0,0,0
m2203,20220218,20220218,112925000,11:29:25,4039,4850,14028,195489460,0,0,0
m2203,20220218,20220218,112926500,11:29:26,4039,4850,14028,195489460,0,0,0
m2203,20220218,20220218,112928000,11:29:28,4039,4850,14028,195489460,0,0,0
m2203,20220218,20220218,112928500,11:29:28,4039,4850,14028,195489460,0,0,0
m2203,20220218,20220218,112931000,11:29:32,4039,4850,14028,195489460,0,0,0
m2203,20220218,20220218,112932000,11:29:32,4039,4850,14028,195489460,0,0,0
m2203,20220218,20220218,112936500,11:29:38,4039,4850,14028,195489460,0,0,0
m2203,20220218,20220218,112937000,11:29:38,4039,4850,14028,195489460,0,0,0
m2203,20220218,20220218,112938500,11:29:39,4039,4850,14028,195489460,0,0,0
m2203,20220218,20220218,112939000,11:29:39,4039,4850,14028,195489460,0,0,0
m2203,20220218,20220218,112946000,11:29:46,4039,4850,14028,195489460,0,0,0
m2203,20220218,20220218,112949000,11:29:50,4039,4850,14028,195489460,0,0,0
m2203,20220218,20220218,112949500,11:29:50,4039,4850,14028,195489460,0,0,0
m2203,20220218,20220218,112952000,11:29:52,4039,4850,14028,195489460,0,0,0
m2203,20220218,20220218,112956500,11:30:00,4039,4850,14028,195489460,0,0,0
m2203,20220218,20220218,112957000,11:30:00,4039,4850,14028,195489460,0,0,0
m2203,20220218,20220218,113000500,11:30:03,4039,4850,14028,195489460,0,0,0
m2203,20220218,20220218,113001500,11:30:03,4039,4850,14028,195489460,0,0,0
m2203,20220218,20220218,133001500,13:30:01,4039,4850,14028,195489460,0,0,0
m2203,20220218,20220218,133002000,13:30:08,4039,4850,14028,195489460,0,0,0
m2203,20220218,20220218,133002500,13:30:09,4039,4850,14028,195489460,0,0,0
m2203,20220218,20220218,133008500,13:30:10,4039,4850,14028,195489460,0,0,0
m2203,20220218,20220218,133009500,13:30:10,4039,4850,14028,195489460,0,0,0
m2203,20220218,20220218,133010000,13:30:11,4039,4850,14028,195489460,0,0,0
m2203,20220218,20220218,133010500,13:30:11,4039,4850,14028,195489460,0,0,0
m2203,20220218,20220218,133017000,13:30:18,4039,4850,14028,195489460,0,0,0
m2203,20220218,20220218,133017500,13:30:19,4039,4850,14028,195489460,0,0,0
m2203,20220218,20220218,133018000,13:30:19,4027,4856,14028,195731240,6,0,241780
m2203,20220218,20220218,133018500,13:30:19,4027,4856,14028,195731240,0,0,0
m2203,20220218,20220218,133019000,13:30:20,4027,4856,14028,195731240,0,0,0
m2203,20220218,20220218,133019500,13:30:20,4027,4856,14028,195731240,0,0,0
m2203,20220218,20220218,133020000,13:30:21,4027,4856,14028,195731240,0,0,0
m2203,20220218,20220218,133020500,13:30:21,4027,4856,14028,195731240,0,0,0
m2203,20220218,20220218,133021000,13:30:21,4027,4856,14028,195731240,0,0,0
m2203,20220218,20220218,133022500,13:30:38,4027,4856,14028,195731240,0,0,0
m2203,20220218,20220218,133023000,13:30:38,4027,4856,14028,195731240,0,0,0
m2203,20220218,20220218,133038000,13:30:40,4027,4856,14028,195731240,0,0,0
m2203,20220218,20220218,133040000,13:30:42,4027,4856,14028,195731240,0,0,0
m2203,20220218,20220218,133041000,13:30:43,4027,4856,14028,195731240,0,0,0
m2203,20220218,20220218,133043000,13:30:44,4027,4856,14028,195731240,0,0,0
m2203,20220218,20220218,133043500,13:30:44,4027,4856,14028,195731240,0,0,0
m2203,20220218,20220218,133044500,13:30:46,4027,4858,14028,195811810,2,0,80570
m2203,20220218,20220218,133046000,13:30:47,4027,4858,14028,195811810,0,0,0
m2203,20220218,20220218,133046500,13:30:47,4027,4858,14028,195811810,0,0,0
m2203,20220218,20220218,133047500,13:30:48,4027,4858,14028,195811810,0,0,0
m2203,20220218,20220218,133048000,13:30:48,4027,4858,14028,195811810,0,0,0
m2203,20220218,20220218,133048500,13:30:49,4027,4858,14028,195811810,0,0,0
m2203,20220218,20220218,133049000,13:30:49,4027,4858,14028,195811810,0,0,0
m2203,20220218,20220218,133050500,13:30:51,4027,4858,14028,195811810,0,0,0
m2203,20220218,20220218,133051000,13:30:52,4027,4858,14028,195811810,0,0,0
m2203,20220218,20220218,133051500,13:30:52,4027,4858,14028,195811810,0,0,0
m2203,20220218,20220218,133056000,13:30:57,4027,4858,14028,195811810,0,0,0
m2203,20220218,20220218,133056500,13:30:57,4027,4858,14028,195811810,0,0,0
m2203,20220218,20220218,133057000,13:30:57,4027,4858,14028,195811810,0,0,0
m2203,20220218,20220218,133057500,13:30:58,4027,4858,14028,195811810,0,0,0
m2203,20220218,20220218,133058000,13:30:58,4027,4858,14028,195811810,0,0,0
m2203,20220218,20220218,133058500,13:30:59,4027,4858,14028,195811810,0,0,0
m2203,20220218,20220218,133059000,13:30:59,4027,4858,14028,195811810,0,0,0
m2203,20220218,20220218,133103500,13:31:04,4027,4858,14028,195811810,0,0,0
m2203,20220218,20220218,133104000,13:31:06,4027,4858,14028,195811810,0,0,0
m2203,20220218,20220218,133104500,13:31:06,4027,4858,14028,195811810,0,0,0
m2203,20220218,20220218,133106000,13:31:08,4027,4858,14028,195811810,0,0,0
m2203,20220218,20220218,133107500,13:31:09,4027,4858,14028,195811810,0,0,0
m2203,20220218,20220218,133108500,13:31:09,4027,4858,14028,195811810,0,0,0
m2203,20220218,20220218,133109000,13:31:09,4027,4858,14028,195811810,0,0,0
m2203,20220218,20220218,133110000,13:31:11,4027,4858,14028,195811810,0,0,0
m2203,20220218,20220218,133110500,13:31:11,4027,4858,14028,195811810,0,0,0
m2203,20220218,20220218,133111000,13:31:11,4027,4858,14028,195811810,0,0,0
m2203,20220218,20220218,133111500,13:31:12,4027,4858,14028,195811810,0,0,0
m2203,20220218,20220218,133112000,13:31:12,4027,4858,14028,195811810,0,0,0
m2203,20220218,20220218,133114500,13:31:15,4027,4858,14028,195811810,0,0,0
m2203,20220218,20220218,133117000,13:31:17,4027,4858,14028,195811810,0,0,0
m2203,20220218,20220218,133117500,13:31:18,4027,4858,14028,195811810,0,0,0
m2203,20220218,20220218,133159000,13:31:59,4030,4859,14029,195852110,1,1,40300
m2203,20220218,20220218,133159500,13:32:00,4030,4859,14029,195852110,0,0,0
m2203,20220218,20220218,133200500,13:32:01,4030,4862,14029,195973010,3,0,120900
m2203,20220218,20220218,133201000,13:32:01,4030,4862,14029,195973010,0,0,0
m2203,20220218,20220218,133204500,13:32:06,4030,4862,14029,195973010,0,0,0
m2203,20220218,20220218,133209000,13:32:10,4030,4862,14029,195973010,0,0,0
m2203,20220218,20220218,133210500,13:32:13,4030,4862,14029,195973010,0,0,0
m2203,20220218,20220218,133212500,13:32:15,4027,4863,14028,196013280,1,-1,40270
m2203,20220218,20220218,133214500,13:32:16,4027,4863,14028,196013280,0,0,0
m2203,20220218,20220218,133220500,13:32:21,4027,4863,14028,196013280,0,0,0
m2203,20220218,20220218,133225000,13:32:25,4027,4863,14028,196013280,0,0,0
m2203,20220218,20220218,133228000,13:32:32,4027,4863,14028,196013280,0,0,0
m2203,20220218,20220218,133228500,13:32:32,4027,4863,14028,196013280,0,0,0
m2203,20220218,20220218,133232000,13:32:35,4027,4863,14028,196013280,0,0,0
m2203,20220218,20220218,133232500,13:32:35,4027,4863,14028,196013280,0,0,0
m2203,20220218,20220218,133233000,13:32:35,4027,4863,14028,196013280,0,0,0
m2203,20220218,20220218,133236000,13:32:36,4027,4863,14028,196013280,0,0,0
m2203,20220218,20220218,133247000,13:32:47,4027,4864,14027,196053550,1,-1,40270
m2203,20220218,20220218,133257500,13:32:59,4027,4864,14027,196053550,0,0,0
m2203,20220218,20220218,133301500,13:33:02,4027,4864,14027,196053550,0,0,0
m2203,20220218,20220218,133302000,13:33:02,4027,4864,14027,196053550,0,0,0
m2203,20220218,20220218,133303500,13:33:04,4027,4864,14027,196053550,0,0,0
m2203,20220218,20220218,133304000,13:33:04,4027,4864,14027,196053550,0,0,0
m2203,20220218,20220218,133308000,13:33:08,4027,4864,14027,196053550,0,0,0
m2203,20220218,20220218,133310500,13:33:12,4027,4864,14027,196053550,0,0,0
m2203,20220218,20220218,133311000,13:33:13,4027,4864,14027,196053550,0,0,0
m2203,20220218,20220218,133311500,13:33:14,4027,4864,14027,196053550,0,0,0
m2203,20220218,20220218,133314500,13:33:17,4027,4864,14027,196053550,0,0,0
m2203,20220218,20220218,133317500,13:33:18,4027,4864,14027,196053550,0,0,0
m2203,20220218,20220218,133320500,13:33:21,4030,4865,14027,196093850,1,0,40300
m2203,20220218,20220218,133321000,13:33:22,4030,4865,14027,196093850,0,0,0
m2203,20220218,20220218,133325500,13:33:26,4030,4865,14027,196093850,0,0,0
m2203,20220218,20220218,133326000,13:33:27,4030,4865,14027,196093850,0,0,0
m2203,20220218,20220218,133336000,13:33:36,4030,4865,14027,196093850,0,0,0
m2203,20220218,20220218,133342500,13:33:42,4030,4865,14027,196093850,0,0,0
m2203,20220218,20220218,133349000,13:33:50,4030,4865,14027,196093850,0,0,0
m2203,20220218,20220218,133349500,13:33:50,4030,4865,14027,196093850,0,0,0
m2203,20220218,20220218,133353500,13:33:53,4030,4865,14027,196093850,0,0,0
m2203,20220218,20220218,133403000,13:34:10,4030,4865,14027,196093850,0,0,0
m2203,20220218,20220218,133412000,13:34:12,4030,4865,14027,196093850,0,0,0
m2203,20220218,20220218,133412500,13:34:13,4030,4865,14027,196093850,0,0,0
m2203,20220218,20220218,133436500,13:34:36,4030,4865,14027,196093850,0,0,0
m2203,20220218,20220218,133437500,13:34:38,4030,4865,14027,196093850,0,0,0
m2203,20220218,20220218,133439000,13:34:39,4030,4865,14027,196093850,0,0,0
m2203,20220218,20220218,133439500,13:34:39,4030,4865,14027,196093850,0,0,0
m2203,20220218,20220218,133440500,13:34:41,4030,4865,14027,196093850,0,0,0
m2203,20220218,20220218,133443000,13:34:44,4030,4865,14027,196093850,0,0,0
m2203,20220218,20220218,133443500,13:34:45,4030,4865,14027,196093850,0,0,0
m2203,20220218,20220218,133444500,13:34:46,4033,4866,14028,196134180,1,1,40330
m2203,20220218,20220218,133448500,13:34:49,4033,4866,14028,196134180,0,0,0
m2203,20220218,20220218,133449000,13:34:49,4033,4866,14028,196134180,0,0,0
m2203,20220218,20220218,133449500,13:34:49,4033,4866,14028,196134180,0,0,0
m2203,20220218,20220218,133451000,13:34:51,4033,4866,14028,196134180,0,0,0
m2203,20220218,20220218,133453500,13:34:55,4033,4866,14028,196134180,0,0,0
m2203,20220218,20220218,133457000,13:34:57,4033,4866,14028,196134180,0,0,0
m2203,20220218,20220218,133504000,13:35:10,4033,4866,14028,196134180,0,0,0
m2203,20220218,20220218,133510000,13:35:10,4033,4866,14028,196134180,0,0,0
m2203,20220218,20220218,133512500,13:35:13,4033,4866,14028,196134180,0,0,0
m2203,20220218,20220218,133519500,13:35:20,4033,4866,14028,196134180,0,0,0
m2203,20220218,20220218,133521500,13:35:22,4033,4866,14028,196134180,0,0,0
m2203,20220218,20220218,133522500,13:35:22,4033,4866,14028,196134180,0,0,0
m2203,20220218,20220218,133524000,13:35:24,4033,4866,14028,196134180,0,0,0
m2203,20220218,20220218,133525000,13:35:25,4033,4866,14028,196134180,0,0,0
m2203,20220218,20220218,133525500,13:35:26,4033,4866,14028,196134180,0,0,0
m2203,20220218,20220218,133540500,13:35:43,4033,4866,14028,196134180,0,0,0
m2203,20220218,20220218,133541500,13:35:44,4033,4866,14028,196134180,0,0,0
m2203,20220218,20220218,133545000,13:35:45,4033,4866,14028,196134180,0,0,0
m2203,20220218,20220218,133545500,13:35:46,4033,4866,14028,196134180,0,0,0
m2203,20220218,20220218,133546500,13:35:46,4033,4866,14028,196134180,0,0,0
m2203,20220218,20220218,133548500,13:35:48,4033,4866,14028,196134180,0,0,0
m2203,20220218,20220218,133549000,13:35:49,4033,4866,14028,196134180,0,0,0
m2203,20220218,20220218,133554000,13:35:55,4033,4866,14028,196134180,0,0,0
m2203,20220218,20220218,133601000,13:36:03,4033,4866,14028,196134180,0,0,0
m2203,20220218,20220218,133606000,13:36:07,4033,4866,14028,196134180,0,0,0
m2203,20220218,20220218,133607500,13:36:08,4033,4866,14028,196134180,0,0,0
m2203,20220218,20220218,133608000,13:36:08,4033,4866,14028,196134180,0,0,0
m2203,20220218,20220218,133618000,13:36:19,4033,4866,14028,196134180,0,0,0
m2203,20220218,20220218,133625000,13:36:25,4033,4866,14028,196134180,0,0,0
m2203,20220218,20220218,133625500,13:36:25,4033,4866,14028,196134180,0,0,0
m2203,20220218,20220218,133626000,13:36:26,4033,4866,14028,196134180,0,0,0
m2203,20220218,20220218,133628000,13:36:28,4033,4866,14028,196134180,0,0,0
m2203,20220218,20220218,133634000,13:36:34,4033,4866,14028,196134180,0,0,0
m2203,20220218,20220218,133634500,13:36:35,4033,4866,14028,196134180,0,0,0
m2203,20220218,20220218,133635000,13:36:35,4033,4866,14028,196134180,0,0,0
m2203,20220218,20220218,133641500,13:36:41,4033,4866,14028,196134180,0,0,0
m2203,20220218,20220218,133646000,13:36:46,4033,4866,14028,196134180,0,0,0
m2203,20220218,20220218,133646500,13:36:46,4033,4866,14028,196134180,0,0,0
m2203,20220218,20220218,133647500,13:36:47,4033,4866,14028,196134180,0,0,0
m2203,20220218,20220218,133648000,13:36:48,4033,4866,14028,196134180,0,0,0
m2203,20220218,20220218,133649000,13:36:49,4033,4866,14028,196134180,0,0,0
m2203,20220218,20220218,133656000,13:36:56,4033,4866,14028,196134180,0,0,0
m2203,20220218,20220218,133656500,13:36:57,4033,4866,14028,196134180,0,0,0
m2203,20220218,20220218,133702000,13:37:02,4033,4866,14028,196134180,0,0,0
m2203,20220218,20220218,133704500,13:37:04,4033,4866,14028,196134180,0,0,0
m2203,20220218,20220218,133705000,13:37:05,4033,4866,14028,196134180,0,0,0
m2203,20220218,20220218,133706000,13:37:08,4033,4866,14028,196134180,0,0,0
m2203,20220218,20220218,133706500,13:37:08,4033,4866,14028,196134180,0,0,0
m2203,20220218,20220218,133707000,13:37:08,4033,4866,14028,196134180,0,0,0
m2203,20220218,20220218,133707500,13:37:08,4033,4866,14028,196134180,0,0,0
m2203,20220218,20220218,133708500,13:37:08,4033,4866,14028,196134180,0,0,0
m2203,20220218,20220218,133709000,13:37:09,4033,4866,14028,196134180,0,0,0
m2203,20220218,20220218,133709500,13:37:10,4033,4866,14028,196134180,0,0,0
m2203,20220218,20220218,133710500,13:37:11,4033,4866,14028,196134180,0,0,0
m2203,20220218,20220218,133711500,13:37:13,4033,4866,14028,196134180,0,0,0
m2203,20220218,20220218,133719000,13:37:19,4033,4866,14028,196134180,0,0,0
m2203,20220218,20220218,133721500,13:37:21,4033,4866,14028,196134180,0,0,0
m2203,20220218,20220218,133722000,13:37:22,4033,4866,14028,196134180,0,0,0
m2203,20220218,20220218,133723000,13:37:23,4033,4866,14028,196134180,0,0,0
m2203,20220218,20220218,133726000,13:37:26,4033,4866,14028,196134180,0,0,0
m2203,20220218,20220218,133726500,13:37:26,4033,4866,14028,196134180,0,0,0
m2203,20220218,20220218,133727000,13:37:27,4033,4866,14028,196134180,0,0,0
m2203,20220218,20220218,133731500,13:37:31,4033,4866,14028,196134180,0,0,0
m2203,20220218,20220218,133733000,13:37:33,4033,4866,14028,196134180,0,0,0
m2203,20220218,20220218,133738500,13:37:39,4033,4866,14028,196134180,0,0,0
m2203,20220218,20220218,133740500,13:37:40,4033,4866,14028,196134180,0,0,0
m2203,20220218,20220218,133742000,13:37:42,4033,4866,14028,196134180,0,0,0
m2203,20220218,20220218,133755000,13:37:55,4033,4866,14028,196134180,0,0,0
m2203,20220218,20220218,133804500,13:38:06,4033,4866,14028,196134180,0,0,0
m2203,20220218,20220218,133805500,13:38:07,4033,4866,14028,196134180,0,0,0
m2203,20220218,20220218,133808000,13:38:09,4033,4866,14028,196134180,0,0,0
m2203,20220218,20220218,133814500,13:38:17,4032,4868,14029,196214770,2,1,80590
m2203,20220218,20220218,133815000,13:38:17,4032,4868,14029,196214770,0,0,0
m2203,20220218,20220218,133816000,13:38:18,4032,4868,14029,196214770,0,0,0
m2203,20220218,20220218,133818000,13:38:18,4032,4868,14029,196214770,0,0,0
m2203,20220218,20220218,133818500,13:38:18,4032,4868,14029,196214770,0,0,0
m2203,20220218,20220218,133819000,13:38:19,4032,4868,14029,196214770,0,0,0
m2203,20220218,20220218,133820000,13:38:20,4032,4868,14029,196214770,0,0,0
m2203,20220218,20220218,133820500,13:38:22,4032,4868,14029,196214770,0,0,0
m2203,20220218,20220218,133822000,13:38:23,4032,4868,14029,196214770,0,0,0
m2203,20220218,20220218,133825500,13:38:41,4032,4868,14029,196214770,0,0,0
m2203,20220218,20220218,133832000,13:38:43,4032,4868,14029,196214770,0,0,0
m2203,20220218,20220218,133844000,13:38:44,4032,4868,14029,196214770,0,0,0
m2203,20220218,20220218,133856500,13:38:56,4032,4868,14029,196214770,0,0,0
m2203,20220218,20220218,133859500,13:38:59,4032,4868,14029,196214770,0,0,0
m2203,20220218,20220218,133901000,13:39:01,4032,4868,14029,196214770,0,0,0
m2203,20220218,20220218,133913000,13:39:13,4032,4868,14029,196214770,0,0,0
m2203,20220218,20220218,133914000,13:39:14,4032,4868,14029,196214770,0,0,0
m2203,20220218,20220218,133914500,13:39:15,4032,4868,14029,196214770,0,0,0
m2203,20220218,20220218,133916500,13:39:19,4032,4868,14029,196214770,0,0,0
m2203,20220218,20220218,133919500,13:39:19,4032,4868,14029,196214770,0,0,0
m2203,20220218,20220218,133925000,13:39:25,4032,4868,14029,196214770,0,0,0
m2203,20220218,20220218,133925500,13:39:26,4033,4874,14023,196456750,6,-6,241980
m2203,20220218,20220218,133927500,13:39:27,4033,4876,14023,196537410,2,0,80660
m2203,20220218,20220218,133958500,13:40:13,4033,4913,13986,198029620,37,-37,1492210
m2203,20220218,20220218,134010500,13:40:13,4033,4913,13986,198029620,0,0,0
m2203,20220218,20220218,134014500,13:40:15,4033,4913,13986,198029620,0,0,0
m2203,20220218,20220218,134018000,13:40:18,4033,4913,13986,198029620,0,0,0
m2203,20220218,20220218,134019500,13:40:20,4033,4913,13986,198029620,0,0,0
m2203,20220218,20220218,134021000,13:40:21,4033,4913,13986,198029620,0,0,0
m2203,20220218,20220218,134027000,13:40:27,4033,4913,13986,198029620,0,0,0
m2203,20220218,20220218,134027500,13:40:27,4033,4913,13986,198029620,0,0,0
m2203,20220218,20220218,134038500,13:40:39,4033,4914,13986,198069950,1,0,40330
m2203,20220218,20220218,134039000,13:40:39,4033,4914,13986,198069950,0,0,0
m2203,20220218,20220218,134042000,13:40:42,4033,4914,13986,198069950,0,0,0
m2203,20220218,20220218,134050500,13:40:50,4033,4916,13986,198150610,2,0,80660
m2203,20220218,20220218,134051000,13:40:51,4033,4916,13986,198150610,0,0,0
m2203,20220218,20220218,134106000,13:41:06,4033,4919,13983,198271600,3,-3,120990
m2203,20220218,20220218,134116500,13:41:17,4033,4919,13983,198271600,0,0,0
m2203,20220218,20220218,134122000,13:41:24,4033,4920,13983,198311930,1,0,40330
m2203,20220218,20220218,134122500,13:41:24,4033,4920,13983,198311930,0,0,0
m2203,20220218,20220218,134133500,13:41:34,4033,4922,13981,198392590,2,-2,80660
m2203,20220218,20220218,134136000,13:41:39,4033,4922,13981,198392590,0,0,0
m2203,20220218,20220218,134136500,13:41:39,4033,4922,13981,198392590,0,0,0
m2203,20220218,20220218,134140000,13:41:42,4033,4922,13981,198392590,0,0,0
m2203,20220218,20220218,134143000,13:41:43,4033,4922,13981,198392590,0,0,0
m2203,20220218,20220218,134146000,13:41:46,4033,4922,13981,198392590,0,0,0
m2203,20220218,20220218,134146500,13:41:47,4033,4922,13981,198392590,0,0,0
m2203,20220218,20220218,134147000,13:41:47,4033,4922,13981,198392590,0,0,0
m2203,20220218,20220218,134147500,13:41:48,4033,4922,13981,198392590,0,0,0
m2203,20220218,20220218,134150500,13:41:51,4033,4922,13981,198392590,0,0,0
m2203,20220218,20220218,134152000,13:41:52,4033,4922,13981,198392590,0,0,0
m2203,20220218,20220218,134201500,13:42:11,4033,4922,13981,198392590,0,0,0
m2203,20220218,20220218,134206000,13:42:12,4033,4922,13981,198392590,0,0,0
m2203,20220218,20220218,134212000,13:42:13,4033,4922,13981,198392590,0,0,0
m2203,20220218,20220218,134213000,13:42:13,4033,4922,13981,198392590,0,0,0
m2203,20220218,20220218,134213500,13:42:13,4033,4922,13981,198392590,0,0,0
m2203,20220218,20220218,134214500,13:42:15,4033,4922,13981,198392590,0,0,0
m2203,20220218,20220218,134215000,13:42:15,4033,4922,13981,198392590,0,0,0
m2203,20220218,20220218,134219500,13:42:20,4033,4922,13981,198392590,0,0,0
m2203,20220218,20220218,134223000,13:42:23,4033,4922,13981,198392590,0,0,0
m2203,20220218,20220218,134226000,13:42:26,4033,4922,13981,198392590,0,0,0
m2203,20220218,20220218,134257000,13:42:59,4033,4927,13977,198594240,5,-4,201650
m2203,20220218,20220218,134300500,13:43:02,4036,4930,13974,198715320,3,-3,121080
m2203,20220218,20220218,134303500,13:43:11,4036,4930,13974,198715320,0,0,0
m2203,20220218,20220218,134308000,13:43:12,4036,4930,13974,198715320,0,0,0
m2203,20220218,20220218,134311000,13:43:13,4036,4930,13974,198715320,0,0,0
m2203,20220218,20220218,134311500,13:43:14,4036,4930,13974,198715320,0,0,0
m2203,20220218,20220218,134317500,13:43:17,4036,4930,13974,198715320,0,0,0
m2203,20220218,20220218,134318000,13:43:18,4036,4930,13974,198715320,0,0,0
m2203,20220218,20220218,134318500,13:43:18,4036,4930,13974,198715320,0,0,0
m2203,20220218,20220218,134320500,13:43:21,4036,4930,13974,198715320,0,0,0
m2203,20220218,20220218,134321000,13:43:21,4036,4930,13974,198715320,0,0,0
m2203,20220218,20220218,134322000,13:43:22,4036,4930,13974,198715320,0,0,0
m2203,20220218,20220218,134323000,13:43:23,4036,4930,13974,198715320,0,0,0
m2203,20220218,20220218,134325000,13:43:25,4036,4930,13974,198715320,0,0,0
m2203,20220218,20220218,134326500,13:43:26,4036,4930,13974,198715320,0,0,0
m2203,20220218,20220218,134327500,13:43:27,4036,4930,13974,198715320,0,0,0
m2203,20220218,20220218,134329500,13:43:29,4036,4930,13974,198715320,0,0,0
m2203,20220218,20220218,134330000,13:43:30,4036,4930,13974,198715320,0,0,0
m2203,20220218,20220218,134337500,13:43:37,4036,4930,13974,198715320,0,0,0
m2203,20220218,20220218,134338000,13:43:38,4036,4930,13974,198715320,0,0,0
m2203,20220218,20220218,134345000,13:44:04,4036,4930,13974,198715320,0,0,0
m2203,20220218,20220218,134403500,13:44:04,4036,4930,13974,198715320,0,0,0
m2203,20220218,20220218,134404000,13:44:04,4036,4930,13974,198715320,0,0,0
m2203,20220218,20220218,134411000,13:44:17,4036,4930,13974,198715320,0,0,0
m2203,20220218,20220218,134418000,13:44:18,4036,4930,13974,198715320,0,0,0
m2203,20220218,20220218,134418500,13:44:18,4036,4930,13974,198715320,0,0,0
m2203,20220218,20220218,134422500,13:44:23,4036,4930,13974,198715320,0,0,0
m2203,20220218,20220218,134423500,13:44:24,4036,4930,13974,198715320,0,0,0
m2203,20220218,20220218,134425000,13:44:25,4036,4930,13974,198715320,0,0,0
m2203,20220218,20220218,134430000,13:44:37,4036,4930,13974,198715320,0,0,0
m2203,20220218,20220218,134430500,13:44:37,4036,4930,13974,198715320,0,0,0
m2203,20220218,20220218,134435000,13:44:37,4036,4930,13974,198715320,0,0,0
m2203,20220218,20220218,134439000,13:44:39,4036,4930,13974,198715320,0,0,0
m2203,20220218,20220218,134456500,13:44:56,4036,4930,13974,198715320,0,0,0
m2203,20220218,20220218,134500500,13:45:01,4036,4930,13974,198715320,0,0,0
m2203,20220218,20220218,134504500,13:45:08,4036,4930,13974,198715320,0,0,0
m2203,20220218,20220218,134517500,13:45:20,4036,4930,13974,198715320,0,0,0
m2203,20220218,20220218,134521500,13:45:23,4036,4930,13974,198715320,0,0,0
m2203,20220218,20220218,134522000,13:45:24,4036,4930,13974,198715320,0,0,0
m2203,20220218,20220218,134527000,13:45:30,4036,4930,13974,198715320,0,0,0
m2203,20220218,20220218,134528000,13:45:30,4036,4930,13974,198715320,0,0,0
m2203,20220218,20220218,134542000,13:45:45,4036,4930,13974,198715320,0,0,0
m2203,20220218,20220218,134542500,13:45:45,4036,4930,13974,198715320,0,0,0
m2203,20220218,20220218,134543000,13:45:46,4036,4930,13974,198715320,0,0,0
m2203,20220218,20220218,134545500,13:45:46,4036,4930,13974,198715320,0,0,0
m2203,20220218,20220218,134546500,13:45:47,4036,4930,13974,198715320,0,0,0
m2203,20220218,20220218,134547000,13:45:47,4036,4930,13974,198715320,0,0,0
m2203,20220218,20220218,134548000,13:45:48,4036,4930,13974,198715320,0,0,0
m2203,20220218,20220218,134549000,13:45:49,4036,4930,13974,198715320,0,0,0
m2203,20220218,20220218,134549500,13:45:53,4036,4930,13974,198715320,0,0,0
m2203,20220218,20220218,134550000,13:45:53,4036,4930,13974,198715320,0,0,0
m2203,20220218,20220218,134551000,13:45:54,4036,4930,13974,198715320,0,0,0
m2203,20220218,20220218,134553500,13:45:54,4036,4930,13974,198715320,0,0,0
m2203,20220218,20220218,134554000,13:45:54,4036,4930,13974,198715320,0,0,0
m2203,20220218,20220218,134554500,13:45:55,4036,4930,13974,198715320,0,0,0
m2203,20220218,20220218,134555000,13:45:55,4036,4930,13974,198715320,0,0,0
m2203,20220218,20220218,134556000,13:45:58,4036,4930,13974,198715320,0,0,0
m2203,20220218,20220218,134556500,13:46:00,4036,4930,13974,198715320,0,0,0
m2203,20220218,20220218,134557000,13:46:00,4036,4930,13974,198715320,0,0,0
m2203,20220218,20220218,134559000,13:46:01,4036,4930,13974,198715320,0,0,0
m2203,20220218,20220218,134600500,13:46:01,4036,4930,13974,198715320,0,0,0
m2203,20220218,20220218,134603500,13:46:04,4036,4930,13974,198715320,0,0,0
m2203,20220218,20220218,134604000,13:46:04,4036,4930,13974,198715320,0,0,0
m2203,20220218,20220218,134606000,13:46:06,4036,4930,13974,198715320,0,0,0
m2203,20220218,20220218,134606500,13:46:06,4036,4930,13974,198715320,0,0,0
m2203,20220218,20220218,134607000,13:46:07,4036,4930,13974,198715320,0,0,0
m2203,20220218,20220218,134607500,13:46:07,4036,4930,13974,198715320,0,0,0
m2203,20220218,20220218,134609500,13:46:10,4036,4930,13974,198715320,0,0,0
m2203,20220218,20220218,134610000,13:46:11,4036,4930,13974,198715320,0,0,0
m2203,20220218,20220218,134614500,13:46:14,4036,4930,13974,198715320,0,0,0
m2203,20220218,20220218,134615500,13:46:16,4036,4930,13974,198715320,0,0,0
m2203,20220218,20220218,134618500,13:46:18,4036,4930,13974,198715320,0,0,0
m2203,20220218,20220218,134621000,13:46:21,4036,4930,13974,198715320,0,0,0
m2203,20220218,20220218,134629500,13:46:31,4036,4930,13974,198715320,0,0,0
m2203,20220218,20220218,134630500,13:46:31,4036,4930,13974,198715320,0,0,0
m2203,20220218,20220218,134634000,13:46:34,4036,4930,13974,198715320,0,0,0
m2203,20220218,20220218,134634500,13:46:35,4036,4930,13974,198715320,0,0,0
m2203,20220218,20220218,134640500,13:46:42,4036,4930,13974,198715320,0,0,0
m2203,20220218,20220218,134651000,13:46:51,4036,4930,13974,198715320,0,0,0
m2203,20220218,20220218,134652500,13:46:52,4036,4930,13974,198715320,0,0,0
m2203,20220218,20220218,134705500,13:47:06,4036,4930,13974,198715320,0,0,0
m2203,20220218,20220218,134706000,13:47:09,4036,4930,13974,198715320,0,0,0
m2203,20220218,20220218,134711000,13:47:13,4036,4930,13974,198715320,0,0,0
m2203,20220218,20220218,134711500,13:47:16,4036,4930,13974,198715320,0,0,0
m2203,20220218,20220218,134716500,13:47:17,4036,4930,13974,198715320,0,0,0
m2203,20220218,20220218,134719500,13:47:19,4036,4930,13974,198715320,0,0,0
m2203,20220218,20220218,134727500,13:47:27,4036,4930,13974,198715320,0,0,0
m2203,20220218,20220218,134739000,13:47:39,4036,4930,13974,198715320,0,0,0
m2203,20220218,20220218,134744000,13:47:44,4036,4930,13974,198715320,0,0,0
m2203,20220218,20220218,134745000,13:47:45,4036,4930,13974,198715320,0,0,0
m2203,20220218,20220218,134749500,13:47:50,4036,4930,13974,198715320,0,0,0
m2203,20220218,20220218,134750500,13:47:50,4036,4930,13974,198715320,0,0,0
m2203,20220218,20220218,134755500,13:47:55,4036,4930,13974,198715320,0,0,0
m2203,20220218,20220218,134818500,13:48:19,4036,4930,13974,198715320,0,0,0
m2203,20220218,20220218,134819000,13:48:20,4036,4930,13974,198715320,0,0,0
m2203,20220218,20220218,134820500,13:48:22,4036,4930,13974,198715320,0,0,0
m2203,20220218,20220218,134821000,13:48:22,4036,4930,13974,198715320,0,0,0
m2203,20220218,20220218,134825500,13:48:27,4036,4930,13974,198715320,0,0,0
m2203,20220218,20220218,134827000,13:48:27,4036,4930,13974,198715320,0,0,0
m2203,20220218,20220218,134827500,13:48:28,4036,4930,13974,198715320,0,0,0
m2203,20220218,20220218,134828000,13:48:28,4036,4930,13974,198715320,0,0,0
m2203,20220218,20220218,134830000,13:48:30,4036,4930,13974,198715320,0,0,0
m2203,20220218,20220218,134832500,13:48:32,4036,4930,13974,198715320,0,0,0
m2203,20220218,20220218,134842000,13:48:42,4036,4930,13974,198715320,0,0,0
m2203,20220218,20220218,134844000,13:48:44,4036,4930,13974,198715320,0,0,0
m2203,20220218,20220218,134844500,13:48:44,4036,4930,13974,198715320,0,0,0
m2203,20220218,20220218,134845000,13:48:45,4036,4930,13974,198715320,0,0,0
m2203,20220218,20220218,134845500,13:48:45,4036,4930,13974,198715320,0,0,0
m2203,20220218,20220218,134918000,13:49:18,4036,4930,13974,198715320,0,0,0
m2203,20220218,20220218,134932000,13:49:32,4031,4932,13975,198795950,2,1,80630
m2203,20220218,20220218,134937500,13:49:37,4031,4932,13975,198795950,0,0,0
m2203,20220218,20220218,134938500,13:49:38,4028,4933,13975,198836230,1,0,40280
m2203,20220218,20220218,134948000,13:49:48,4026,4934,13975,198876490,1,0,40260
m2203,20220218,20220218,134948500,13:49:48,4026,4934,13975,198876490,0,0,0
m2203,20220218,20220218,134949000,13:49:49,4026,4934,13975,198876490,0,0,0
m2203,20220218,20220218,134950000,13:49:50,4026,4934,13975,198876490,0,0,0
m2203,20220218,20220218,134950500,13:49:50,4026,4934,13975,198876490,0,0,0
m2203,20220218,20220218,134954000,13:49:55,4026,4934,13975,198876490,0,0,0
m2203,20220218,20220218,134954500,13:49:55,4023,4940,13974,199117880,6,-1,241390
m2203,20220218,20220218,134955000,13:49:55,4023,4940,13974,199117880,0,0,0
m2203,20220218,20220218,134955500,13:49:56,4023,4940,13974,199117880,0,0,0
m2203,20220218,20220218,134956000,13:49:56,4023,4940,13974,199117880,0,0,0
m2203,20220218,20220218,134956500,13:49:57,4023,4940,13974,199117880,0,0,0
m2203,20220218,20220218,134957000,13:49:57,4023,4940,13974,199117880,0,0,0
m2203,20220218,20220218,134958500,13:49:59,4023,4940,13974,199117880,0,0,0
m2203,20220218,20220218,134959000,13:49:59,4023,4940,13974,199117880,0,0,0
m2203,20220218,20220218,134959500,13:49:59,4023,4940,13974,199117880,0,0,0
m2203,20220218,20220218,135000000,13:50:00,4023,4940,13974,199117880,0,0,0
m2203,20220218,20220218,135006000,13:50:06,4023,4940,13974,199117880,0,0,0
m2203,20220218,20220218,135007000,13:50:07,4023,4940,13974,199117880,0,0,0
m2203,20220218,20220218,135007500,13:50:09,4023,4940,13974,199117880,0,0,0
m2203,20220218,20220218,135008000,13:50:09,4023,4940,13974,199117880,0,0,0
m2203,20220218,20220218,135008500,13:50:25,4023,4940,13974,199117880,0,0,0
m2203,20220218,20220218,135009000,13:50:26,4023,4940,13974,199117880,0,0,0
m2203,20220218,20220218,135048000,13:50:48,4023,4940,13974,199117880,0,0,0
m2203,20220218,20220218,135053500,13:50:54,4023,4940,13974,199117880,0,0,0
m2203,20220218,20220218,135054000,13:50:54,4023,4940,13974,199117880,0,0,0
m2203,20220218,20220218,135101500,13:51:01,4023,4940,13974,199117880,0,0,0
m2203,20220218,20220218,135105500,13:51:05,4023,4940,13974,199117880,0,0,0
m2203,20220218,20220218,135106000,13:51:06,4023,4940,13974,199117880,0,0,0
m2203,20220218,20220218,135108000,13:51:21,4023,4940,13974,199117880,0,0,0
m2203,20220218,20220218,135116500,13:51:21,4023,4940,13974,199117880,0,0,0
m2203,20220218,20220218,135122000,13:51:22,4023,4940,13974,199117880,0,0,0
m2203,20220218,20220218,135123000,13:51:23,4023,4940,13974,199117880,0,0,0
m2203,20220218,20220218,135124000,13:51:24,4023,4940,13974,199117880,0,0,0
m2203,20220218,20220218,135144000,13:51:44,4023,4940,13974,199117880,0,0,0
m2203,20220218,20220218,135202500,13:52:03,4023,4940,13974,199117880,0,0,0
m2203,20220218,20220218,135203000,13:52:03,4023,4940,13974,199117880,0,0,0
m2203,20220218,20220218,135203500,13:52:04,4023,4940,13974,199117880,0,0,0
m2203,20220218,20220218,135208500,13:52:11,4023,4940,13974,199117880,0,0,0
m2203,20220218,20220218,135238000,13:52:44,4023,4940,13974,199117880,0,0,0
m2203,20220218,20220218,135246000,13:52:48,4023,4940,13974,199117880,0,0,0
m2203,20220218,20220218,135246500,13:52:48,4023,4940,13974,199117880,0,0,0
m2203,20220218,20220218,135247000,13:52:48,4023,4940,13974,199117880,0,0,0
m2203,20220218,20220218,135252000,13:52:52,4023,4940,13974,199117880,0,0,0
m2203,20220218,20220218,135252500,13:52:52,4023,4940,13974,199117880,0,0,0
m2203,20220218,20220218,135253000,13:52:53,4023,4940,13974,199117880,0,0,0
m2203,20220218,20220218,135256000,13:52:56,4023,4940,13974,199117880,0,0,0
m2203,20220218,20220218,135256500,13:52:57,4023,4940,13974,199117880,0,0,0
m2203,20220218,20220218,135301000,13:53:01,4023,4945,13972,199319130,5,-2,201250
m2203,20220218,20220218,135301500,13:53:01,4023,4945,13972,199319130,0,0,0
m2203,20220218,20220218,135308500,13:53:09,4023,4945,13972,199319130,0,0,0
m2203,20220218,20220218,135309000,13:53:09,4023,4945,13972,199319130,0,0,0
m2203,20220218,20220218,135309500,13:53:09,4023,4945,13972,199319130,0,0,0
m2203,20220218,20220218,135314000,13:53:14,4023,4946,13971,199359360,1,-1,40230
m2203,20220218,20220218,135318500,13:53:20,4023,4948,13969,199439820,2,-2,80460
m2203,20220218,20220218,135331000,13:53:31,4022,4949,13968,199480040,1,-1,40220
m2203,20220218,20220218,135340000,13:53:45,4021,4953,13968,199640880,4,0,160840
m2203,20220218,20220218,135345500,13:53:46,4021,4953,13968,199640880,0,0,0
m2203,20220218,20220218,135347000,13:53:47,4021,4953,13968,199640880,0,0,0
m2203,20220218,20220218,135350000,13:53:50,4021,4953,13968,199640880,0,0,0
m2203,20220218,20220218,135352500,13:53:53,4021,4953,13968,199640880,0,0,0
m2203,20220218,20220218,135353500,13:53:53,4021,4953,13968,199640880,0,0,0
m2203,20220218,20220218,135405500,13:54:09,4021,4954,13969,199681090,1,1,40210
m2203,20220218,20220218,135414500,13:54:14,4021,4954,13969,199681090,0,0,0
m2203,20220218,20220218,135416500,13:54:16,4021,4954,13969,199681090,0,0,0
m2203,20220218,20220218,135417000,13:54:17,4021,4954,13969,199681090,0,0,0
m2203,20220218,20220218,135417500,13:54:18,4021,4954,13969,199681090,0,0,0
m2203,20220218,20220218,135420500,13:54:20,4021,4954,13969,199681090,0,0,0
m2203,20220218,20220218,135422500,13:54:22,4021,4954,13969,199681090,0,0,0
m2203,20220218,20220218,135427000,13:54:28,4021,4954,13969,199681090,0,0,0
m2203,20220218,20220218,135427500,13:54:28,4021,4954,13969,199681090,0,0,0
m2203,20220218,20220218,135428000,13:54:30,4021,4954,13969,199681090,0,0,0
m2203,20220218,20220218,135430500,13:54:31,4021,4954,13969,199681090,0,0,0
m2203,20220218,20220218,135431000,13:54:32,4021,4954,13969,199681090,0,0,0
m2203,20220218,20220218,135434500,13:54:34,4021,4954,13969,199681090,0,0,0
m2203,20220218,20220218,135438000,13:54:38,4021,4954,13969,199681090,0,0,0
m2203,20220218,20220218,135438500,13:54:39,4021,4954,13969,199681090,0,0,0
m2203,20220218,20220218,135441000,13:54:41,4021,4954,13969,199681090,0,0,0
m2203,20220218,20220218,135442500,13:54:43,4021,4954,13969,199681090,0,0,0
m2203,20220218,20220218,135443500,13:54:44,4021,4954,13969,199681090,0,0,0
m2203,20220218,20220218,135444000,13:54:44,4021,4954,13969,199681090,0,0,0
m2203,20220218,20220218,135451000,13:54:51,4021,4954,13969,199681090,0,0,0
m2203,20220218,20220218,135453000,13:54:53,4021,4954,13969,199681090,0,0,0
m2203,20220218,20220218,135453500,13:54:54,4021,4954,13969,199681090,0,0,0
m2203,20220218,20220218,135454000,13:54:54,4021,4954,13969,199681090,0,0,0
m2203,20220218,20220218,135456500,13:54:56,4021,4954,13969,199681090,0,0,0
m2203,20220218,20220218,135458000,13:54:58,4021,4954,13969,199681090,0,0,0
m2203,20220218,20220218,135458500,13:54:59,4021,4954,13969,199681090,0,0,0
m2203,20220218,20220218,135503500,13:55:03,4021,4954,13969,199681090,0,0,0
m2203,20220218,20220218,135506000,13:55:06,4021,4954,13969,199681090,0,0,0
m2203,20220218,20220218,135506500,13:55:06,4021,4954,13969,199681090,0,0,0
m2203,20220218,20220218,135516000,13:55:16,4021,4954,13969,199681090,0,0,0
m2203,20220218,20220218,135516500,13:55:16,4021,4954,13969,199681090,0,0,0
m2203,20220218,20220218,135524500,13:55:25,4021,4954,13969,199681090,0,0,0
m2203,20220218,20220218,135530500,13:55:31,4021,4954,13969,199681090,0,0,0
m2203,20220218,20220218,135531000,13:55:31,4021,4955,13969,199721320,1,0,40230
m2203,20220218,20220218,135531500,13:55:32,4023,4956,13969,199761550,1,0,40230
m2203,20220218,20220218,135532500,13:55:32,4023,4956,13969,199761550,0,0,0
m2203,20220218,20220218,135534500,13:55:34,4023,4956,13969,199761550,0,0,0
m2203,20220218,20220218,135544000,13:55:45,4023,4956,13969,199761550,0,0,0
m2203,20220218,20220218,135610000,13:56:23,4023,4956,13969,199761550,0,0,0
m2203,20220218,20220218,135631000,13:56:35,4023,4956,13969,199761550,0,0,0
m2203,20220218,20220218,135641500,13:56:42,4024,4959,13969,199882270,3,0,120720
m2203,20220218,20220218,135642000,13:56:42,4024,4959,13969,199882270,0,0,0
m2203,20220218,20220218,135646500,13:56:47,4024,4959,13969,199882270,0,0,0
m2203,20220218,20220218,135700500,13:57:01,4024,4960,13969,199922510,1,0,40240
m2203,20220218,20220218,135701000,13:57:02,4024,4960,13969,199922510,0,0,0
m2203,20220218,20220218,135702500,13:57:02,4024,4960,13969,199922510,0,0,0
