p2203,20220218,20220218,111948500,11:20:10,11676,3140,11089,361304280,3140,-1592,361304280
p2203,20220218,20220218,112018500,11:20:18,11676,3140,11089,361304280,0,0,0
p2203,20220218,20220218,112020000,11:20:20,11676,3141,11089,361421040,1,0,116760
p2203,20220218,20220218,112029500,11:20:30,11676,3142,11089,361537800,1,0,116760
p2203,20220218,20220218,112034500,11:20:34,11676,3143,11089,361654560,1,0,116760
p2203,20220218,20220218,112115500,11:21:15,11678,3144,11089,361771340,1,0,116780
p2203,20220218,20220218,112332000,11:23:33,11676,3159,11088,363522600,15,-1,1751260
p2203,20220218,20220218,112335500,11:23:35,11676,3159,11088,363522600,0,0,0
p2203,20220218,20220218,112339000,11:23:39,11676,3159,11088,363522600,0,0,0
p2203,20220218,20220218,112343500,11:23:43,11676,3159,11088,363522600,0,0,0
p2203,20220218,20220218,112349500,11:23:50,11676,3159,11088,363522600,0,0,0
p2203,20220218,20220218,112354000,11:23:54,11678,3169,11078,364690400,10,-10,1167800
p2203,20220218,20220218,112357000,11:23:57,11678,3169,11078,364690400,0,0,0
p2203,20220218,20220218,112357500,11:23:57,11678,3169,11078,364690400,0,0,0
p2203,20220218,20220218,112358000,11:23:58,11678,3169,11078,364690400,0,0,0
p2203,20220218,20220218,112403500,11:24:03,11678,3169,11078,364690400,0,0,0
p2203,20220218,20220218,112404500,11:24:04,11678,3169,11078,364690400,0,0,0
p2203,20220218,20220218,112410500,11:24:12,11678,3169,11078,364690400,0,0,0
p2203,20220218,20220218,112411000,11:24:12,11678,3169,11078,364690400,0,0,0
p2203,20220218,20220218,112417000,11:24:17,11678,3169,11078,364690400,0,0,0
p2203,20220218,20220218,112417500,11:24:18,11678,3169,11078,364690400,0,0,0
p2203,20220218,20220218,112418500,11:24:18,11678,3169,11078,364690400,0,0,0
p2203,20220218,20220218,112424000,11:24:24,11674,3170,11078,364807140,1,0,116740
p2203,20220218,20220218,112431000,11:24:31,11674,3170,11078,364807140,0,0,0
p2203,20220218,20220218,112440500,11:24:40,11674,3170,11078,364807140,0,0,0
p2203,20220218,20220218,112441000,11:24:41,11678,3171,11078,364923920,1,0,116780
p2203,20220218,20220218,112443000,11:24:43,11678,3172,11078,365040700,1,0,116780
p2203,20220218,20220218,112448000,11:24:48,11678,3172,11078,365040700,0,0,0
p2203,20220218,20220218,112449500,11:24:49,11678,3172,11078,365040700,0,0,0
p2203,20220218,20220218,112451500,11:24:51,11678,3172,11078,365040700,0,0,0
p2203,20220218,20220218,112452000,11:24:52,11678,3172,11078,365040700,0,0,0
p2203,20220218,20220218,112453000,11:24:53,11678,3172,11078,365040700,0,0,0
p2203,20220218,20220218,112453500,11:24:53,11678,3172,11078,365040700,0,0,0
p2203,20220218,20220218,112454000,11:24:54,11678,3172,11078,365040700,0,0,0
p2203,20220218,20220218,112454500,11:24:54,11678,3172,11078,365040700,0,0,0
p2203,20220218,20220218,112455500,11:24:56,11678,3172,11078,365040700,0,0,0
p2203,20220218,20220218,112456000,11:24:56,11678,3172,11078,365040700,0,0,0
p2203,20220218,20220218,112456500,11:24:56,11678,3187,11063,366792400,15,-15,1751700
p2203,20220218,20220218,112457000,11:24:57,11678,3187,11063,366792400,0,0,0
p2203,20220218,20220218,112459000,11:24:59,11678,3187,11063,366792400,0,0,0
p2203,20220218,20220218,112459500,11:24:59,11678,3187,11063,366792400,0,0,0
p2203,20220218,20220218,112501500,11:25:02,11678,3187,11063,366792400,0,0,0
p2203,20220218,20220218,112502500,11:25:06,11678,3191,11059,367259520,4,-4,467120
p2203,20220218,20220218,112504500,11:25:06,11678,3193,11059,367493080,2,0,233560
p2203,20220218,20220218,112506500,11:25:07,11680,3194,11059,367609880,1,0,116800
p2203,20220218,20220218,112512000,11:25:12,11674,3196,11059,367843400,2,0,233520
p2203,20220218,20220218,112515500,11:25:16,11674,3197,11059,367960140,1,0,116740
p2203,20220218,20220218,112517000,11:25:17,11674,3197,11059,367960140,0,0,0
p2203,20220218,20220218,112518000,11:25:18,11674,3197,11059,367960140,0,0,0
p2203,20220218,20220218,112519000,11:25:19,11680,3198,11058,368076940,1,-1,116800
p2203,20220218,20220218,112522000,11:25:22,11680,3198,11058,368076940,0,0,0
p2203,20220218,20220218,112523000,11:25:23,11680,3198,11058,368076940,0,0,0
p2203,20220218,20220218,112524500,11:25:25,11680,3198,11058,368076940,0,0,0
p2203,20220218,20220218,112525000,11:25:25,11680,3198,11058,368076940,0,0,0
p2203,20220218,20220218,112525500,11:25:26,11680,3198,11058,368076940,0,0,0
p2203,20220218,20220218,112526000,11:25:26,11680,3198,11058,368076940,0,0,0
p2203,20220218,20220218,112526500,11:25:27,11682,3199,11058,368193760,1,0,116820
p2203,20220218,20220218,112527000,11:25:27,11682,3199,11058,368193760,0,0,0
p2203,20220218,20220218,112527500,11:25:28,11682,3201,11060,368427400,2,2,233640
p2203,20220218,20220218,112528500,11:25:28,11682,3201,11060,368427400,0,0,0
p2203,20220218,20220218,112529000,11:25:29,11682,3201,11060,368427400,0,0,0
p2203,20220218,20220218,112529500,11:25:30,11682,3201,11060,368427400,0,0,0
p2203,20220218,20220218,112532000,11:25:32,11682,3201,11060,368427400,0,0,0
p2203,20220218,20220218,112534500,11:25:34,11682,3201,11060,368427400,0,0,0
p2203,20220218,20220218,112537500,11:25:38,11682,3201,11060,368427400,0,0,0
p2203,20220218,20220218,112539000,11:25:39,11680,3202,11060,368544200,1,0,116800
p2203,20220218,20220218,112544000,11:25:44,11682,3204,11062,368777840,2,2,233640
p2203,20220218,20220218,112545500,11:25:46,11682,3204,11062,368777840,0,0,0
p2203,20220218,20220218,112546500,11:25:47,11682,3204,11062,368777840,0,0,0
p2203,20220218,20220218,112547000,11:25:48,11682,3204,11062,368777840,0,0,0
p2203,20220218,20220218,112547500,11:25:48,11682,3204,11062,368777840,0,0,0
p2203,20220218,20220218,112550000,11:25:50,11682,3204,11062,368777840,0,0,0
p2203,20220218,20220218,112550500,11:25:50,11682,3204,11062,368777840,0,0,0
p2203,20220218,20220218,112551000,11:25:51,11682,3204,11062,368777840,0,0,0
p2203,20220218,20220218,112551500,11:25:51,11682,3204,11062,368777840,0,0,0
p2203,20220218,20220218,112552000,11:25:52,11682,3204,11062,368777840,0,0,0
p2203,20220218,20220218,112556500,11:25:57,11682,3204,11062,368777840,0,0,0
p2203,20220218,20220218,112559000,11:26:00,11682,3204,11062,368777840,0,0,0
p2203,20220218,20220218,112602500,11:26:03,11682,3204,11062,368777840,0,0,0
p2203,20220218,20220218,112604500,11:26:05,11682,3204,11062,368777840,0,0,0
p2203,20220218,20220218,112609000,11:26:10,11682,3204,11062,368777840,0,0,0
p2203,20220218,20220218,112609500,11:26:10,11688,3209,11057,369362240,5,-5,584400
p2203,20220218,20220218,112610000,11:26:10,11688,3209,11057,369362240,0,0,0
p2203,20220218,20220218,112612000,11:26:14,11690,3211,11055,369596040,2,-2,233800
p2203,20220218,20220218,112612500,11:26:14,11690,3211,11055,369596040,0,0,0
p2203,20220218,20220218,112624000,11:26:24,11690,3211,11055,369596040,0,0,0
p2203,20220218,20220218,112633000,11:26:33,11700,3216,11051,370181000,5,-4,584960
p2203,20220218,20220218,112633500,11:26:34,11700,3216,11051,370181000,0,0,0
p2203,20220218,20220218,112636000,11:26:38,11700,3216,11051,370181000,0,0,0
p2203,20220218,20220218,112652500,11:27:11,11700,3216,11051,370181000,0,0,0
p2203,20220218,20220218,112709500,11:27:12,11700,3216,11051,370181000,0,0,0
p2203,20220218,20220218,112711500,11:27:13,11694,3230,11050,371818480,14,-1,1637480
p2203,20220218,20220218,112717500,11:27:17,11690,3235,11050,372403140,5,0,584660
p2203,20220218,20220218,112719500,11:27:19,11690,3235,11050,372403140,0,0,0
p2203,20220218,20220218,112722000,11:27:22,11694,3240,11050,372987840,5,0,584700
p2203,20220218,20220218,112724000,11:27:27,11694,3240,11050,372987840,0,0,0
p2203,20220218,20220218,112727500,11:27:27,11694,3240,11050,372987840,0,0,0
p2203,20220218,20220218,112728000,11:27:28,11694,3240,11050,372987840,0,0,0
p2203,20220218,20220218,112732000,11:27:35,11692,3241,11051,373104760,1,1,116920
p2203,20220218,20220218,112734500,11:27:36,11692,3241,11051,373104760,0,0,0
p2203,20220218,20220218,112743000,11:27:43,11692,3241,11051,373104760,0,0,0
p2203,20220218,20220218,112755000,11:27:55,11700,3245,11049,373572760,4,-2,468000
p2203,20220218,20220218,112808500,11:28:11,11700,3245,11049,373572760,0,0,0
p2203,20220218,20220218,112815000,11:28:15,11700,3245,11049,373572760,0,0,0
p2203,20220218,20220218,112815500,11:28:15,11700,3245,11049,373572760,0,0,0
p2203,20220218,20220218,112820000,11:28:20,11700,3245,11049,373572760,0,0,0
p2203,20220218,20220218,112823000,11:28:23,11700,3245,11049,373572760,0,0,0
p2203,20220218,20220218,112824000,11:28:24,11700,3245,11049,373572760,0,0,0
p2203,20220218,20220218,112829000,11:28:29,11706,3246,11049,373689820,1,0,117060
p2203,20220218,20220218,112838500,11:28:38,11706,3246,11049,373689820,0,0,0
p2203,20220218,20220218,112842000,11:28:42,11706,3246,11049,373689820,0,0,0
p2203,20220218,20220218,112843500,11:28:43,11710,3251,11047,374275280,5,-2,585460
p2203,20220218,20220218,112844000,11:28:44,11710,3256,11042,374860780,5,-5,585500
p2203,20220218,20220218,112851500,11:28:51,11710,3257,11041,374977880,1,-1,117100
p2203,20220218,20220218,112852000,11:28:52,11710,3258,11040,375094980,1,-1,117100
p2203,20220218,20220218,112853000,11:28:54,11710,3258,11040,375094980,0,0,0
p2203,20220218,20220218,112857500,11:28:58,11710,3258,11040,375094980,0,0,0
p2203,20220218,20220218,112859500,11:29:00,11710,3258,11040,375094980,0,0,0
p2203,20220218,20220218,112900000,11:29:00,11710,3258,11040,375094980,0,0,0
p2203,20220218,20220218,112901000,11:29:01,11710,3258,11040,375094980,0,0,0
p2203,20220218,20220218,112904500,11:29:04,11710,3259,11039,375212080,1,-1,117100
p2203,20220218,20220218,112908000,11:29:08,11710,3260,11038,375329180,1,-1,117100
p2203,20220218,20220218,112909000,11:29:09,11710,3260,11038,375329180,0,0,0
p2203,20220218,20220218,112911000,11:29:11,11710,3260,11038,375329180,0,0,0
p2203,20220218,20220218,112912000,11:29:12,11710,3260,11038,375329180,0,0,0
p2203,20220218,20220218,112912500,11:29:12,11710,3260,11038,375329180,0,0,0
p2203,20220218,20220218,112913000,11:29:13,11710,3260,11038,375329180,0,0,0
p2203,20220218,20220218,112913500,11:29:13,11710,3260,11038,375329180,0,0,0
p2203,20220218,20220218,112915000,11:29:15,11710,3260,11038,375329180,0,0,0
p2203,20220218,20220218,112915500,11:29:16,11710,3260,11038,375329180,0,0,0
p2203,20220218,20220218,112916000,11:29:16,11710,3260,11038,375329180,0,0,0
p2203,20220218,20220218,112918000,11:29:21,11710,3260,11038,375329180,0,0,0
p2203,20220218,20220218,112918500,11:29:21,11710,3260,11038,375329180,0,0,0
p2203,20220218,20220218,112919500,11:29:21,11710,3260,11038,375329180,0,0,0
p2203,20220218,20220218,112927500,11:29:27,11710,3260,11038,375329180,0,0,0
p2203,20220218,20220218,112930000,11:29:30,11710,3260,11038,375329180,0,0,0
p2203,20220218,20220218,112930500,11:29:30,11710,3260,11038,375329180,0,0,0
p2203,20220218,20220218,112931000,11:29:32,11710,3260,11038,375329180,0,0,0
p2203,20220218,20220218,112932000,11:29:32,11710,3260,11038,375329180,0,0,0
p2203,20220218,20220218,112936000,11:29:38,11710,3260,11038,375329180,0,0,0
p2203,20220218,20220218,112938500,11:29:39,11710,3260,11038,375329180,0,0,0
p2203,20220218,20220218,112939500,11:29:39,11710,3260,11038,375329180,0,0,0
p2203,20220218,20220218,112940500,11:29:40,11710,3260,11038,375329180,0,0,0
p2203,20220218,20220218,112947500,11:29:48,11710,3260,11038,375329180,0,0,0
p2203,20220218,20220218,112948500,11:29:49,11710,3260,11038,375329180,0,0,0
p2203,20220218,20220218,112949500,11:29:50,11710,3260,11038,375329180,0,0,0
p2203,20220218,20220218,112950000,11:29:51,11710,3260,11038,375329180,0,0,0
p2203,20220218,20220218,112951500,11:29:52,11710,3260,11038,375329180,0,0,0
p2203,20220218,20220218,112952000,11:29:52,11710,3260,11038,375329180,0,0,0
p2203,20220218,20220218,112952500,11:29:53,11710,3260,11038,375329180,0,0,0
p2203,20220218,20220218,112959000,11:30:02,11710,3260,11038,375329180,0,0,0
p2203,20220218,20220218,113000500,11:30:03,11710,3260,11038,375329180,0,0,0
p2203,20220218,20220218,113001500,11:30:03,11710,3260,11038,375329180,0,0,0
p2203,20220218,20220218,133001500,13:30:01,11710,3260,11038,375329180,0,0,0
p2203,20220218,20220218,133002000,13:30:08,11710,3260,11038,375329180,0,0,0
p2203,20220218,20220218,133002500,13:30:09,11710,3260,11038,375329180,0,0,0
p2203,20220218,20220218,133008500,13:30:10,11710,3260,11038,375329180,0,0,0
p2203,20220218,20220218,133009500,13:30:10,11710,3260,11038,375329180,0,0,0
p2203,20220218,20220218,133010000,13:30:11,11710,3260,11038,375329180,0,0,0
p2203,20220218,20220218,133010500,13:30:12,11710,3260,11038,375329180,0,0,0
p2203,20220218,20220218,133011000,13:30:12,11710,3260,11038,375329180,0,0,0
p2203,20220218,20220218,133012500,13:30:13,11710,3260,11038,375329180,0,0,0
p2203,20220218,20220218,133013000,13:30:13,11710,3260,11038,375329180,0,0,0
p2203,20220218,20220218,133013500,13:30:14,11710,3260,11038,375329180,0,0,0
p2203,20220218,20220218,133015000,13:30:17,11710,3260,11038,375329180,0,0,0
p2203,20220218,20220218,133016500,13:30:18,11710,3260,11038,375329180,0,0,0
p2203,20220218,20220218,133017000,13:30:18,11710,3260,11038,375329180,0,0,0
p2203,20220218,20220218,133018000,13:30:19,11710,3260,11038,375329180,0,0,0
p2203,20220218,20220218,133019000,13:30:20,11710,3260,11038,375329180,0,0,0
p2203,20220218,20220218,133019500,13:30:20,11710,3260,11038,375329180,0,0,0
p2203,20220218,20220218,133020000,13:30:21,11710,3260,11038,375329180,0,0,0
p2203,20220218,20220218,133020500,13:30:21,11710,3260,11038,375329180,0,0,0
p2203,20220218,20220218,133021000,13:30:21,11710,3260,11038,375329180,0,0,0
p2203,20220218,20220218,133021500,13:30:22,11710,3260,11038,375329180,0,0,0
p2203,20220218,20220218,133022000,13:30:22,11710,3260,11038,375329180,0,0,0
p2203,20220218,20220218,133022500,13:30:38,11710,3260,11038,375329180,0,0,0
p2203,20220218,20220218,133034500,13:30:40,11710,3260,11038,375329180,0,0,0
p2203,20220218,20220218,133040000,13:30:43,11710,3260,11038,375329180,0,0,0
p2203,20220218,20220218,133041000,13:30:43,11710,3260,11038,375329180,0,0,0
p2203,20220218,20220218,133043500,13:30:44,11710,3260,11038,375329180,0,0,0
p2203,20220218,20220218,133044500,13:30:46,11710,3260,11038,375329180,0,0,0
p2203,20220218,20220218,133045000,13:30:46,11710,3260,11038,375329180,0,0,0
p2203,20220218,20220218,133045500,13:30:46,11710,3260,11038,375329180,0,0,0
p2203,20220218,20220218,133046500,13:30:47,11710,3260,11038,375329180,0,0,0
p2203,20220218,20220218,133047500,13:30:48,11710,3260,11038,375329180,0,0,0
p2203,20220218,20220218,133048000,13:30:48,11710,3260,11038,375329180,0,0,0
p2203,20220218,20220218,133053500,13:30:54,11710,3260,11038,375329180,0,0,0
p2203,20220218,20220218,133054000,13:30:54,11710,3260,11038,375329180,0,0,0
p2203,20220218,20220218,133058500,13:30:59,11710,3260,11038,375329180,0,0,0
p2203,20220218,20220218,133059000,13:30:59,11710,3260,11038,375329180,0,0,0
p2203,20220218,20220218,133100000,13:31:00,11710,3260,11038,375329180,0,0,0
p2203,20220218,20220218,133100500,13:31:00,11710,3260,11038,375329180,0,0,0
p2203,20220218,20220218,133101000,13:31:01,11710,3260,11038,375329180,0,0,0
p2203,20220218,20220218,133101500,13:31:01,11710,3260,11038,375329180,0,0,0
p2203,20220218,20220218,133103500,13:31:04,11710,3260,11038,375329180,0,0,0
p2203,20220218,20220218,133104000,13:31:06,11710,3260,11038,375329180,0,0,0
p2203,20220218,20220218,133104500,13:31:06,11710,3260,11038,375329180,0,0,0
p2203,20220218,20220218,133105000,13:31:08,11710,3260,11038,375329180,0,0,0
p2203,20220218,20220218,133107000,13:31:09,11710,3260,11038,375329180,0,0,0
p2203,20220218,20220218,133109500,13:31:10,11710,3260,11038,375329180,0,0,0
p2203,20220218,20220218,133110000,13:31:11,11710,3260,11038,375329180,0,0,0
p2203,20220218,20220218,133113000,13:31:13,11710,3260,11038,375329180,0,0,0
p2203,20220218,20220218,133113500,13:31:14,11710,3260,11038,375329180,0,0,0
p2203,20220218,20220218,133116500,13:31:17,11710,3260,11038,375329180,0,0,0
p2203,20220218,20220218,133118500,13:31:19,11710,3260,11038,375329180,0,0,0
p2203,20220218,20220218,133119000,13:31:19,11710,3260,11038,375329180,0,0,0
p2203,20220218,20220218,133121500,13:31:22,11710,3260,11038,375329180,0,0,0
p2203,20220218,20220218,133122000,13:31:22,11710,3260,11038,375329180,0,0,0
p2203,20220218,20220218,133123500,13:31:25,11710,3260,11038,375329180,0,0,0
p2203,20220218,20220218,133159000,13:31:59,11710,3260,11038,375329180,0,0,0
p2203,20220218,20220218,133159500,13:32:00,11710,3260,11038,375329180,0,0,0
p2203,20220218,20220218,133200500,13:32:01,11716,3268,11039,376266440,8,1,937260
p2203,20220218,20220218,133205500,13:32:06,11716,3268,11039,376266440,0,0,0
p2203,20220218,20220218,133206000,13:32:06,11718,3270,11038,376500800,2,-1,234360
p2203,20220218,20220218,133209500,13:32:10,11718,3270,11038,376500800,0,0,0
p2203,20220218,20220218,133210500,13:32:13,11718,3270,11038,376500800,0,0,0
p2203,20220218,20220218,133211500,13:32:15,11718,3270,11038,376500800,0,0,0
p2203,20220218,20220218,133214000,13:32:15,11718,3270,11038,376500800,0,0,0
p2203,20220218,20220218,133215000,13:32:16,11718,3270,11038,376500800,0,0,0
p2203,20220218,20220218,133216000,13:32:17,11718,3272,11036,376735160,2,-2,234360
p2203,20220218,20220218,133217000,13:32:17,11718,3273,11035,376852340,1,-1,117180
p2203,20220218,20220218,133217500,13:32:18,11720,3275,11033,377086720,2,-2,234380
p2203,20220218,20220218,133218000,13:32:18,11716,3277,11032,377321060,2,-1,234340
p2203,20220218,20220218,133219500,13:32:20,11720,3278,11031,377438260,1,-1,117200
p2203,20220218,20220218,133220000,13:32:20,11720,3278,11031,377438260,0,0,0
p2203,20220218,20220218,133221000,13:32:21,11720,3278,11031,377438260,0,0,0
p2203,20220218,20220218,133223000,13:32:24,11720,3278,11031,377438260,0,0,0
p2203,20220218,20220218,133224000,13:32:24,11720,3278,11031,377438260,0,0,0
p2203,20220218,20220218,133225500,13:32:25,11720,3278,11031,377438260,0,0,0
p2203,20220218,20220218,133234500,13:32:35,11720,3278,11031,377438260,0,0,0
p2203,20220218,20220218,133237500,13:32:37,11720,3278,11031,377438260,0,0,0
p2203,20220218,20220218,133238000,13:32:38,11720,3278,11031,377438260,0,0,0
p2203,20220218,20220218,133242000,13:32:42,11720,3278,11031,377438260,0,0,0
p2203,20220218,20220218,133242500,13:32:42,11720,3278,11031,377438260,0,0,0
p2203,20220218,20220218,133245500,13:32:45,11720,3278,11031,377438260,0,0,0
p2203,20220218,20220218,133246000,13:32:47,11720,3278,11031,377438260,0,0,0
p2203,20220218,20220218,133246500,13:32:47,11720,3278,11031,377438260,0,0,0
p2203,20220218,20220218,133249000,13:32:49,11720,3278,11031,377438260,0,0,0
p2203,20220218,20220218,133256000,13:32:56,11720,3278,11031,377438260,0,0,0
p2203,20220218,20220218,133257500,13:32:59,11720,3278,11031,377438260,0,0,0
p2203,20220218,20220218,133258000,13:33:00,11720,3278,11031,377438260,0,0,0
p2203,20220218,20220218,133259000,13:33:01,11720,3278,11031,377438260,0,0,0
p2203,20220218,20220218,133302000,13:33:02,11720,3278,11031,377438260,0,0,0
p2203,20220218,20220218,133305000,13:33:05,11726,3279,11032,377555520,1,1,117260
p2203,20220218,20220218,133312500,13:33:14,11728,3284,11027,378141920,5,-5,586400
p2203,20220218,20220218,133318500,13:33:19,11728,3284,11027,378141920,0,0,0
p2203,20220218,20220218,133320000,13:33:21,11728,3284,11027,378141920,0,0,0
p2203,20220218,20220218,133322000,13:33:22,11728,3284,11027,378141920,0,0,0
p2203,20220218,20220218,133328500,13:33:30,11728,3284,11027,378141920,0,0,0
p2203,20220218,20220218,133329000,13:33:30,11728,3284,11027,378141920,0,0,0
p2203,20220218,20220218,133330000,13:33:30,11728,3284,11027,378141920,0,0,0
p2203,20220218,20220218,133330500,13:33:31,11728,3284,11027,378141920,0,0,0
p2203,20220218,20220218,133331000,13:33:32,11728,3284,11027,378141920,0,0,0
p2203,20220218,20220218,133331500,13:33:32,11736,3285,11027,378259280,1,0,117360
p2203,20220218,20220218,133332000,13:33:32,11736,3285,11027,378259280,0,0,0
p2203,20220218,20220218,133332500,13:33:32,11736,3285,11027,378259280,0,0,0
p2203,20220218,20220218,133333000,13:33:33,11736,3285,11027,378259280,0,0,0
p2203,20220218,20220218,133333500,13:33:33,11736,3285,11027,378259280,0,0,0
p2203,20220218,20220218,133337000,13:33:37,11738,3286,11026,378376660,1,-1,117380
p2203,20220218,20220218,133342500,13:33:42,11736,3287,11025,378494020,1,-1,117360
p2203,20220218,20220218,133343000,13:33:43,11736,3287,11025,378494020,0,0,0
p2203,20220218,20220218,133343500,13:33:44,11736,3288,11025,378611380,1,0,117360
p2203,20220218,20220218,133344000,13:33:44,11736,3288,11025,378611380,0,0,0
p2203,20220218,20220218,133344500,13:33:45,11736,3289,11025,378728740,1,0,117360
p2203,20220218,20220218,133348000,13:33:49,11736,3289,11025,378728740,0,0,0
p2203,20220218,20220218,133349000,13:33:50,11736,3289,11025,378728740,0,0,0
p2203,20220218,20220218,133349500,13:33:50,11736,3289,11025,378728740,0,0,0
p2203,20220218,20220218,133350500,13:33:50,11736,3289,11025,378728740,0,0,0
p2203,20220218,20220218,133351500,13:33:52,11736,3289,11025,378728740,0,0,0
p2203,20220218,20220218,133353500,13:33:53,11736,3289,11025,378728740,0,0,0
p2203,20220218,20220218,133354000,13:33:54,11736,3289,11025,378728740,0,0,0
p2203,20220218,20220218,133354500,13:33:54,11736,3289,11025,378728740,0,0,0
p2203,20220218,20220218,133355500,13:33:56,11736,3289,11025,378728740,0,0,0
p2203,20220218,20220218,133356500,13:33:57,11736,3289,11025,378728740,0,0,0
p2203,20220218,20220218,133357500,13:33:58,11736,3289,11025,378728740,0,0,0
p2203,20220218,20220218,133358500,13:33:58,11736,3289,11025,378728740,0,0,0
p2203,20220218,20220218,133401500,13:34:02,11736,3289,11025,378728740,0,0,0
p2203,20220218,20220218,133402000,13:34:02,11736,3289,11025,378728740,0,0,0
p2203,20220218,20220218,133402500,13:34:10,11736,3289,11025,378728740,0,0,0
p2203,20220218,20220218,133403000,13:34:10,11736,3289,11025,378728740,0,0,0
p2203,20220218,20220218,133420000,13:34:20,11736,3289,11025,378728740,0,0,0
p2203,20220218,20220218,133421500,13:34:23,11736,3289,11025,378728740,0,0,0
p2203,20220218,20220218,133423500,13:34:24,11736,3289,11025,378728740,0,0,0
p2203,20220218,20220218,133427500,13:34:27,11736,3289,11025,378728740,0,0,0
p2203,20220218,20220218,133428000,13:34:28,11736,3289,11025,378728740,0,0,0
p2203,20220218,20220218,133437000,13:34:37,11736,3289,11025,378728740,0,0,0
p2203,20220218,20220218,133437500,13:34:38,11736,3289,11025,378728740,0,0,0
p2203,20220218,20220218,133438000,13:34:38,11736,3289,11025,378728740,0,0,0
p2203,20220218,20220218,133439000,13:34:39,11736,3289,11025,378728740,0,0,0
p2203,20220218,20220218,133439500,13:34:39,11728,3290,11025,378846020,1,0,117280
p2203,20220218,20220218,133440000,13:34:40,11736,3291,11025,378963380,1,0,117360
p2203,20220218,20220218,133440500,13:34:41,11738,3292,11024,379080760,1,-1,117380
p2203,20220218,20220218,133453000,13:34:53,11738,3292,11024,379080760,0,0,0
p2203,20220218,20220218,133454000,13:34:56,11738,3292,11024,379080760,0,0,0
p2203,20220218,20220218,133513500,13:35:13,11738,3292,11024,379080760,0,0,0
p2203,20220218,20220218,133514000,13:35:14,11738,3292,11024,379080760,0,0,0
p2203,20220218,20220218,133521000,13:35:21,11738,3292,11024,379080760,0,0,0
p2203,20220218,20220218,133522000,13:35:22,11738,3292,11024,379080760,0,0,0
p2203,20220218,20220218,133522500,13:35:23,11738,3292,11024,379080760,0,0,0
p2203,20220218,20220218,133523000,13:35:23,11738,3292,11024,379080760,0,0,0
p2203,20220218,20220218,133523500,13:35:23,11738,3292,11024,379080760,0,0,0
p2203,20220218,20220218,133524000,13:35:24,11738,3292,11024,379080760,0,0,0
p2203,20220218,20220218,133524500,13:35:25,11738,3292,11024,379080760,0,0,0
p2203,20220218,20220218,133525500,13:35:26,11738,3292,11024,379080760,0,0,0
p2203,20220218,20220218,133526000,13:35:26,11738,3292,11024,379080760,0,0,0
p2203,20220218,20220218,133527500,13:35:31,11738,3292,11024,379080760,0,0,0
p2203,20220218,20220218,133529000,13:35:33,11738,3292,11024,379080760,0,0,0
p2203,20220218,20220218,133540000,13:35:43,11738,3292,11024,379080760,0,0,0
p2203,20220218,20220218,133541000,13:35:43,11738,3292,11024,379080760,0,0,0
p2203,20220218,20220218,133544500,13:35:45,11738,3292,11024,379080760,0,0,0
p2203,20220218,20220218,133549500,13:35:49,11738,3292,11024,379080760,0,0,0
p2203,20220218,20220218,133550500,13:35:50,11738,3292,11024,379080760,0,0,0
p2203,20220218,20220218,133552000,13:35:52,11738,3292,11024,379080760,0,0,0
p2203,20220218,20220218,133601500,13:36:03,11738,3292,11024,379080760,0,0,0
p2203,20220218,20220218,133602000,13:36:03,11738,3292,11024,379080760,0,0,0
p2203,20220218,20220218,133604500,13:36:06,11738,3292,11024,379080760,0,0,0
p2203,20220218,20220218,133618000,13:36:19,11738,3292,11024,379080760,0,0,0
p2203,20220218,20220218,133620500,13:36:20,11738,3292,11024,379080760,0,0,0
p2203,20220218,20220218,133621000,13:36:21,11738,3292,11024,379080760,0,0,0
p2203,20220218,20220218,133625500,13:36:25,11738,3292,11024,379080760,0,0,0
p2203,20220218,20220218,133627000,13:36:27,11738,3292,11024,379080760,0,0,0
p2203,20220218,20220218,133628000,13:36:28,11738,3292,11024,379080760,0,0,0
p2203,20220218,20220218,133632500,13:36:32,11736,3297,11024,379667580,5,0,586820
p2203,20220218,20220218,133634000,13:36:34,11736,3297,11024,379667580,0,0,0
p2203,20220218,20220218,133634500,13:36:35,11736,3297,11024,379667580,0,0,0
p2203,20220218,20220218,133635000,13:36:35,11736,3297,11024,379667580,0,0,0
p2203,20220218,20220218,133635500,13:36:36,11736,3297,11024,379667580,0,0,0
p2203,20220218,20220218,133638500,13:36:39,11736,3297,11024,379667580,0,0,0
p2203,20220218,20220218,133641000,13:36:41,11736,3297,11024,379667580,0,0,0
p2203,20220218,20220218,133641500,13:36:41,11736,3297,11024,379667580,0,0,0
p2203,20220218,20220218,133642500,13:36:42,11736,3297,11024,379667580,0,0,0
p2203,20220218,20220218,133643000,13:36:43,11736,3297,11024,379667580,0,0,0
p2203,20220218,20220218,133648500,13:36:48,11736,3298,11023,379784940,1,-1,117360
p2203,20220218,20220218,133652000,13:36:52,11736,3298,11023,379784940,0,0,0
p2203,20220218,20220218,133654500,13:36:54,11736,3299,11022,379902300,1,-1,117360
p2203,20220218,20220218,133657000,13:36:58,11736,3299,11022,379902300,0,0,0
p2203,20220218,20220218,133657500,13:36:58,11736,3299,11022,379902300,0,0,0
p2203,20220218,20220218,133658000,13:36:58,11736,3299,11022,379902300,0,0,0
p2203,20220218,20220218,133659500,13:36:59,11736,3299,11022,379902300,0,0,0
p2203,20220218,20220218,133700000,13:37:00,11736,3299,11022,379902300,0,0,0
p2203,20220218,20220218,133700500,13:37:00,11736,3299,11022,379902300,0,0,0
p2203,20220218,20220218,133701500,13:37:02,11736,3299,11022,379902300,0,0,0
p2203,20220218,20220218,133702000,13:37:02,11736,3299,11022,379902300,0,0,0
p2203,20220218,20220218,133709500,13:37:10,11736,3299,11022,379902300,0,0,0
p2203,20220218,20220218,133723000,13:37:23,11736,3300,11021,380019660,1,-1,117360
p2203,20220218,20220218,133727500,13:37:27,11736,3300,11021,380019660,0,0,0
p2203,20220218,20220218,133728000,13:37:28,11736,3300,11021,380019660,0,0,0
p2203,20220218,20220218,133743000,13:37:43,11736,3300,11021,380019660,0,0,0
p2203,20220218,20220218,133747500,13:37:48,11736,3300,11021,380019660,0,0,0
p2203,20220218,20220218,133748500,13:37:48,11736,3300,11021,380019660,0,0,0
p2203,20220218,20220218,133755000,13:37:55,11726,3301,11020,380136920,1,-1,117260
p2203,20220218,20220218,133759500,13:38:00,11726,3301,11020,380136920,0,0,0
p2203,20220218,20220218,133800500,13:38:02,11726,3301,11020,380136920,0,0,0
p2203,20220218,20220218,133801000,13:38:02,11726,3301,11020,380136920,0,0,0
p2203,20220218,20220218,133805500,13:38:07,11726,3301,11020,380136920,0,0,0
p2203,20220218,20220218,133811500,13:38:14,11726,3303,11018,380371440,2,-2,234520
p2203,20220218,20220218,133818000,13:38:18,11726,3303,11018,380371440,0,0,0
p2203,20220218,20220218,133825500,13:38:41,11726,3303,11018,380371440,0,0,0
p2203,20220218,20220218,133834000,13:38:43,11726,3303,11018,380371440,0,0,0
p2203,20220218,20220218,133842500,13:38:43,11726,3303,11018,380371440,0,0,0
p2203,20220218,20220218,133844500,13:38:44,11726,3303,11018,380371440,0,0,0
p2203,20220218,20220218,133914000,13:39:14,11726,3303,11018,380371440,0,0,0
p2203,20220218,20220218,133914500,13:39:15,11726,3303,11018,380371440,0,0,0
p2203,20220218,20220218,133915000,13:39:18,11726,3303,11018,380371440,0,0,0
p2203,20220218,20220218,133919500,13:39:19,11726,3303,11018,380371440,0,0,0
p2203,20220218,20220218,133920500,13:39:20,11726,3303,11018,380371440,0,0,0
p2203,20220218,20220218,133930500,13:39:30,11726,3303,11018,380371440,0,0,0
p2203,20220218,20220218,133937500,13:39:37,11726,3303,11018,380371440,0,0,0
p2203,20220218,20220218,133945000,13:39:45,11726,3303,11018,380371440,0,0,0
p2203,20220218,20220218,133945500,13:39:46,11726,3303,11018,380371440,0,0,0
p2203,20220218,20220218,133946000,13:39:46,11726,3303,11018,380371440,0,0,0
p2203,20220218,20220218,133946500,13:39:47,11726,3303,11018,380371440,0,0,0
p2203,20220218,20220218,133947000,13:39:47,11726,3303,11018,380371440,0,0,0
p2203,20220218,20220218,133951500,13:39:51,11726,3303,11018,380371440,0,0,0
p2203,20220218,20220218,133955000,13:39:55,11726,3303,11018,380371440,0,0,0
p2203,20220218,20220218,133955500,13:39:55,11726,3303,11018,380371440,0,0,0
p2203,20220218,20220218,133957500,13:40:12,11726,3303,11018,380371440,0,0,0
p2203,20220218,20220218,134000500,13:40:13,11726,3303,11018,380371440,0,0,0
p2203,20220218,20220218,134013500,13:40:13,11726,3306,11016,380723320,3,-2,351880
p2203,20220218,20220218,134015000,13:40:16,11726,3306,11016,380723320,0,0,0
p2203,20220218,20220218,134019000,13:40:19,11726,3306,11016,380723320,0,0,0
p2203,20220218,20220218,134024000,13:40:24,11726,3312,11010,381426880,6,-6,703560
p2203,20220218,20220218,134025500,13:40:26,11726,3312,11010,381426880,0,0,0
p2203,20220218,20220218,134029000,13:40:30,11726,3313,11010,381544140,1,0,117260
p2203,20220218,20220218,134030000,13:40:30,11726,3314,11010,381661400,1,0,117260
p2203,20220218,20220218,134031500,13:40:31,11726,3315,11010,381778660,1,0,117260
p2203,20220218,20220218,134035000,13:40:35,11726,3316,11010,381895920,1,0,117260
p2203,20220218,20220218,134039000,13:40:39,11726,3316,11010,381895920,0,0,0
p2203,20220218,20220218,134111500,13:41:11,11728,3317,11010,382013200,1,0,117280
p2203,20220218,20220218,134114500,13:41:15,11728,3319,11010,382247760,2,0,234560
p2203,20220218,20220218,134134500,13:41:34,11728,3320,11009,382365040,1,-1,117280
p2203,20220218,20220218,134147500,13:41:48,11728,3320,11009,382365040,0,0,0
p2203,20220218,20220218,134150000,13:41:50,11728,3320,11009,382365040,0,0,0
p2203,20220218,20220218,134151000,13:41:51,11726,3322,11007,382599560,2,-2,234520
p2203,20220218,20220218,134202000,13:42:11,11726,3322,11007,382599560,0,0,0
p2203,20220218,20220218,134202500,13:42:11,11726,3322,11007,382599560,0,0,0
p2203,20220218,20220218,134203000,13:42:11,11726,3322,11007,382599560,0,0,0
p2203,20220218,20220218,134209500,13:42:12,11726,3333,10996,383889440,11,-11,1289880
p2203,20220218,20220218,134215000,13:42:15,11726,3333,10996,383889440,0,0,0
p2203,20220218,20220218,134222000,13:42:22,11726,3343,10987,385062040,10,-9,1172600
p2203,20220218,20220218,134222500,13:42:22,11726,3343,10987,385062040,0,0,0
p2203,20220218,20220218,134223000,13:42:23,11726,3343,10987,385062040,0,0,0
p2203,20220218,20220218,134223500,13:42:24,11726,3343,10987,385062040,0,0,0
p2203,20220218,20220218,134224500,13:42:25,11726,3343,10987,385062040,0,0,0
p2203,20220218,20220218,134225000,13:42:25,11726,3343,10987,385062040,0,0,0
p2203,20220218,20220218,134225500,13:42:25,11726,3343,10987,385062040,0,0,0
p2203,20220218,20220218,134226000,13:42:26,11726,3343,10987,385062040,0,0,0
p2203,20220218,20220218,134255000,13:42:55,11726,3343,10987,385062040,0,0,0
p2203,20220218,20220218,134255500,13:42:55,11726,3343,10987,385062040,0,0,0
p2203,20220218,20220218,134257000,13:42:59,11726,3343,10987,385062040,0,0,0
p2203,20220218,20220218,134257500,13:42:59,11704,3350,10980,385881360,7,-7,819320
p2203,20220218,20220218,134302000,13:43:02,11704,3350,10980,385881360,0,0,0
p2203,20220218,20220218,134314000,13:43:14,11704,3350,10980,385881360,0,0,0
p2203,20220218,20220218,134317000,13:43:17,11704,3350,10980,385881360,0,0,0
p2203,20220218,20220218,134317500,13:43:17,11704,3350,10980,385881360,0,0,0
p2203,20220218,20220218,134322000,13:43:22,11704,3350,10980,385881360,0,0,0
p2203,20220218,20220218,134324500,13:43:24,11704,3350,10980,385881360,0,0,0
p2203,20220218,20220218,134327000,13:43:27,11704,3350,10980,385881360,0,0,0
p2203,20220218,20220218,134332500,13:43:32,11700,3351,10979,385998360,1,-1,117000
p2203,20220218,20220218,134333000,13:43:33,11700,3351,10979,385998360,0,0,0
p2203,20220218,20220218,134336000,13:43:36,11692,3357,10979,386699880,6,0,701520
p2203,20220218,20220218,134336500,13:43:37,11692,3357,10979,386699880,0,0,0
p2203,20220218,20220218,134337500,13:43:37,11692,3357,10979,386699880,0,0,0
p2203,20220218,20220218,134338000,13:43:38,11692,3357,10979,386699880,0,0,0
p2203,20220218,20220218,134340000,13:43:57,11692,3357,10979,386699880,0,0,0
p2203,20220218,20220218,134351500,13:44:04,11692,3357,10979,386699880,0,0,0
p2203,20220218,20220218,134403000,13:44:04,11692,3357,10979,386699880,0,0,0
p2203,20220218,20220218,134405500,13:44:06,11692,3357,10979,386699880,0,0,0
p2203,20220218,20220218,134406000,13:44:06,11692,3357,10979,386699880,0,0,0
p2203,20220218,20220218,134406500,13:44:06,11692,3357,10979,386699880,0,0,0
p2203,20220218,20220218,134408000,13:44:08,11692,3357,10979,386699880,0,0,0
p2203,20220218,20220218,134408500,13:44:09,11692,3357,10979,386699880,0,0,0
p2203,20220218,20220218,134409000,13:44:09,11692,3357,10979,386699880,0,0,0
p2203,20220218,20220218,134409500,13:44:17,11692,3357,10979,386699880,0,0,0
p2203,20220218,20220218,134411000,13:44:17,11692,3357,10979,386699880,0,0,0
p2203,20220218,20220218,134416000,13:44:18,11700,3364,10975,387518840,7,-4,818960
p2203,20220218,20220218,134424500,13:44:24,11700,3364,10975,387518840,0,0,0
p2203,20220218,20220218,134427500,13:44:27,11698,3367,10972,387869780,3,-3,350940
p2203,20220218,20220218,134428000,13:44:29,11698,3367,10972,387869780,0,0,0
p2203,20220218,20220218,134437500,13:44:37,11698,3367,10972,387869780,0,0,0
p2203,20220218,20220218,134438000,13:44:38,11698,3367,10972,387869780,0,0,0
p2203,20220218,20220218,134439500,13:44:39,11698,3367,10972,387869780,0,0,0
p2203,20220218,20220218,134440500,13:44:40,11698,3367,10972,387869780,0,0,0
p2203,20220218,20220218,134443500,13:44:44,11698,3367,10972,387869780,0,0,0
p2203,20220218,20220218,134444000,13:44:44,11698,3367,10972,387869780,0,0,0
p2203,20220218,20220218,134447000,13:44:47,11698,3367,10972,387869780,0,0,0
p2203,20220218,20220218,134450000,13:44:50,11698,3367,10972,387869780,0,0,0
p2203,20220218,20220218,134500500,13:45:01,11698,3367,10972,387869780,0,0,0
p2203,20220218,20220218,134501000,13:45:01,11698,3367,10972,387869780,0,0,0
p2203,20220218,20220218,134501500,13:45:01,11698,3367,10972,387869780,0,0,0
p2203,20220218,20220218,134503500,13:45:04,11698,3367,10972,387869780,0,0,0
p2203,20220218,20220218,134504000,13:45:08,11698,3367,10972,387869780,0,0,0
p2203,20220218,20220218,134507500,13:45:09,11698,3367,10972,387869780,0,0,0
p2203,20220218,20220218,134508500,13:45:09,11698,3367,10972,387869780,0,0,0
p2203,20220218,20220218,134509000,13:45:10,11698,3367,10972,387869780,0,0,0
p2203,20220218,20220218,134509500,13:45:10,11698,3367,10972,387869780,0,0,0
p2203,20220218,20220218,134510000,13:45:10,11698,3367,10972,387869780,0,0,0
p2203,20220218,20220218,134510500,13:45:10,11698,3367,10972,387869780,0,0,0
p2203,20220218,20220218,134511000,13:45:11,11698,3367,10972,387869780,0,0,0
p2203,20220218,20220218,134511500,13:45:11,11698,3367,10972,387869780,0,0,0
p2203,20220218,20220218,134512000,13:45:12,11698,3367,10972,387869780,0,0,0
p2203,20220218,20220218,134512500,13:45:13,11698,3367,10972,387869780,0,0,0
p2203,20220218,20220218,134513000,13:45:13,11698,3367,10972,387869780,0,0,0
p2203,20220218,20220218,134514000,13:45:15,11698,3367,10972,387869780,0,0,0
p2203,20220218,20220218,134514500,13:45:16,11698,3367,10972,387869780,0,0,0
p2203,20220218,20220218,134515000,13:45:16,11698,3367,10972,387869780,0,0,0
p2203,20220218,20220218,134515500,13:45:17,11698,3367,10972,387869780,0,0,0
p2203,20220218,20220218,134516000,13:45:17,11698,3367,10972,387869780,0,0,0
p2203,20220218,20220218,134517000,13:45:19,11698,3367,10972,387869780,0,0,0
p2203,20220218,20220218,134520000,13:45:23,11698,3367,10972,387869780,0,0,0
p2203,20220218,20220218,134521000,13:45:23,11698,3367,10972,387869780,0,0,0
p2203,20220218,20220218,134521500,13:45:23,11698,3367,10972,387869780,0,0,0
p2203,20220218,20220218,134523000,13:45:24,11698,3367,10972,387869780,0,0,0
p2203,20220218,20220218,134524000,13:45:24,11698,3367,10972,387869780,0,0,0
p2203,20220218,20220218,134524500,13:45:25,11698,3367,10972,387869780,0,0,0
p2203,20220218,20220218,134528000,13:45:30,11708,3369,10971,388103980,2,-1,234200
p2203,20220218,20220218,134529500,13:45:30,11708,3369,10971,388103980,0,0,0
p2203,20220218,20220218,134538000,13:45:38,11712,3375,10965,388806700,6,-6,702720
p2203,20220218,20220218,134544500,13:45:46,11712,3376,10965,388923820,1,0,117120
p2203,20220218,20220218,134546000,13:45:47,11712,3376,10965,388923820,0,0,0
p2203,20220218,20220218,134547000,13:45:47,11708,3382,10959,389626300,6,-6,702480
p2203,20220218,20220218,134551000,13:45:54,11708,3382,10959,389626300,0,0,0
p2203,20220218,20220218,134555000,13:45:55,11708,3382,10959,389626300,0,0,0
p2203,20220218,20220218,134557000,13:46:00,11708,3382,10959,389626300,0,0,0
p2203,20220218,20220218,134557500,13:46:01,11708,3382,10959,389626300,0,0,0
p2203,20220218,20220218,134601500,13:46:02,11708,3382,10959,389626300,0,0,0
p2203,20220218,20220218,134602500,13:46:03,11708,3382,10959,389626300,0,0,0
p2203,20220218,20220218,134604500,13:46:05,11708,3382,10959,389626300,0,0,0
p2203,20220218,20220218,134605000,13:46:05,11708,3382,10959,389626300,0,0,0
p2203,20220218,20220218,134606500,13:46:06,11708,3382,10959,389626300,0,0,0
p2203,20220218,20220218,134607000,13:46:07,11708,3382,10959,389626300,0,0,0
p2203,20220218,20220218,134608000,13:46:08,11708,3382,10959,389626300,0,0,0
p2203,20220218,20220218,134609000,13:46:09,11708,3384,10957,389860460,2,-2,234160
p2203,20220218,20220218,134610500,13:46:11,11708,3384,10957,389860460,0,0,0
p2203,20220218,20220218,134620500,13:46:21,11708,3384,10957,389860460,0,0,0
p2203,20220218,20220218,134622000,13:46:30,11708,3384,10957,389860460,0,0,0
p2203,20220218,20220218,134628000,13:46:31,11708,3384,10957,389860460,0,0,0
p2203,20220218,20220218,134631500,13:46:31,11708,3384,10957,389860460,0,0,0
p2203,20220218,20220218,134640500,13:46:42,11708,3385,10956,389977540,1,-1,117080
p2203,20220218,20220218,134643000,13:46:43,11708,3386,10956,390094620,1,0,117080
p2203,20220218,20220218,134643500,13:46:43,11708,3386,10956,390094620,0,0,0
p2203,20220218,20220218,134644000,13:46:46,11708,3386,10956,390094620,0,0,0
p2203,20220218,20220218,134648000,13:46:48,11708,3386,10956,390094620,0,0,0
p2203,20220218,20220218,134649500,13:46:50,11718,3390,10955,390563280,4,-1,468660
p2203,20220218,20220218,134650500,13:46:51,11718,3391,10954,390680460,1,-1,117180
p2203,20220218,20220218,134651500,13:46:51,11714,3397,10948,391383500,6,-6,703040
p2203,20220218,20220218,134652000,13:46:52,11714,3397,10948,391383500,0,0,0
p2203,20220218,20220218,134653500,13:46:54,11714,3397,10948,391383500,0,0,0
p2203,20220218,20220218,134656000,13:46:56,11714,3397,10948,391383500,0,0,0
p2203,20220218,20220218,134657000,13:46:57,11714,3397,10948,391383500,0,0,0
p2203,20220218,20220218,134659000,13:46:59,11710,3407,10938,392554500,10,-10,1171000
p2203,20220218,20220218,134659500,13:46:59,11710,3407,10938,392554500,0,0,0
p2203,20220218,20220218,134700000,13:47:00,11710,3407,10938,392554500,0,0,0
p2203,20220218,20220218,134700500,13:47:00,11710,3407,10938,392554500,0,0,0
p2203,20220218,20220218,134704500,13:47:05,11712,3411,10934,393022980,4,-4,468480
p2203,20220218,20220218,134709500,13:47:11,11712,3411,10934,393022980,0,0,0
p2203,20220218,20220218,134711000,13:47:13,11712,3411,10934,393022980,0,0,0
p2203,20220218,20220218,134712000,13:47:16,11712,3411,10934,393022980,0,0,0
p2203,20220218,20220218,134715500,13:47:17,11712,3411,10934,393022980,0,0,0
p2203,20220218,20220218,134718500,13:47:19,11712,3411,10934,393022980,0,0,0
p2203,20220218,20220218,134719000,13:47:19,11712,3411,10934,393022980,0,0,0
p2203,20220218,20220218,134719500,13:47:19,11712,3411,10934,393022980,0,0,0
p2203,20220218,20220218,134720000,13:47:20,11712,3411,10934,393022980,0,0,0
p2203,20220218,20220218,134721000,13:47:21,11712,3411,10934,393022980,0,0,0
p2203,20220218,20220218,134721500,13:47:22,11712,3411,10934,393022980,0,0,0
p2203,20220218,20220218,134723500,13:47:27,11712,3411,10934,393022980,0,0,0
p2203,20220218,20220218,134727000,13:47:27,11712,3411,10934,393022980,0,0,0
p2203,20220218,20220218,134727500,13:47:27,11712,3411,10934,393022980,0,0,0
p2203,20220218,20220218,134728000,13:47:28,11712,3411,10934,393022980,0,0,0
p2203,20220218,20220218,134730000,13:47:30,11712,3411,10934,393022980,0,0,0
p2203,20220218,20220218,134730500,13:47:30,11712,3411,10934,393022980,0,0,0
p2203,20220218,20220218,134731000,13:47:31,11712,3411,10934,393022980,0,0,0
p2203,20220218,20220218,134731500,13:47:31,11712,3411,10934,393022980,0,0,0
p2203,20220218,20220218,134732000,13:47:32,11712,3411,10934,393022980,0,0,0
p2203,20220218,20220218,134732500,13:47:33,11712,3411,10934,393022980,0,0,0
p2203,20220218,20220218,134733000,13:47:34,11712,3411,10934,393022980,0,0,0
p2203,20220218,20220218,134733500,13:47:34,11712,3411,10934,393022980,0,0,0
p2203,20220218,20220218,134734000,13:47:34,11712,3411,10934,393022980,0,0,0
p2203,20220218,20220218,134734500,13:47:36,11712,3411,10934,393022980,0,0,0
p2203,20220218,20220218,134738000,13:47:38,11712,3411,10934,393022980,0,0,0
p2203,20220218,20220218,134738500,13:47:38,11712,3411,10934,393022980,0,0,0
p2203,20220218,20220218,134739000,13:47:39,11712,3411,10934,393022980,0,0,0
p2203,20220218,20220218,134739500,13:47:40,11712,3411,10934,393022980,0,0,0
p2203,20220218,20220218,134740000,13:47:40,11712,3411,10934,393022980,0,0,0
p2203,20220218,20220218,134740500,13:47:40,11712,3411,10934,393022980,0,0,0
p2203,20220218,20220218,134741000,13:47:41,11712,3411,10934,393022980,0,0,0
p2203,20220218,20220218,134741500,13:47:42,11712,3412,10933,393140100,1,-1,117120
p2203,20220218,20220218,134743000,13:47:43,11712,3412,10933,393140100,0,0,0
p2203,20220218,20220218,134747500,13:47:47,11712,3412,10933,393140100,0,0,0
p2203,20220218,20220218,134800000,13:48:00,11712,3412,10933,393140100,0,0,0
p2203,20220218,20220218,134806500,13:48:06,11712,3412,10933,393140100,0,0,0
p2203,20220218,20220218,134818000,13:48:19,11712,3417,10928,393725700,5,-5,585600
p2203,20220218,20220218,134818500,13:48:19,11712,3417,10928,393725700,0,0,0
p2203,20220218,20220218,134819500,13:48:20,11712,3417,10928,393725700,0,0,0
p2203,20220218,20220218,134821000,13:48:22,11712,3417,10928,393725700,0,0,0
p2203,20220218,20220218,134821500,13:48:22,11712,3417,10928,393725700,0,0,0
p2203,20220218,20220218,134822500,13:48:23,11712,3417,10928,393725700,0,0,0
p2203,20220218,20220218,134825500,13:48:27,11712,3417,10928,393725700,0,0,0
p2203,20220218,20220218,134826500,13:48:27,11712,3417,10928,393725700,0,0,0
p2203,20220218,20220218,134828000,13:48:28,11708,3432,10913,395481900,15,-15,1756200
p2203,20220218,20220218,134830500,13:48:31,11708,3432,10913,395481900,0,0,0
p2203,20220218,20220218,134850500,13:48:51,11718,3433,10912,395599080,1,-1,117180
p2203,20220218,20220218,134852500,13:48:52,11708,3438,10907,396184480,5,-5,585400
p2203,20220218,20220218,134859000,13:48:59,11708,3453,10892,397940680,15,-15,1756200
p2203,20220218,20220218,134909500,13:49:10,11708,3453,10892,397940680,0,0,0
p2203,20220218,20220218,134914500,13:49:14,11708,3453,10892,397940680,0,0,0
p2203,20220218,20220218,134919500,13:49:20,11710,3454,10892,398057780,1,0,117100
p2203,20220218,20220218,134926500,13:49:27,11710,3454,10892,398057780,0,0,0
p2203,20220218,20220218,134936500,13:49:36,11710,3454,10892,398057780,0,0,0
p2203,20220218,20220218,134937000,13:49:37,11708,3459,10887,398643180,5,-5,585400
p2203,20220218,20220218,134939500,13:49:39,11706,3460,10886,398760240,1,-1,117060
p2203,20220218,20220218,134943000,13:49:43,11702,3473,10876,400281520,13,-10,1521280
p2203,20220218,20220218,134947500,13:49:47,11702,3473,10876,400281520,0,0,0
p2203,20220218,20220218,134949500,13:49:50,11702,3473,10876,400281520,0,0,0
p2203,20220218,20220218,134953000,13:49:54,11702,3473,10876,400281520,0,0,0
p2203,20220218,20220218,134953500,13:49:54,11702,3473,10876,400281520,0,0,0
p2203,20220218,20220218,134954000,13:49:55,11702,3473,10876,400281520,0,0,0
p2203,20220218,20220218,134955000,13:49:55,11702,3473,10876,400281520,0,0,0
p2203,20220218,20220218,134956000,13:49:56,11702,3473,10876,400281520,0,0,0
p2203,20220218,20220218,134956500,13:49:57,11702,3473,10876,400281520,0,0,0
p2203,20220218,20220218,134959000,13:49:59,11700,3483,10874,401451540,10,-2,1170020
p2203,20220218,20220218,135002500,13:50:02,11700,3483,10874,401451540,0,0,0
p2203,20220218,20220218,135023000,13:50:27,11700,3483,10874,401451540,0,0,0
p2203,20220218,20220218,135032000,13:50:37,11712,3484,10873,401568660,1,-1,117120
p2203,20220218,20220218,135038000,13:50:39,11712,3485,10872,401685780,1,-1,117120
p2203,20220218,20220218,135042500,13:50:43,11712,3485,10872,401685780,0,0,0
p2203,20220218,20220218,135044000,13:50:45,11712,3485,10872,401685780,0,0,0
p2203,20220218,20220218,135102500,13:51:02,11712,3485,10872,401685780,0,0,0
p2203,20220218,20220218,135118000,13:51:21,11712,3485,10872,401685780,0,0,0
p2203,20220218,20220218,135121000,13:51:21,11712,3485,10872,401685780,0,0,0
p2203,20220218,20220218,135122000,13:51:22,11720,3502,10856,403676900,17,-16,1991120
p2203,20220218,20220218,135130500,13:51:31,11720,3503,10856,403794100,1,0,117200
p2203,20220218,20220218,135143000,13:51:43,11720,3503,10856,403794100,0,0,0
p2203,20220218,20220218,135152500,13:51:52,11720,3503,10856,403794100,0,0,0
p2203,20220218,20220218,135154000,13:51:54,11720,3503,10856,403794100,0,0,0
p2203,20220218,20220218,135156000,13:51:56,11720,3503,10856,403794100,0,0,0
p2203,20220218,20220218,135158000,13:51:58,11720,3503,10856,403794100,0,0,0
p2203,20220218,20220218,135201500,13:52:02,11720,3503,10856,403794100,0,0,0
p2203,20220218,20220218,135203500,13:52:04,11720,3503,10856,403794100,0,0,0
p2203,20220218,20220218,135205000,13:52:05,11720,3503,10856,403794100,0,0,0
p2203,20220218,20220218,135208500,13:52:11,11720,3503,10856,403794100,0,0,0
p2203,20220218,20220218,135210500,13:52:11,11720,3503,10856,403794100,0,0,0
p2203,20220218,20220218,135211500,13:52:12,11720,3503,10856,403794100,0,0,0
p2203,20220218,20220218,135217000,13:52:17,11712,3506,10853,404145460,3,-3,351360
p2203,20220218,20220218,135218500,13:52:19,11712,3506,10853,404145460,0,0,0
p2203,20220218,20220218,135219000,13:52:20,11712,3506,10853,404145460,0,0,0
p2203,20220218,20220218,135223500,13:52:24,11712,3506,10853,404145460,0,0,0
p2203,20220218,20220218,135225000,13:52:25,11712,3506,10853,404145460,0,0,0
p2203,20220218,20220218,135226000,13:52:26,11712,3506,10853,404145460,0,0,0
p2203,20220218,20220218,135231500,13:52:32,11712,3506,10853,404145460,0,0,0
p2203,20220218,20220218,135237500,13:52:44,11712,3506,10853,404145460,0,0,0
p2203,20220218,20220218,135240500,13:52:45,11712,3506,10853,404145460,0,0,0
p2203,20220218,20220218,135245500,13:52:48,11712,3506,10853,404145460,0,0,0
p2203,20220218,20220218,135246000,13:52:48,11712,3506,10853,404145460,0,0,0
p2203,20220218,20220218,135249500,13:52:50,11712,3506,10853,404145460,0,0,0
p2203,20220218,20220218,135252500,13:52:53,11712,3506,10853,404145460,0,0,0
p2203,20220218,20220218,135301000,13:53:01,11712,3506,10853,404145460,0,0,0
p2203,20220218,20220218,135305500,13:53:08,11712,3506,10853,404145460,0,0,0
p2203,20220218,20220218,135306500,13:53:09,11712,3506,10853,404145460,0,0,0
p2203,20220218,20220218,135309000,13:53:09,11718,3507,10852,404262640,1,-1,117180
p2203,20220218,20220218,135318500,13:53:20,11720,3511,10848,404731440,4,-4,468800
p2203,20220218,20220218,135321000,13:53:21,11718,3512,10848,404848620,1,0,117180
p2203,20220218,20220218,135323000,13:53:23,11718,3512,10848,404848620,0,0,0
p2203,20220218,20220218,135327500,13:53:28,11720,3513,10847,404965820,1,-1,117200
p2203,20220218,20220218,135338000,13:53:45,11720,3514,10846,405083020,1,-1,117200
p2203,20220218,20220218,135359000,13:54:00,11720,3514,10846,405083020,0,0,0
p2203,20220218,20220218,135406500,13:54:09,11720,3516,10844,405317420,2,-2,234400
p2203,20220218,20220218,135418000,13:54:18,11720,3516,10844,405317420,0,0,0
p2203,20220218,20220218,135420500,13:54:20,11720,3516,10844,405317420,0,0,0
p2203,20220218,20220218,135424500,13:54:24,11720,3516,10844,405317420,0,0,0
p2203,20220218,20220218,135425000,13:54:25,11712,3521,10839,405903020,5,-5,585600
p2203,20220218,20220218,135425500,13:54:26,11712,3521,10839,405903020,0,0,0
p2203,20220218,20220218,135426000,13:54:26,11712,3521,10839,405903020,0,0,0
p2203,20220218,20220218,135426500,13:54:27,11712,3521,10839,405903020,0,0,0
p2203,20220218,20220218,135430000,13:54:31,11712,3521,10839,405903020,0,0,0
p2203,20220218,20220218,135430500,13:54:31,11712,3521,10839,405903020,0,0,0
p2203,20220218,20220218,135431000,13:54:32,11712,3521,10839,405903020,0,0,0
p2203,20220218,20220218,135431500,13:54:32,11712,3522,10838,406020140,1,-1,117120
p2203,20220218,20220218,135432000,13:54:32,11712,3522,10838,406020140,0,0,0
p2203,20220218,20220218,135435500,13:54:35,11712,3528,10832,406722860,6,-6,702720
p2203,20220218,20220218,135438500,13:54:39,11712,3528,10832,406722860,0,0,0
p2203,20220218,20220218,135442000,13:54:42,11712,3528,10832,406722860,0,0,0
p2203,20220218,20220218,135442500,13:54:43,11712,3528,10832,406722860,0,0,0
p2203,20220218,20220218,135443000,13:54:44,11712,3528,10832,406722860,0,0,0
p2203,20220218,20220218,135443500,13:54:44,11712,3528,10832,406722860,0,0,0
p2203,20220218,20220218,135444000,13:54:44,11712,3528,10832,406722860,0,0,0
p2203,20220218,20220218,135444500,13:54:44,11712,3528,10832,406722860,0,0,0
p2203,20220218,20220218,135446500,13:54:47,11712,3528,10832,406722860,0,0,0
p2203,20220218,20220218,135447000,13:54:47,11712,3528,10832,406722860,0,0,0
p2203,20220218,20220218,135448500,13:54:48,11712,3529,10832,406839980,1,0,117120
p2203,20220218,20220218,135449000,13:54:49,11712,3529,10832,406839980,0,0,0
p2203,20220218,20220218,135450500,13:54:50,11712,3529,10832,406839980,0,0,0
p2203,20220218,20220218,135452000,13:54:52,11712,3529,10832,406839980,0,0,0
p2203,20220218,20220218,135456000,13:54:56,11712,3529,10832,406839980,0,0,0
p2203,20220218,20220218,135457000,13:54:57,11712,3529,10832,406839980,0,0,0
p2203,20220218,20220218,135457500,13:54:57,11712,3529,10832,406839980,0,0,0
p2203,20220218,20220218,135458000,13:54:58,11712,3529,10832,406839980,0,0,0
p2203,20220218,20220218,135459500,13:54:59,11712,3529,10832,406839980,0,0,0
p2203,20220218,20220218,135500000,13:55:00,11712,3529,10832,406839980,0,0,0
p2203,20220218,20220218,135500500,13:55:00,11712,3529,10832,406839980,0,0,0
p2203,20220218,20220218,135503500,13:55:03,11712,3529,10832,406839980,0,0,0
p2203,20220218,20220218,135504500,13:55:05,11712,3529,10832,406839980,0,0,0
p2203,20220218,20220218,135505000,13:55:05,11712,3529,10832,406839980,0,0,0
p2203,20220218,20220218,135506500,13:55:06,11712,3529,10832,406839980,0,0,0
p2203,20220218,20220218,135513500,13:55:15,11714,3536,10830,407659960,7,-2,819980
p2203,20220218,20220218,135514000,13:55:15,11714,3537,10830,407777100,1,0,117140
p2203,20220218,20220218,135515500,13:55:16,11714,3537,10830,407777100,0,0,0
p2203,20220218,20220218,135517000,13:55:21,11714,3548,10819,409065640,11,-11,1288540
p2203,20220218,20220218,135518500,13:55:24,11714,3549,10818,409182780,1,-1,117140
p2203,20220218,20220218,135520500,13:55:25,11714,3549,10818,409182780,0,0,0
p2203,20220218,20220218,135524000,13:55:25,11714,3549,10818,409182780,0,0,0
p2203,20220218,20220218,135527500,13:55:28,11714,3549,10818,409182780,0,0,0
p2203,20220218,20220218,135528000,13:55:28,11714,3549,10818,409182780,0,0,0
p2203,20220218,20220218,135528500,13:55:28,11714,3549,10818,409182780,0,0,0
p2203,20220218,20220218,135529000,13:55:29,11714,3549,10818,409182780,0,0,0
p2203,20220218,20220218,135529500,13:55:30,11714,3549,10818,409182780,0,0,0
p2203,20220218,20220218,135530000,13:55:30,11714,3549,10818,409182780,0,0,0
p2203,20220218,20220218,135530500,13:55:31,11714,3549,10818,409182780,0,0,0
p2203,20220218,20220218,135531000,13:55:31,11714,3549,10818,409182780,0,0,0
p2203,20220218,20220218,135531500,13:55:32,11714,3549,10818,409182780,0,0,0
p2203,20220218,20220218,135532000,13:55:32,11714,3549,10818,409182780,0,0,0
p2203,20220218,20220218,135533000,13:55:33,11714,3549,10818,409182780,0,0,0
p2203,20220218,20220218,135533500,13:55:33,11714,3549,10818,409182780,0,0,0
p2203,20220218,20220218,135534000,13:55:34,11714,3549,10818,409182780,0,0,0
p2203,20220218,20220218,135534500,13:55:34,11714,3549,10818,409182780,0,0,0
p2203,20220218,20220218,135535000,13:55:35,11714,3549,10818,409182780,0,0,0
p2203,20220218,20220218,135535500,13:55:36,11714,3549,10818,409182780,0,0,0
p2203,20220218,20220218,135536000,13:55:36,11714,3549,10818,409182780,0,0,0
p2203,20220218,20220218,135541000,13:55:41,11714,3549,10818,409182780,0,0,0
p2203,20220218,20220218,135546000,13:55:46,11714,3549,10818,409182780,0,0,0
p2203,20220218,20220218,135546500,13:55:47,11716,3569,10798,411525980,20,-20,2343200
p2203,20220218,20220218,135547000,13:55:47,11716,3569,10798,411525980,0,0,0
p2203,20220218,20220218,135548000,13:55:48,11716,3574,10793,412112080,5,-5,586100
p2203,20220218,20220218,135550000,13:55:50,11716,3574,10793,412112080,0,0,0
p2203,20220218,20220218,135554000,13:55:54,11716,3574,10793,412112080,0,0,0
p2203,20220218,20220218,135557000,13:55:58,11716,3574,10793,412112080,0,0,0
p2203,20220218,20220218,135602000,13:56:03,11716,3574,10793,412112080,0,0,0
p2203,20220218,20220218,135612500,13:56:23,11716,3574,10793,412112080,0,0,0
p2203,20220218,20220218,135623000,13:56:24,11716,3574,10793,412112080,0,0,0
p2203,20220218,20220218,135624000,13:56:24,11716,3574,10793,412112080,0,0,0
p2203,20220218,20220218,135626000,13:56:33,11716,3574,10793,412112080,0,0,0
p2203,20220218,20220218,135632000,13:56:35,11716,3574,10793,412112080,0,0,0
p2203,20220218,20220218,135635000,13:56:35,11716,3574,10793,412112080,0,0,0
p2203,20220218,20220218,135635500,13:56:35,11716,3574,10793,412112080,0,0,0
p2203,20220218,20220218,135637500,13:56:39,11716,3576,10791,412346680,2,-2,234600
p2203,20220218,20220218,135639000,13:56:39,11716,3583,10784,413167780,7,-7,821100
p2203,20220218,20220218,135641500,13:56:42,11716,3583,10784,413167780,0,0,0
p2203,20220218,20220218,135642000,13:56:42,11716,3583,10784,413167780,0,0,0
p2203,20220218,20220218,135643000,13:56:43,11716,3583,10784,413167780,0,0,0
p2203,20220218,20220218,135644000,13:56:44,11716,3583,10784,413167780,0,0,0
p2203,20220218,20220218,135645000,13:56:47,11716,3583,10784,413167780,0,0,0
p2203,20220218,20220218,135646000,13:56:47,11716,3583,10784,413167780,0,0,0
p2203,20220218,20220218,135646500,13:56:47,11716,3583,10784,413167780,0,0,0
p2203,20220218,20220218,135647000,13:56:48,11716,3583,10784,413167780,0,0,0
p2203,20220218,20220218,135647500,13:56:48,11716,3583,10784,413167780,0,0,0
p2203,20220218,20220218,135648000,13:56:48,11716,3583,10784,413167780,0,0,0
p2203,20220218,20220218,135650000,13:56:50,11716,3583,10784,413167780,0,0,0
p2203,20220218,20220218,135650500,13:56:51,11716,3583,10784,413167780,0,0,0
p2203,20220218,20220218,135651000,13:56:51,11716,3583,10784,413167780,0,0,0
p2203,20220218,20220218,135651500,13:56:52,11716,3583,10784,413167780,0,0,0
p2203,20220218,20220218,135652000,13:56:52,11716,3583,10784,413167780,0,0,0
p2203,20220218,20220218,135652500,13:56:52,11716,3583,10784,413167780,0,0,0
p2203,20220218,20220218,135653500,13:56:53,11716,3583,10784,413167780,0,0,0
p2203,20220218,20220218,135654500,13:56:54,11716,3583,10784,413167780,0,0,0
p2203,20220218,20220218,135655000,13:56:55,11716,3583,10784,413167780,0,0,0
p2203,20220218,20220218,135657500,13:56:58,11716,3583,10784,413167780,0,0,0
p2203,20220218,20220218,135700000,13:57:01,11716,3583,10784,413167780,0,0,0
p2203,20220218,20220218,135700500,13:57:01,11716,3583,10784,413167780,0,0,0
p2203,20220218,20220218,135701000,13:57:02,11716,3583,10784,413167780,0,0,0
p2203,20220218,20220218,135701500,13:57:02,11716,3583,10784,413167780,0,0,0
p2203,20220218,20220218,135702000,13:57:02,11716,3583,10784,413167780,0,0,0
p2203,20220218,20220218,135702500,13:57:02,11716,3583,10784,413167780,0,0,0
