rr2204,20220218,20220218,112001500,11:20:03,3415,1176,6730,40169340,1176,-78,40169340
rr2204,20220218,20220218,112005500,11:20:10,3415,1176,6730,40169340,0,0,0
rr2204,20220218,20220218,112039500,11:20:40,3415,1176,6730,40169340,0,0,0
rr2204,20220218,20220218,112105000,11:21:05,3414,1186,6730,40510740,10,0,341400
rr2204,20220218,20220218,112105500,11:21:07,3414,1186,6730,40510740,0,0,0
rr2204,20220218,20220218,112106000,11:21:07,3414,1186,6730,40510740,0,0,0
rr2204,20220218,20220218,112106500,11:21:07,3414,1186,6730,40510740,0,0,0
rr2204,20220218,20220218,112110000,11:21:11,3414,1186,6730,40510740,0,0,0
rr2204,20220218,20220218,112110500,11:21:11,3414,1186,6730,40510740,0,0,0
rr2204,20220218,20220218,112111000,11:21:11,3414,1186,6730,40510740,0,0,0
rr2204,20220218,20220218,112332500,11:23:33,3414,1186,6730,40510740,0,0,0
rr2204,20220218,20220218,112333000,11:23:33,3414,1186,6730,40510740,0,0,0
rr2204,20220218,20220218,112333500,11:23:33,3414,1186,6730,40510740,0,0,0
rr2204,20220218,20220218,112334000,11:23:34,3414,1186,6730,40510740,0,0,0
rr2204,20220218,20220218,112334500,11:23:34,3414,1186,6730,40510740,0,0,0
rr2204,20220218,20220218,112335000,11:23:35,3414,1186,6730,40510740,0,0,0
rr2204,20220218,20220218,112335500,11:23:35,3414,1186,6730,40510740,0,0,0
rr2204,20220218,20220218,112336000,11:23:36,3414,1186,6730,40510740,0,0,0
rr2204,20220218,20220218,112336500,11:23:38,3414,1186,6730,40510740,0,0,0
rr2204,20220218,20220218,112337000,11:23:38,3414,1186,6730,40510740,0,0,0
rr2204,20220218,20220218,112337500,11:23:38,3414,1186,6730,40510740,0,0,0
rr2204,20220218,20220218,112338000,11:23:38,3414,1186,6730,40510740,0,0,0
rr2204,20220218,20220218,112338500,11:23:38,3414,1186,6730,40510740,0,0,0
rr2204,20220218,20220218,112339000,11:23:39,3414,1186,6730,40510740,0,0,0
rr2204,20220218,20220218,112339500,11:23:39,3414,1186,6730,40510740,0,0,0
rr2204,20220218,20220218,112340000,11:23:40,3414,1186,6730,40510740,0,0,0
rr2204,20220218,20220218,112340500,11:23:40,3414,1186,6730,40510740,0,0,0
rr2204,20220218,20220218,112346000,11:23:48,3414,1186,6730,40510740,0,0,0
rr2204,20220218,20220218,112408500,11:24:08,3414,1186,6730,40510740,0,0,0
rr2204,20220218,20220218,112409000,11:24:09,3414,1186,6730,40510740,0,0,0
rr2204,20220218,20220218,112410500,11:24:12,3414,1186,6730,40510740,0,0,0
rr2204,20220218,20220218,112419500,11:24:20,3414,1186,6730,40510740,0,0,0
rr2204,20220218,20220218,112420000,11:24:20,3414,1186,6730,40510740,0,0,0
rr2204,20220218,20220218,112424500,11:24:24,3414,1186,6730,40510740,0,0,0
rr2204,20220218,20220218,112425000,11:24:25,3414,1186,6730,40510740,0,0,0
rr2204,20220218,20220218,112429000,11:24:29,3414,1186,6730,40510740,0,0,0
rr2204,20220218,20220218,112433000,11:24:33,3414,1186,6730,40510740,0,0,0
rr2204,20220218,20220218,112502000,11:25:05,3414,1186,6730,40510740,0,0,0
rr2204,20220218,20220218,112503000,11:25:06,3414,1186,6730,40510740,0,0,0
rr2204,20220218,20220218,112505500,11:25:06,3414,1186,6730,40510740,0,0,0
rr2204,20220218,20220218,112506500,11:25:07,3414,1186,6730,40510740,0,0,0
rr2204,20220218,20220218,112514000,11:25:15,3414,1186,6730,40510740,0,0,0
rr2204,20220218,20220218,112514500,11:25:15,3414,1186,6730,40510740,0,0,0
rr2204,20220218,20220218,112515000,11:25:16,3414,1186,6730,40510740,0,0,0
rr2204,20220218,20220218,112515500,11:25:16,3414,1186,6730,40510740,0,0,0
rr2204,20220218,20220218,112516000,11:25:16,3414,1186,6730,40510740,0,0,0
rr2204,20220218,20220218,112516500,11:25:16,3414,1186,6730,40510740,0,0,0
rr2204,20220218,20220218,112520500,11:25:21,3414,1186,6730,40510740,0,0,0
rr2204,20220218,20220218,112521000,11:25:21,3414,1186,6730,40510740,0,0,0
rr2204,20220218,20220218,112553000,11:25:53,3414,1186,6730,40510740,0,0,0
rr2204,20220218,20220218,112553500,11:25:54,3414,1186,6730,40510740,0,0,0
rr2204,20220218,20220218,112554000,11:25:54,3414,1186,6730,40510740,0,0,0
rr2204,20220218,20220218,112612000,11:26:14,3414,1186,6730,40510740,0,0,0
rr2204,20220218,20220218,112612500,11:26:14,3414,1186,6730,40510740,0,0,0
rr2204,20220218,20220218,112613000,11:26:15,3414,1186,6730,40510740,0,0,0
rr2204,20220218,20220218,112620000,11:26:20,3414,1186,6730,40510740,0,0,0
rr2204,20220218,20220218,112620500,11:26:20,3414,1186,6730,40510740,0,0,0
rr2204,20220218,20220218,112621000,11:26:21,3414,1186,6730,40510740,0,0,0
rr2204,20220218,20220218,112647000,11:27:11,3414,1186,6730,40510740,0,0,0
rr2204,20220218,20220218,112715500,11:27:16,3414,1186,6730,40510740,0,0,0
rr2204,20220218,20220218,112716000,11:27:17,3414,1186,6730,40510740,0,0,0
rr2204,20220218,20220218,112716500,11:27:17,3414,1186,6730,40510740,0,0,0
rr2204,20220218,20220218,112717500,11:27:17,3414,1186,6730,40510740,0,0,0
rr2204,20220218,20220218,112718500,11:27:19,3414,1186,6730,40510740,0,0,0
rr2204,20220218,20220218,112720000,11:27:20,3414,1186,6730,40510740,0,0,0
rr2204,20220218,20220218,112748000,11:27:53,3414,1186,6730,40510740,0,0,0
rr2204,20220218,20220218,112827000,11:28:27,3414,1186,6730,40510740,0,0,0
rr2204,20220218,20220218,112827500,11:28:27,3414,1186,6730,40510740,0,0,0
rr2204,20220218,20220218,112828000,11:28:28,3414,1186,6730,40510740,0,0,0
rr2204,20220218,20220218,112828500,11:28:28,3412,1199,6728,40954370,13,-2,443630
rr2204,20220218,20220218,112829000,11:28:29,3412,1199,6728,40954370,0,0,0
rr2204,20220218,20220218,112830000,11:28:30,3412,1199,6728,40954370,0,0,0
rr2204,20220218,20220218,112832000,11:28:33,3411,1201,6727,41022600,2,-1,68230
rr2204,20220218,20220218,112832500,11:28:33,3411,1201,6727,41022600,0,0,0
rr2204,20220218,20220218,112833500,11:28:33,3411,1201,6727,41022600,0,0,0
rr2204,20220218,20220218,112839500,11:28:40,3411,1202,6727,41056710,1,0,34110
rr2204,20220218,20220218,112841500,11:28:41,3411,1202,6727,41056710,0,0,0
rr2204,20220218,20220218,112844500,11:28:44,3411,1203,6727,41090820,1,0,34110
rr2204,20220218,20220218,112900000,11:29:00,3411,1205,6727,41159040,2,0,68220
rr2204,20220218,20220218,112916000,11:29:16,3411,1205,6727,41159040,0,0,0
rr2204,20220218,20220218,112950500,11:29:52,3411,1205,6727,41159040,0,0,0
rr2204,20220218,20220218,133002500,13:30:09,3411,1206,6727,41193150,1,0,34110
rr2204,20220218,20220218,133008000,13:30:10,3411,1206,6727,41193150,0,0,0
rr2204,20220218,20220218,133013500,13:30:14,3411,1206,6727,41193150,0,0,0
rr2204,20220218,20220218,133016000,13:30:18,3411,1206,6727,41193150,0,0,0
rr2204,20220218,20220218,133017500,13:30:19,3411,1206,6727,41193150,0,0,0
rr2204,20220218,20220218,133020500,13:30:21,3411,1206,6727,41193150,0,0,0
rr2204,20220218,20220218,133034000,13:30:41,3411,1206,6727,41193150,0,0,0
rr2204,20220218,20220218,133051500,13:30:52,3411,1206,6727,41193150,0,0,0
rr2204,20220218,20220218,133105500,13:31:08,3411,1206,6727,41193150,0,0,0
rr2204,20220218,20220218,133115500,13:31:16,3411,1206,6727,41193150,0,0,0
rr2204,20220218,20220218,133200500,13:32:01,3410,1211,6728,41363680,5,1,170530
rr2204,20220218,20220218,133225500,13:32:26,3410,1211,6728,41363680,0,0,0
rr2204,20220218,20220218,133314500,13:33:17,3410,1211,6728,41363680,0,0,0
rr2204,20220218,20220218,133317000,13:33:19,3410,1211,6728,41363680,0,0,0
rr2204,20220218,20220218,133330500,13:33:31,3410,1211,6728,41363680,0,0,0
rr2204,20220218,20220218,133335000,13:33:35,3410,1211,6728,41363680,0,0,0
rr2204,20220218,20220218,133343000,13:33:43,3411,1212,6728,41397790,1,0,34110
rr2204,20220218,20220218,133343500,13:33:44,3411,1212,6728,41397790,0,0,0
rr2204,20220218,20220218,133344000,13:33:45,3411,1212,6728,41397790,0,0,0
rr2204,20220218,20220218,133344500,13:33:45,3411,1212,6728,41397790,0,0,0
rr2204,20220218,20220218,133345000,13:33:45,3411,1212,6728,41397790,0,0,0
rr2204,20220218,20220218,133345500,13:33:46,3411,1212,6728,41397790,0,0,0
rr2204,20220218,20220218,133346000,13:33:47,3411,1212,6728,41397790,0,0,0
rr2204,20220218,20220218,133346500,13:33:48,3411,1212,6728,41397790,0,0,0
rr2204,20220218,20220218,133347000,13:33:48,3411,1212,6728,41397790,0,0,0
rr2204,20220218,20220218,133347500,13:33:49,3411,1212,6728,41397790,0,0,0
rr2204,20220218,20220218,133348000,13:33:49,3411,1212,6728,41397790,0,0,0
rr2204,20220218,20220218,133348500,13:33:49,3411,1212,6728,41397790,0,0,0
rr2204,20220218,20220218,133349000,13:33:50,3411,1212,6728,41397790,0,0,0
rr2204,20220218,20220218,133349500,13:33:50,3411,1212,6728,41397790,0,0,0
rr2204,20220218,20220218,133350000,13:33:50,3411,1212,6728,41397790,0,0,0
rr2204,20220218,20220218,133350500,13:33:50,3411,1212,6728,41397790,0,0,0
rr2204,20220218,20220218,133351000,13:33:51,3411,1212,6728,41397790,0,0,0
rr2204,20220218,20220218,133351500,13:33:52,3411,1212,6728,41397790,0,0,0
rr2204,20220218,20220218,133352000,13:33:52,3411,1212,6728,41397790,0,0,0
rr2204,20220218,20220218,133352500,13:33:52,3411,1212,6728,41397790,0,0,0
rr2204,20220218,20220218,133353000,13:33:53,3411,1212,6728,41397790,0,0,0
rr2204,20220218,20220218,133353500,13:33:53,3411,1212,6728,41397790,0,0,0
rr2204,20220218,20220218,133354000,13:33:54,3411,1212,6728,41397790,0,0,0
rr2204,20220218,20220218,133354500,13:33:55,3411,1212,6728,41397790,0,0,0
rr2204,20220218,20220218,133355000,13:33:56,3411,1212,6728,41397790,0,0,0
rr2204,20220218,20220218,133355500,13:33:56,3411,1212,6728,41397790,0,0,0
rr2204,20220218,20220218,133356000,13:33:56,3411,1212,6728,41397790,0,0,0
rr2204,20220218,20220218,133356500,13:33:57,3411,1212,6728,41397790,0,0,0
rr2204,20220218,20220218,133357000,13:33:58,3411,1212,6728,41397790,0,0,0
rr2204,20220218,20220218,133357500,13:33:58,3411,1212,6728,41397790,0,0,0
rr2204,20220218,20220218,133358000,13:33:58,3411,1212,6728,41397790,0,0,0
rr2204,20220218,20220218,133358500,13:33:58,3411,1212,6728,41397790,0,0,0
rr2204,20220218,20220218,133359000,13:33:59,3411,1212,6728,41397790,0,0,0
rr2204,20220218,20220218,133359500,13:33:59,3411,1212,6728,41397790,0,0,0
rr2204,20220218,20220218,133400000,13:34:00,3411,1212,6728,41397790,0,0,0
rr2204,20220218,20220218,133400500,13:34:00,3411,1212,6728,41397790,0,0,0
rr2204,20220218,20220218,133401000,13:34:01,3411,1212,6728,41397790,0,0,0
rr2204,20220218,20220218,133401500,13:34:02,3411,1212,6728,41397790,0,0,0
rr2204,20220218,20220218,133402000,13:34:04,3411,1212,6728,41397790,0,0,0
rr2204,20220218,20220218,133402500,13:34:10,3411,1212,6728,41397790,0,0,0
rr2204,20220218,20220218,133403000,13:34:10,3411,1212,6728,41397790,0,0,0
rr2204,20220218,20220218,133403500,13:34:11,3411,1212,6728,41397790,0,0,0
rr2204,20220218,20220218,133410000,13:34:12,3411,1212,6728,41397790,0,0,0
rr2204,20220218,20220218,133410500,13:34:12,3411,1212,6728,41397790,0,0,0
rr2204,20220218,20220218,133411000,13:34:12,3411,1212,6728,41397790,0,0,0
rr2204,20220218,20220218,133414000,13:34:14,3411,1212,6728,41397790,0,0,0
rr2204,20220218,20220218,133414500,13:34:15,3411,1212,6728,41397790,0,0,0
rr2204,20220218,20220218,133415500,13:34:16,3411,1212,6728,41397790,0,0,0
rr2204,20220218,20220218,133418000,13:34:18,3411,1212,6728,41397790,0,0,0
rr2204,20220218,20220218,133425000,13:34:25,3411,1212,6728,41397790,0,0,0
rr2204,20220218,20220218,133437000,13:34:37,3411,1212,6728,41397790,0,0,0
rr2204,20220218,20220218,133438500,13:34:38,3411,1212,6728,41397790,0,0,0
rr2204,20220218,20220218,133443000,13:34:45,3411,1212,6728,41397790,0,0,0
rr2204,20220218,20220218,133447000,13:34:47,3411,1215,6728,41500120,3,0,102330
rr2204,20220218,20220218,133447500,13:34:47,3411,1215,6728,41500120,0,0,0
rr2204,20220218,20220218,133450500,13:34:51,3411,1215,6728,41500120,0,0,0
rr2204,20220218,20220218,133451000,13:34:51,3411,1215,6728,41500120,0,0,0
rr2204,20220218,20220218,133451500,13:34:51,3411,1215,6728,41500120,0,0,0
rr2204,20220218,20220218,133452000,13:34:52,3411,1215,6728,41500120,0,0,0
rr2204,20220218,20220218,133457000,13:34:57,3411,1215,6728,41500120,0,0,0
rr2204,20220218,20220218,133458000,13:34:58,3411,1215,6728,41500120,0,0,0
rr2204,20220218,20220218,133557500,13:35:59,3411,1215,6728,41500120,0,0,0
rr2204,20220218,20220218,133558000,13:36:01,3411,1215,6728,41500120,0,0,0
rr2204,20220218,20220218,133618000,13:36:19,3411,1215,6728,41500120,0,0,0
rr2204,20220218,20220218,133619000,13:36:19,3411,1215,6728,41500120,0,0,0
rr2204,20220218,20220218,133627500,13:36:28,3411,1215,6728,41500120,0,0,0
rr2204,20220218,20220218,133630500,13:36:31,3411,1215,6728,41500120,0,0,0
rr2204,20220218,20220218,133631500,13:36:31,3411,1215,6728,41500120,0,0,0
rr2204,20220218,20220218,133635500,13:36:36,3411,1215,6728,41500120,0,0,0
rr2204,20220218,20220218,133636500,13:36:36,3411,1215,6728,41500120,0,0,0
rr2204,20220218,20220218,133805000,13:38:07,3411,1215,6728,41500120,0,0,0
rr2204,20220218,20220218,133810500,13:38:10,3411,1215,6728,41500120,0,0,0
rr2204,20220218,20220218,133820000,13:38:20,3411,1215,6728,41500120,0,0,0
rr2204,20220218,20220218,133820500,13:38:22,3411,1215,6728,41500120,0,0,0
rr2204,20220218,20220218,133821000,13:38:22,3411,1215,6728,41500120,0,0,0
rr2204,20220218,20220218,133821500,13:38:23,3411,1215,6728,41500120,0,0,0
rr2204,20220218,20220218,133822000,13:38:23,3411,1215,6728,41500120,0,0,0
rr2204,20220218,20220218,133822500,13:38:23,3411,1215,6728,41500120,0,0,0
rr2204,20220218,20220218,133823000,13:38:24,3411,1215,6728,41500120,0,0,0
rr2204,20220218,20220218,133823500,13:38:24,3411,1215,6728,41500120,0,0,0
rr2204,20220218,20220218,133824000,13:38:24,3411,1215,6728,41500120,0,0,0
rr2204,20220218,20220218,133824500,13:38:41,3411,1215,6728,41500120,0,0,0
rr2204,20220218,20220218,133825000,13:38:41,3411,1215,6728,41500120,0,0,0
rr2204,20220218,20220218,133825500,13:38:41,3411,1215,6728,41500120,0,0,0
rr2204,20220218,20220218,133840000,13:38:43,3411,1215,6728,41500120,0,0,0
rr2204,20220218,20220218,133927500,13:39:27,3411,1215,6728,41500120,0,0,0
rr2204,20220218,20220218,134000000,13:40:13,3411,1215,6728,41500120,0,0,0
rr2204,20220218,20220218,134110000,13:41:10,3411,1215,6728,41500120,0,0,0
rr2204,20220218,20220218,134110500,13:41:10,3411,1215,6728,41500120,0,0,0
rr2204,20220218,20220218,134114500,13:41:16,3411,1215,6728,41500120,0,0,0
rr2204,20220218,20220218,134117500,13:41:18,3411,1215,6728,41500120,0,0,0
rr2204,20220218,20220218,134118000,13:41:19,3411,1215,6728,41500120,0,0,0
rr2204,20220218,20220218,134118500,13:41:19,3411,1215,6728,41500120,0,0,0
rr2204,20220218,20220218,134123500,13:41:24,3411,1215,6728,41500120,0,0,0
rr2204,20220218,20220218,134128500,13:41:28,3411,1215,6728,41500120,0,0,0
rr2204,20220218,20220218,134132000,13:41:33,3411,1215,6728,41500120,0,0,0
rr2204,20220218,20220218,134140500,13:41:42,3411,1215,6728,41500120,0,0,0
rr2204,20220218,20220218,134320500,13:43:21,3411,1215,6728,41500120,0,0,0
rr2204,20220218,20220218,134356500,13:44:04,3411,1215,6728,41500120,0,0,0
rr2204,20220218,20220218,134404000,13:44:04,3411,1215,6728,41500120,0,0,0
rr2204,20220218,20220218,134404500,13:44:05,3411,1215,6728,41500120,0,0,0
rr2204,20220218,20220218,134424000,13:44:24,3411,1215,6728,41500120,0,0,0
rr2204,20220218,20220218,134437500,13:44:37,3411,1215,6728,41500120,0,0,0
rr2204,20220218,20220218,134438000,13:44:38,3411,1215,6728,41500120,0,0,0
rr2204,20220218,20220218,134454500,13:44:55,3411,1215,6728,41500120,0,0,0
rr2204,20220218,20220218,134455000,13:44:55,3413,1216,6728,41534250,1,0,34130
rr2204,20220218,20220218,134455500,13:44:56,3413,1216,6728,41534250,0,0,0
rr2204,20220218,20220218,134456500,13:44:56,3413,1216,6728,41534250,0,0,0
rr2204,20220218,20220218,134526500,13:45:29,3413,1216,6728,41534250,0,0,0
rr2204,20220218,20220218,134527000,13:45:30,3413,1216,6728,41534250,0,0,0
rr2204,20220218,20220218,134527500,13:45:30,3413,1216,6728,41534250,0,0,0
rr2204,20220218,20220218,134528500,13:45:30,3413,1216,6728,41534250,0,0,0
rr2204,20220218,20220218,134530000,13:45:30,3413,1216,6728,41534250,0,0,0
rr2204,20220218,20220218,134530500,13:45:31,3413,1216,6728,41534250,0,0,0
rr2204,20220218,20220218,134600000,13:46:01,3413,1216,6728,41534250,0,0,0
rr2204,20220218,20220218,134600500,13:46:01,3413,1216,6728,41534250,0,0,0
rr2204,20220218,20220218,134601000,13:46:01,3413,1216,6728,41534250,0,0,0
rr2204,20220218,20220218,134610500,13:46:11,3413,1216,6728,41534250,0,0,0
rr2204,20220218,20220218,134611000,13:46:11,3413,1216,6728,41534250,0,0,0
rr2204,20220218,20220218,134613500,13:46:14,3413,1216,6728,41534250,0,0,0
rr2204,20220218,20220218,134618000,13:46:18,3413,1216,6728,41534250,0,0,0
rr2204,20220218,20220218,134618500,13:46:19,3413,1216,6728,41534250,0,0,0
rr2204,20220218,20220218,134634000,13:46:34,3413,1216,6728,41534250,0,0,0
rr2204,20220218,20220218,134634500,13:46:35,3413,1216,6728,41534250,0,0,0
rr2204,20220218,20220218,134635000,13:46:35,3413,1216,6728,41534250,0,0,0
rr2204,20220218,20220218,134635500,13:46:36,3413,1216,6728,41534250,0,0,0
rr2204,20220218,20220218,134636000,13:46:37,3413,1216,6728,41534250,0,0,0
rr2204,20220218,20220218,134648000,13:46:48,3413,1216,6728,41534250,0,0,0
rr2204,20220218,20220218,134648500,13:46:48,3413,1216,6728,41534250,0,0,0
rr2204,20220218,20220218,134652000,13:46:52,3413,1217,6728,41568380,1,0,34130
rr2204,20220218,20220218,134712500,13:47:17,3413,1217,6728,41568380,0,0,0
rr2204,20220218,20220218,134724500,13:47:27,3413,1217,6728,41568380,0,0,0
rr2204,20220218,20220218,134817000,13:48:18,3413,1217,6728,41568380,0,0,0
rr2204,20220218,20220218,134818500,13:48:20,3413,1217,6728,41568380,0,0,0
rr2204,20220218,20220218,134829500,13:48:30,3413,1217,6728,41568380,0,0,0
rr2204,20220218,20220218,134830000,13:48:31,3413,1217,6728,41568380,0,0,0
rr2204,20220218,20220218,134831500,13:48:32,3413,1217,6728,41568380,0,0,0
rr2204,20220218,20220218,134858000,13:48:59,3413,1217,6728,41568380,0,0,0
rr2204,20220218,20220218,134906000,13:49:06,3413,1217,6728,41568380,0,0,0
rr2204,20220218,20220218,134906500,13:49:06,3413,1217,6728,41568380,0,0,0
rr2204,20220218,20220218,134918500,13:49:19,3413,1217,6728,41568380,0,0,0
rr2204,20220218,20220218,134919000,13:49:19,3413,1217,6728,41568380,0,0,0
rr2204,20220218,20220218,134919500,13:49:20,3413,1217,6728,41568380,0,0,0
rr2204,20220218,20220218,134920000,13:49:20,3413,1217,6728,41568380,0,0,0
rr2204,20220218,20220218,134921500,13:49:21,3413,1217,6728,41568380,0,0,0
rr2204,20220218,20220218,134922000,13:49:22,3413,1217,6728,41568380,0,0,0
rr2204,20220218,20220218,134925000,13:49:25,3413,1217,6728,41568380,0,0,0
rr2204,20220218,20220218,134925500,13:49:26,3413,1217,6728,41568380,0,0,0
rr2204,20220218,20220218,134933500,13:49:34,3413,1217,6728,41568380,0,0,0
rr2204,20220218,20220218,134938500,13:49:38,3413,1217,6728,41568380,0,0,0
rr2204,20220218,20220218,134941500,13:49:42,3413,1217,6728,41568380,0,0,0
rr2204,20220218,20220218,134954000,13:49:55,3413,1217,6728,41568380,0,0,0
rr2204,20220218,20220218,135001000,13:50:01,3413,1217,6728,41568380,0,0,0
rr2204,20220218,20220218,135001500,13:50:02,3413,1217,6728,41568380,0,0,0
rr2204,20220218,20220218,135004500,13:50:05,3413,1217,6728,41568380,0,0,0
rr2204,20220218,20220218,135005000,13:50:05,3413,1217,6728,41568380,0,0,0
rr2204,20220218,20220218,135025500,13:50:27,3413,1217,6728,41568380,0,0,0
rr2204,20220218,20220218,135026000,13:50:29,3413,1217,6728,41568380,0,0,0
rr2204,20220218,20220218,135026500,13:50:30,3413,1217,6728,41568380,0,0,0
rr2204,20220218,20220218,135027000,13:50:35,3413,1217,6728,41568380,0,0,0
rr2204,20220218,20220218,135029500,13:50:37,3413,1217,6728,41568380,0,0,0
rr2204,20220218,20220218,135035000,13:50:37,3413,1217,6728,41568380,0,0,0
rr2204,20220218,20220218,135035500,13:50:37,3413,1217,6728,41568380,0,0,0
rr2204,20220218,20220218,135037000,13:50:38,3413,1217,6728,41568380,0,0,0
rr2204,20220218,20220218,135037500,13:50:38,3413,1217,6728,41568380,0,0,0
rr2204,20220218,20220218,135038000,13:50:39,3413,1217,6728,41568380,0,0,0
rr2204,20220218,20220218,135038500,13:50:39,3413,1217,6728,41568380,0,0,0
rr2204,20220218,20220218,135039000,13:50:39,3413,1217,6728,41568380,0,0,0
rr2204,20220218,20220218,135039500,13:50:39,3413,1217,6728,41568380,0,0,0
rr2204,20220218,20220218,135040000,13:50:40,3413,1217,6728,41568380,0,0,0
rr2204,20220218,20220218,135040500,13:50:41,3413,1217,6728,41568380,0,0,0
rr2204,20220218,20220218,135041000,13:50:41,3413,1217,6728,41568380,0,0,0
rr2204,20220218,20220218,135041500,13:50:42,3413,1217,6728,41568380,0,0,0
rr2204,20220218,20220218,135042000,13:50:43,3413,1217,6728,41568380,0,0,0
rr2204,20220218,20220218,135042500,13:50:43,3413,1217,6728,41568380,0,0,0
rr2204,20220218,20220218,135043000,13:50:43,3413,1217,6728,41568380,0,0,0
rr2204,20220218,20220218,135043500,13:50:44,3413,1217,6728,41568380,0,0,0
rr2204,20220218,20220218,135044000,13:50:45,3413,1217,6728,41568380,0,0,0
rr2204,20220218,20220218,135044500,13:50:45,3413,1217,6728,41568380,0,0,0
rr2204,20220218,20220218,135045000,13:50:45,3413,1217,6728,41568380,0,0,0
rr2204,20220218,20220218,135045500,13:50:46,3413,1217,6728,41568380,0,0,0
rr2204,20220218,20220218,135046000,13:50:47,3413,1217,6728,41568380,0,0,0
rr2204,20220218,20220218,135046500,13:50:47,3413,1217,6728,41568380,0,0,0
rr2204,20220218,20220218,135047000,13:50:47,3413,1217,6728,41568380,0,0,0
rr2204,20220218,20220218,135047500,13:50:48,3413,1217,6728,41568380,0,0,0
rr2204,20220218,20220218,135048000,13:50:48,3413,1217,6728,41568380,0,0,0
rr2204,20220218,20220218,135048500,13:50:48,3413,1217,6728,41568380,0,0,0
rr2204,20220218,20220218,135049000,13:50:49,3413,1217,6728,41568380,0,0,0
rr2204,20220218,20220218,135049500,13:50:50,3413,1217,6728,41568380,0,0,0
rr2204,20220218,20220218,135050000,13:50:50,3413,1217,6728,41568380,0,0,0
rr2204,20220218,20220218,135050500,13:50:51,3413,1217,6728,41568380,0,0,0
rr2204,20220218,20220218,135120500,13:51:21,3413,1218,6728,41602510,1,0,34130
rr2204,20220218,20220218,135121000,13:51:21,3413,1218,6728,41602510,0,0,0
rr2204,20220218,20220218,135121500,13:51:21,3413,1218,6728,41602510,0,0,0
rr2204,20220218,20220218,135122000,13:51:22,3413,1218,6728,41602510,0,0,0
rr2204,20220218,20220218,135122500,13:51:23,3413,1218,6728,41602510,0,0,0
rr2204,20220218,20220218,135123000,13:51:23,3413,1218,6728,41602510,0,0,0
rr2204,20220218,20220218,135123500,13:51:23,3413,1218,6728,41602510,0,0,0
rr2204,20220218,20220218,135124000,13:51:24,3413,1218,6728,41602510,0,0,0
rr2204,20220218,20220218,135124500,13:51:24,3413,1218,6728,41602510,0,0,0
rr2204,20220218,20220218,135125000,13:51:25,3413,1218,6728,41602510,0,0,0
rr2204,20220218,20220218,135125500,13:51:26,3413,1218,6728,41602510,0,0,0
rr2204,20220218,20220218,135126000,13:51:27,3413,1218,6728,41602510,0,0,0
rr2204,20220218,20220218,135126500,13:51:27,3413,1218,6728,41602510,0,0,0
rr2204,20220218,20220218,135127000,13:51:27,3413,1218,6728,41602510,0,0,0
rr2204,20220218,20220218,135127500,13:51:27,3413,1218,6728,41602510,0,0,0
rr2204,20220218,20220218,135128000,13:51:28,3413,1218,6728,41602510,0,0,0
rr2204,20220218,20220218,135128500,13:51:29,3413,1218,6728,41602510,0,0,0
rr2204,20220218,20220218,135129000,13:51:29,3413,1218,6728,41602510,0,0,0
rr2204,20220218,20220218,135129500,13:51:30,3413,1218,6728,41602510,0,0,0
rr2204,20220218,20220218,135130000,13:51:30,3413,1218,6728,41602510,0,0,0
rr2204,20220218,20220218,135130500,13:51:31,3413,1218,6728,41602510,0,0,0
rr2204,20220218,20220218,135131500,13:51:31,3413,1218,6728,41602510,0,0,0
rr2204,20220218,20220218,135132000,13:51:32,3413,1218,6728,41602510,0,0,0
rr2204,20220218,20220218,135132500,13:51:33,3413,1218,6728,41602510,0,0,0
rr2204,20220218,20220218,135134000,13:51:34,3413,1218,6728,41602510,0,0,0
rr2204,20220218,20220218,135135500,13:51:35,3413,1218,6728,41602510,0,0,0
rr2204,20220218,20220218,135137500,13:51:38,3413,1218,6728,41602510,0,0,0
rr2204,20220218,20220218,135141000,13:51:41,3413,1218,6728,41602510,0,0,0
rr2204,20220218,20220218,135143000,13:51:43,3413,1218,6728,41602510,0,0,0
rr2204,20220218,20220218,135146000,13:51:46,3413,1218,6728,41602510,0,0,0
rr2204,20220218,20220218,135147500,13:51:48,3413,1218,6728,41602510,0,0,0
rr2204,20220218,20220218,135149500,13:51:50,3413,1218,6728,41602510,0,0,0
rr2204,20220218,20220218,135150000,13:51:50,3413,1218,6728,41602510,0,0,0
rr2204,20220218,20220218,135152000,13:51:52,3413,1218,6728,41602510,0,0,0
rr2204,20220218,20220218,135152500,13:51:52,3413,1218,6728,41602510,0,0,0
rr2204,20220218,20220218,135154000,13:51:54,3413,1218,6728,41602510,0,0,0
rr2204,20220218,20220218,135156000,13:51:56,3413,1218,6728,41602510,0,0,0
rr2204,20220218,20220218,135158000,13:51:58,3413,1218,6728,41602510,0,0,0
rr2204,20220218,20220218,135159500,13:51:59,3413,1218,6728,41602510,0,0,0
rr2204,20220218,20220218,135201000,13:52:01,3413,1218,6728,41602510,0,0,0
rr2204,20220218,20220218,135201500,13:52:03,3413,1218,6728,41602510,0,0,0
rr2204,20220218,20220218,135202000,13:52:03,3413,1218,6728,41602510,0,0,0
rr2204,20220218,20220218,135202500,13:52:03,3413,1218,6728,41602510,0,0,0
rr2204,20220218,20220218,135203000,13:52:04,3413,1218,6728,41602510,0,0,0
rr2204,20220218,20220218,135203500,13:52:04,3413,1218,6728,41602510,0,0,0
rr2204,20220218,20220218,135204000,13:52:05,3413,1218,6728,41602510,0,0,0
rr2204,20220218,20220218,135204500,13:52:05,3413,1218,6728,41602510,0,0,0
rr2204,20220218,20220218,135205000,13:52:05,3413,1218,6728,41602510,0,0,0
rr2204,20220218,20220218,135205500,13:52:06,3413,1218,6728,41602510,0,0,0
rr2204,20220218,20220218,135206000,13:52:06,3413,1218,6728,41602510,0,0,0
rr2204,20220218,20220218,135206500,13:52:08,3413,1218,6728,41602510,0,0,0
rr2204,20220218,20220218,135207000,13:52:09,3413,1218,6728,41602510,0,0,0
rr2204,20220218,20220218,135207500,13:52:10,3413,1218,6728,41602510,0,0,0
rr2204,20220218,20220218,135209000,13:52:11,3413,1218,6728,41602510,0,0,0
rr2204,20220218,20220218,135209500,13:52:11,3413,1218,6728,41602510,0,0,0
rr2204,20220218,20220218,135210000,13:52:11,3413,1218,6728,41602510,0,0,0
rr2204,20220218,20220218,135210500,13:52:12,3413,1218,6728,41602510,0,0,0
rr2204,20220218,20220218,135211000,13:52:12,3413,1218,6728,41602510,0,0,0
rr2204,20220218,20220218,135211500,13:52:12,3413,1218,6728,41602510,0,0,0
rr2204,20220218,20220218,135212000,13:52:12,3413,1218,6728,41602510,0,0,0
rr2204,20220218,20220218,135212500,13:52:13,3413,1218,6728,41602510,0,0,0
rr2204,20220218,20220218,135213000,13:52:13,3413,1218,6728,41602510,0,0,0
rr2204,20220218,20220218,135213500,13:52:13,3413,1218,6728,41602510,0,0,0
rr2204,20220218,20220218,135214000,13:52:14,3413,1218,6728,41602510,0,0,0
rr2204,20220218,20220218,135214500,13:52:15,3413,1218,6728,41602510,0,0,0
rr2204,20220218,20220218,135215000,13:52:15,3413,1218,6728,41602510,0,0,0
rr2204,20220218,20220218,135215500,13:52:15,3413,1218,6728,41602510,0,0,0
rr2204,20220218,20220218,135216000,13:52:16,3413,1218,6728,41602510,0,0,0
rr2204,20220218,20220218,135216500,13:52:17,3413,1218,6728,41602510,0,0,0
rr2204,20220218,20220218,135217000,13:52:17,3413,1218,6728,41602510,0,0,0
rr2204,20220218,20220218,135217500,13:52:19,3413,1218,6728,41602510,0,0,0
rr2204,20220218,20220218,135218000,13:52:19,3413,1218,6728,41602510,0,0,0
rr2204,20220218,20220218,135218500,13:52:19,3413,1218,6728,41602510,0,0,0
rr2204,20220218,20220218,135219000,13:52:23,3413,1218,6728,41602510,0,0,0
rr2204,20220218,20220218,135219500,13:52:24,3413,1218,6728,41602510,0,0,0
rr2204,20220218,20220218,135220000,13:52:24,3413,1218,6728,41602510,0,0,0
rr2204,20220218,20220218,135220500,13:52:24,3413,1218,6728,41602510,0,0,0
rr2204,20220218,20220218,135221000,13:52:24,3413,1218,6728,41602510,0,0,0
rr2204,20220218,20220218,135223500,13:52:24,3413,1218,6728,41602510,0,0,0
rr2204,20220218,20220218,135224000,13:52:24,3413,1218,6728,41602510,0,0,0
rr2204,20220218,20220218,135224500,13:52:24,3413,1218,6728,41602510,0,0,0
rr2204,20220218,20220218,135225000,13:52:25,3413,1218,6728,41602510,0,0,0
rr2204,20220218,20220218,135225500,13:52:25,3413,1218,6728,41602510,0,0,0
rr2204,20220218,20220218,135226000,13:52:26,3413,1218,6728,41602510,0,0,0
rr2204,20220218,20220218,135226500,13:52:27,3413,1218,6728,41602510,0,0,0
rr2204,20220218,20220218,135227000,13:52:27,3413,1218,6728,41602510,0,0,0
rr2204,20220218,20220218,135227500,13:52:27,3413,1218,6728,41602510,0,0,0
rr2204,20220218,20220218,135228000,13:52:28,3413,1218,6728,41602510,0,0,0
rr2204,20220218,20220218,135228500,13:52:28,3413,1218,6728,41602510,0,0,0
rr2204,20220218,20220218,135229000,13:52:29,3413,1218,6728,41602510,0,0,0
rr2204,20220218,20220218,135229500,13:52:31,3413,1218,6728,41602510,0,0,0
rr2204,20220218,20220218,135230000,13:52:31,3413,1218,6728,41602510,0,0,0
rr2204,20220218,20220218,135230500,13:52:32,3413,1218,6728,41602510,0,0,0
rr2204,20220218,20220218,135231000,13:52:32,3413,1218,6728,41602510,0,0,0
rr2204,20220218,20220218,135231500,13:52:32,3413,1218,6728,41602510,0,0,0
rr2204,20220218,20220218,135232000,13:52:32,3413,1218,6728,41602510,0,0,0
rr2204,20220218,20220218,135232500,13:52:33,3413,1218,6728,41602510,0,0,0
rr2204,20220218,20220218,135233000,13:52:33,3413,1218,6728,41602510,0,0,0
rr2204,20220218,20220218,135233500,13:52:33,3413,1218,6728,41602510,0,0,0
rr2204,20220218,20220218,135234000,13:52:34,3413,1218,6728,41602510,0,0,0
rr2204,20220218,20220218,135234500,13:52:35,3413,1218,6728,41602510,0,0,0
rr2204,20220218,20220218,135235000,13:52:36,3413,1218,6728,41602510,0,0,0
rr2204,20220218,20220218,135235500,13:52:36,3413,1218,6728,41602510,0,0,0
rr2204,20220218,20220218,135236000,13:52:37,3413,1218,6728,41602510,0,0,0
rr2204,20220218,20220218,135236500,13:52:44,3413,1218,6728,41602510,0,0,0
rr2204,20220218,20220218,135237000,13:52:44,3413,1218,6728,41602510,0,0,0
rr2204,20220218,20220218,135237500,13:52:44,3413,1218,6728,41602510,0,0,0
rr2204,20220218,20220218,135238000,13:52:45,3413,1218,6728,41602510,0,0,0
rr2204,20220218,20220218,135244000,13:52:45,3413,1218,6728,41602510,0,0,0
rr2204,20220218,20220218,135244500,13:52:46,3413,1218,6728,41602510,0,0,0
rr2204,20220218,20220218,135245000,13:52:47,3413,1218,6728,41602510,0,0,0
rr2204,20220218,20220218,135245500,13:52:48,3413,1218,6728,41602510,0,0,0
rr2204,20220218,20220218,135246000,13:52:48,3413,1218,6728,41602510,0,0,0
rr2204,20220218,20220218,135246500,13:52:48,3413,1218,6728,41602510,0,0,0
rr2204,20220218,20220218,135247000,13:52:48,3413,1218,6728,41602510,0,0,0
rr2204,20220218,20220218,135247500,13:52:48,3413,1218,6728,41602510,0,0,0
rr2204,20220218,20220218,135248000,13:52:48,3413,1218,6728,41602510,0,0,0
rr2204,20220218,20220218,135248500,13:52:49,3413,1218,6728,41602510,0,0,0
rr2204,20220218,20220218,135249000,13:52:49,3413,1218,6728,41602510,0,0,0
rr2204,20220218,20220218,135249500,13:52:50,3413,1218,6728,41602510,0,0,0
rr2204,20220218,20220218,135250000,13:52:50,3413,1218,6728,41602510,0,0,0
rr2204,20220218,20220218,135250500,13:52:51,3413,1218,6728,41602510,0,0,0
rr2204,20220218,20220218,135251000,13:52:51,3413,1218,6728,41602510,0,0,0
rr2204,20220218,20220218,135251500,13:52:51,3413,1218,6728,41602510,0,0,0
rr2204,20220218,20220218,135252000,13:52:52,3413,1218,6728,41602510,0,0,0
rr2204,20220218,20220218,135252500,13:52:53,3413,1218,6728,41602510,0,0,0
rr2204,20220218,20220218,135253000,13:52:53,3413,1218,6728,41602510,0,0,0
rr2204,20220218,20220218,135253500,13:52:54,3413,1218,6728,41602510,0,0,0
rr2204,20220218,20220218,135254000,13:52:54,3413,1218,6728,41602510,0,0,0
rr2204,20220218,20220218,135254500,13:52:54,3413,1218,6728,41602510,0,0,0
rr2204,20220218,20220218,135255000,13:52:55,3413,1218,6728,41602510,0,0,0
rr2204,20220218,20220218,135255500,13:52:55,3413,1218,6728,41602510,0,0,0
rr2204,20220218,20220218,135256000,13:52:56,3413,1218,6728,41602510,0,0,0
rr2204,20220218,20220218,135256500,13:52:57,3413,1218,6728,41602510,0,0,0
rr2204,20220218,20220218,135257000,13:52:57,3413,1218,6728,41602510,0,0,0
rr2204,20220218,20220218,135257500,13:52:57,3413,1218,6728,41602510,0,0,0
rr2204,20220218,20220218,135258000,13:52:58,3413,1218,6728,41602510,0,0,0
rr2204,20220218,20220218,135258500,13:52:59,3413,1218,6728,41602510,0,0,0
rr2204,20220218,20220218,135259000,13:52:59,3413,1218,6728,41602510,0,0,0
rr2204,20220218,20220218,135259500,13:53:00,3413,1218,6728,41602510,0,0,0
rr2204,20220218,20220218,135300000,13:53:00,3413,1218,6728,41602510,0,0,0
rr2204,20220218,20220218,135300500,13:53:01,3413,1218,6728,41602510,0,0,0
rr2204,20220218,20220218,135301000,13:53:01,3413,1218,6728,41602510,0,0,0
rr2204,20220218,20220218,135301500,13:53:02,3413,1218,6728,41602510,0,0,0
rr2204,20220218,20220218,135302000,13:53:02,3413,1218,6728,41602510,0,0,0
rr2204,20220218,20220218,135302500,13:53:03,3413,1218,6728,41602510,0,0,0
rr2204,20220218,20220218,135303000,13:53:04,3413,1218,6728,41602510,0,0,0
rr2204,20220218,20220218,135303500,13:53:04,3413,1218,6728,41602510,0,0,0
rr2204,20220218,20220218,135304000,13:53:05,3413,1218,6728,41602510,0,0,0
rr2204,20220218,20220218,135304500,13:53:06,3413,1218,6728,41602510,0,0,0
rr2204,20220218,20220218,135305000,13:53:07,3413,1218,6728,41602510,0,0,0
rr2204,20220218,20220218,135305500,13:53:08,3413,1218,6728,41602510,0,0,0
rr2204,20220218,20220218,135306000,13:53:09,3413,1218,6728,41602510,0,0,0
rr2204,20220218,20220218,135306500,13:53:09,3413,1218,6728,41602510,0,0,0
rr2204,20220218,20220218,135307000,13:53:09,3413,1218,6728,41602510,0,0,0
rr2204,20220218,20220218,135308500,13:53:09,3413,1218,6728,41602510,0,0,0
rr2204,20220218,20220218,135309000,13:53:09,3413,1218,6728,41602510,0,0,0
rr2204,20220218,20220218,135309500,13:53:09,3413,1218,6728,41602510,0,0,0
rr2204,20220218,20220218,135310000,13:53:10,3413,1218,6728,41602510,0,0,0
rr2204,20220218,20220218,135310500,13:53:11,3413,1218,6728,41602510,0,0,0
rr2204,20220218,20220218,135311000,13:53:11,3413,1218,6728,41602510,0,0,0
rr2204,20220218,20220218,135311500,13:53:12,3413,1218,6728,41602510,0,0,0
rr2204,20220218,20220218,135312000,13:53:12,3413,1218,6728,41602510,0,0,0
rr2204,20220218,20220218,135312500,13:53:13,3413,1218,6728,41602510,0,0,0
rr2204,20220218,20220218,135313000,13:53:13,3413,1218,6728,41602510,0,0,0
rr2204,20220218,20220218,135313500,13:53:13,3413,1218,6728,41602510,0,0,0
rr2204,20220218,20220218,135314000,13:53:14,3413,1218,6728,41602510,0,0,0
rr2204,20220218,20220218,135314500,13:53:15,3413,1218,6728,41602510,0,0,0
rr2204,20220218,20220218,135315000,13:53:15,3413,1218,6728,41602510,0,0,0
rr2204,20220218,20220218,135315500,13:53:15,3413,1218,6728,41602510,0,0,0
rr2204,20220218,20220218,135316000,13:53:16,3413,1218,6728,41602510,0,0,0
rr2204,20220218,20220218,135316500,13:53:20,3413,1218,6728,41602510,0,0,0
rr2204,20220218,20220218,135317000,13:53:20,3413,1218,6728,41602510,0,0,0
rr2204,20220218,20220218,135317500,13:53:20,3413,1218,6728,41602510,0,0,0
rr2204,20220218,20220218,135319500,13:53:20,3413,1218,6728,41602510,0,0,0
rr2204,20220218,20220218,135320000,13:53:20,3413,1218,6728,41602510,0,0,0
rr2204,20220218,20220218,135320500,13:53:21,3413,1218,6728,41602510,0,0,0
rr2204,20220218,20220218,135321000,13:53:21,3413,1218,6728,41602510,0,0,0
rr2204,20220218,20220218,135321500,13:53:22,3413,1218,6728,41602510,0,0,0
rr2204,20220218,20220218,135322000,13:53:22,3413,1218,6728,41602510,0,0,0
rr2204,20220218,20220218,135322500,13:53:23,3413,1218,6728,41602510,0,0,0
rr2204,20220218,20220218,135323000,13:53:23,3413,1218,6728,41602510,0,0,0
rr2204,20220218,20220218,135323500,13:53:23,3413,1218,6728,41602510,0,0,0
rr2204,20220218,20220218,135324000,13:53:24,3413,1218,6728,41602510,0,0,0
rr2204,20220218,20220218,135324500,13:53:26,3413,1218,6728,41602510,0,0,0
rr2204,20220218,20220218,135325000,13:53:26,3413,1218,6728,41602510,0,0,0
rr2204,20220218,20220218,135325500,13:53:26,3413,1218,6728,41602510,0,0,0
rr2204,20220218,20220218,135326000,13:53:26,3413,1218,6728,41602510,0,0,0
rr2204,20220218,20220218,135326500,13:53:26,3413,1218,6728,41602510,0,0,0
rr2204,20220218,20220218,135327000,13:53:27,3413,1218,6728,41602510,0,0,0
rr2204,20220218,20220218,135327500,13:53:28,3413,1218,6728,41602510,0,0,0
rr2204,20220218,20220218,135328000,13:53:28,3413,1218,6728,41602510,0,0,0
rr2204,20220218,20220218,135328500,13:53:29,3413,1218,6728,41602510,0,0,0
rr2204,20220218,20220218,135329500,13:53:29,3413,1218,6728,41602510,0,0,0
rr2204,20220218,20220218,135330000,13:53:30,3413,1218,6728,41602510,0,0,0
rr2204,20220218,20220218,135330500,13:53:31,3413,1218,6728,41602510,0,0,0
rr2204,20220218,20220218,135331000,13:53:31,3413,1218,6728,41602510,0,0,0
rr2204,20220218,20220218,135331500,13:53:32,3413,1218,6728,41602510,0,0,0
rr2204,20220218,20220218,135332000,13:53:32,3413,1218,6728,41602510,0,0,0
rr2204,20220218,20220218,135332500,13:53:33,3413,1218,6728,41602510,0,0,0
rr2204,20220218,20220218,135333000,13:53:33,3413,1218,6728,41602510,0,0,0
rr2204,20220218,20220218,135333500,13:53:33,3413,1218,6728,41602510,0,0,0
rr2204,20220218,20220218,135334000,13:53:35,3413,1218,6728,41602510,0,0,0
rr2204,20220218,20220218,135334500,13:53:35,3413,1218,6728,41602510,0,0,0
rr2204,20220218,20220218,135335000,13:53:36,3413,1218,6728,41602510,0,0,0
rr2204,20220218,20220218,135335500,13:53:36,3413,1218,6728,41602510,0,0,0
rr2204,20220218,20220218,135336000,13:53:44,3413,1218,6728,41602510,0,0,0
rr2204,20220218,20220218,135336500,13:53:44,3413,1218,6728,41602510,0,0,0
rr2204,20220218,20220218,135337000,13:53:45,3413,1218,6728,41602510,0,0,0
rr2204,20220218,20220218,135344000,13:53:45,3413,1218,6728,41602510,0,0,0
rr2204,20220218,20220218,135344500,13:53:45,3413,1218,6728,41602510,0,0,0
rr2204,20220218,20220218,135345000,13:53:46,3413,1218,6728,41602510,0,0,0
rr2204,20220218,20220218,135345500,13:53:46,3413,1218,6728,41602510,0,0,0
rr2204,20220218,20220218,135346000,13:53:47,3413,1218,6728,41602510,0,0,0
rr2204,20220218,20220218,135346500,13:53:47,3413,1218,6728,41602510,0,0,0
rr2204,20220218,20220218,135347000,13:53:47,3413,1218,6728,41602510,0,0,0
rr2204,20220218,20220218,135347500,13:53:47,3413,1218,6728,41602510,0,0,0
rr2204,20220218,20220218,135348000,13:53:48,3413,1218,6728,41602510,0,0,0
rr2204,20220218,20220218,135348500,13:53:48,3413,1218,6728,41602510,0,0,0
rr2204,20220218,20220218,135349000,13:53:49,3413,1218,6728,41602510,0,0,0
rr2204,20220218,20220218,135349500,13:53:50,3413,1218,6728,41602510,0,0,0
rr2204,20220218,20220218,135350000,13:53:50,3413,1218,6728,41602510,0,0,0
rr2204,20220218,20220218,135350500,13:53:52,3413,1218,6728,41602510,0,0,0
rr2204,20220218,20220218,135351000,13:53:53,3413,1218,6728,41602510,0,0,0
rr2204,20220218,20220218,135351500,13:53:53,3413,1218,6728,41602510,0,0,0
rr2204,20220218,20220218,135352000,13:53:53,3413,1218,6728,41602510,0,0,0
rr2204,20220218,20220218,135352500,13:53:53,3413,1218,6728,41602510,0,0,0
rr2204,20220218,20220218,135353000,13:53:53,3413,1218,6728,41602510,0,0,0
rr2204,20220218,20220218,135353500,13:53:53,3413,1218,6728,41602510,0,0,0
rr2204,20220218,20220218,135354000,13:53:55,3413,1218,6728,41602510,0,0,0
rr2204,20220218,20220218,135354500,13:53:55,3413,1218,6728,41602510,0,0,0
rr2204,20220218,20220218,135355000,13:53:55,3413,1218,6728,41602510,0,0,0
rr2204,20220218,20220218,135355500,13:53:56,3413,1218,6728,41602510,0,0,0
rr2204,20220218,20220218,135356000,13:53:56,3413,1218,6728,41602510,0,0,0
rr2204,20220218,20220218,135356500,13:53:57,3413,1218,6728,41602510,0,0,0
rr2204,20220218,20220218,135357000,13:53:57,3413,1218,6728,41602510,0,0,0
rr2204,20220218,20220218,135357500,13:53:58,3413,1218,6728,41602510,0,0,0
rr2204,20220218,20220218,135358000,13:53:59,3413,1218,6728,41602510,0,0,0
rr2204,20220218,20220218,135358500,13:53:59,3413,1218,6728,41602510,0,0,0
rr2204,20220218,20220218,135359000,13:54:00,3413,1218,6728,41602510,0,0,0
rr2204,20220218,20220218,135359500,13:54:08,3413,1218,6728,41602510,0,0,0
rr2204,20220218,20220218,135400000,13:54:08,3413,1218,6728,41602510,0,0,0
rr2204,20220218,20220218,135400500,13:54:08,3413,1218,6728,41602510,0,0,0
rr2204,20220218,20220218,135407500,13:54:09,3413,1218,6728,41602510,0,0,0
rr2204,20220218,20220218,135408000,13:54:09,3413,1218,6728,41602510,0,0,0
rr2204,20220218,20220218,135408500,13:54:09,3413,1218,6728,41602510,0,0,0
rr2204,20220218,20220218,135409000,13:54:10,3413,1218,6728,41602510,0,0,0
rr2204,20220218,20220218,135409500,13:54:10,3413,1218,6728,41602510,0,0,0
rr2204,20220218,20220218,135410000,13:54:10,3413,1218,6728,41602510,0,0,0
rr2204,20220218,20220218,135410500,13:54:11,3413,1218,6728,41602510,0,0,0
rr2204,20220218,20220218,135411000,13:54:11,3413,1218,6728,41602510,0,0,0
rr2204,20220218,20220218,135411500,13:54:12,3413,1218,6728,41602510,0,0,0
rr2204,20220218,20220218,135412000,13:54:12,3413,1218,6728,41602510,0,0,0
rr2204,20220218,20220218,135412500,13:54:13,3413,1218,6728,41602510,0,0,0
rr2204,20220218,20220218,135413000,13:54:13,3413,1218,6728,41602510,0,0,0
rr2204,20220218,20220218,135413500,13:54:14,3413,1218,6728,41602510,0,0,0
rr2204,20220218,20220218,135414000,13:54:14,3413,1218,6728,41602510,0,0,0
rr2204,20220218,20220218,135414500,13:54:14,3413,1218,6728,41602510,0,0,0
rr2204,20220218,20220218,135415000,13:54:15,3413,1218,6728,41602510,0,0,0
rr2204,20220218,20220218,135415500,13:54:15,3413,1218,6728,41602510,0,0,0
rr2204,20220218,20220218,135416000,13:54:16,3413,1218,6728,41602510,0,0,0
rr2204,20220218,20220218,135416500,13:54:16,3413,1218,6728,41602510,0,0,0
rr2204,20220218,20220218,135417000,13:54:17,3413,1218,6728,41602510,0,0,0
rr2204,20220218,20220218,135417500,13:54:18,3413,1218,6728,41602510,0,0,0
rr2204,20220218,20220218,135418000,13:54:18,3413,1218,6728,41602510,0,0,0
rr2204,20220218,20220218,135418500,13:54:18,3413,1218,6728,41602510,0,0,0
rr2204,20220218,20220218,135419000,13:54:19,3413,1218,6728,41602510,0,0,0
rr2204,20220218,20220218,135419500,13:54:19,3413,1218,6728,41602510,0,0,0
rr2204,20220218,20220218,135420000,13:54:20,3413,1218,6728,41602510,0,0,0
rr2204,20220218,20220218,135420500,13:54:21,3413,1218,6728,41602510,0,0,0
rr2204,20220218,20220218,135421000,13:54:21,3413,1218,6728,41602510,0,0,0
rr2204,20220218,20220218,135421500,13:54:21,3413,1218,6728,41602510,0,0,0
rr2204,20220218,20220218,135422000,13:54:22,3413,1218,6728,41602510,0,0,0
rr2204,20220218,20220218,135422500,13:54:22,3413,1218,6728,41602510,0,0,0
rr2204,20220218,20220218,135423000,13:54:23,3413,1218,6728,41602510,0,0,0
rr2204,20220218,20220218,135423500,13:54:23,3413,1218,6728,41602510,0,0,0
rr2204,20220218,20220218,135424000,13:54:24,3413,1218,6728,41602510,0,0,0
rr2204,20220218,20220218,135424500,13:54:25,3413,1218,6728,41602510,0,0,0
rr2204,20220218,20220218,135425000,13:54:25,3413,1218,6728,41602510,0,0,0
rr2204,20220218,20220218,135425500,13:54:26,3413,1218,6728,41602510,0,0,0
rr2204,20220218,20220218,135426000,13:54:26,3413,1218,6728,41602510,0,0,0
rr2204,20220218,20220218,135426500,13:54:27,3413,1218,6728,41602510,0,0,0
rr2204,20220218,20220218,135427000,13:54:28,3413,1218,6728,41602510,0,0,0
rr2204,20220218,20220218,135427500,13:54:28,3413,1218,6728,41602510,0,0,0
rr2204,20220218,20220218,135428000,13:54:30,3413,1218,6728,41602510,0,0,0
rr2204,20220218,20220218,135428500,13:54:30,3413,1218,6728,41602510,0,0,0
rr2204,20220218,20220218,135429000,13:54:31,3413,1218,6728,41602510,0,0,0
rr2204,20220218,20220218,135430000,13:54:31,3413,1218,6728,41602510,0,0,0
rr2204,20220218,20220218,135430500,13:54:31,3413,1218,6728,41602510,0,0,0
rr2204,20220218,20220218,135431000,13:54:32,3413,1218,6728,41602510,0,0,0
rr2204,20220218,20220218,135431500,13:54:32,3413,1218,6728,41602510,0,0,0
rr2204,20220218,20220218,135432000,13:54:32,3413,1218,6728,41602510,0,0,0
rr2204,20220218,20220218,135432500,13:54:33,3413,1218,6728,41602510,0,0,0
rr2204,20220218,20220218,135433000,13:54:33,3413,1218,6728,41602510,0,0,0
rr2204,20220218,20220218,135433500,13:54:34,3413,1218,6728,41602510,0,0,0
rr2204,20220218,20220218,135434000,13:54:34,3413,1218,6728,41602510,0,0,0
rr2204,20220218,20220218,135434500,13:54:34,3413,1218,6728,41602510,0,0,0
rr2204,20220218,20220218,135435000,13:54:35,3413,1218,6728,41602510,0,0,0
rr2204,20220218,20220218,135435500,13:54:35,3413,1218,6728,41602510,0,0,0
rr2204,20220218,20220218,135436000,13:54:36,3413,1218,6728,41602510,0,0,0
rr2204,20220218,20220218,135436500,13:54:36,3413,1218,6728,41602510,0,0,0
rr2204,20220218,20220218,135437000,13:54:37,3413,1218,6728,41602510,0,0,0
rr2204,20220218,20220218,135437500,13:54:37,3413,1218,6728,41602510,0,0,0
rr2204,20220218,20220218,135438000,13:54:38,3413,1218,6728,41602510,0,0,0
rr2204,20220218,20220218,135438500,13:54:39,3413,1218,6728,41602510,0,0,0
rr2204,20220218,20220218,135439000,13:54:39,3413,1218,6728,41602510,0,0,0
rr2204,20220218,20220218,135439500,13:54:40,3413,1218,6728,41602510,0,0,0
rr2204,20220218,20220218,135440000,13:54:40,3413,1218,6728,41602510,0,0,0
rr2204,20220218,20220218,135440500,13:54:41,3413,1218,6728,41602510,0,0,0
rr2204,20220218,20220218,135441000,13:54:41,3413,1218,6728,41602510,0,0,0
rr2204,20220218,20220218,135441500,13:54:42,3413,1218,6728,41602510,0,0,0
rr2204,20220218,20220218,135442000,13:54:42,3413,1218,6728,41602510,0,0,0
rr2204,20220218,20220218,135442500,13:54:43,3413,1218,6728,41602510,0,0,0
rr2204,20220218,20220218,135443000,13:54:44,3413,1218,6728,41602510,0,0,0
rr2204,20220218,20220218,135443500,13:54:44,3413,1218,6728,41602510,0,0,0
rr2204,20220218,20220218,135444000,13:54:44,3413,1218,6728,41602510,0,0,0
rr2204,20220218,20220218,135444500,13:54:45,3413,1218,6728,41602510,0,0,0
rr2204,20220218,20220218,135445000,13:54:45,3413,1218,6728,41602510,0,0,0
rr2204,20220218,20220218,135445500,13:54:45,3413,1218,6728,41602510,0,0,0
rr2204,20220218,20220218,135446000,13:54:46,3413,1218,6728,41602510,0,0,0
rr2204,20220218,20220218,135446500,13:54:47,3413,1218,6728,41602510,0,0,0
rr2204,20220218,20220218,135447000,13:54:47,3413,1218,6728,41602510,0,0,0
rr2204,20220218,20220218,135447500,13:54:47,3413,1218,6728,41602510,0,0,0
rr2204,20220218,20220218,135448000,13:54:48,3413,1218,6728,41602510,0,0,0
rr2204,20220218,20220218,135448500,13:54:48,3413,1218,6728,41602510,0,0,0
rr2204,20220218,20220218,135449000,13:54:49,3413,1218,6728,41602510,0,0,0
rr2204,20220218,20220218,135449500,13:54:50,3413,1218,6728,41602510,0,0,0
rr2204,20220218,20220218,135450000,13:54:50,3413,1218,6728,41602510,0,0,0
rr2204,20220218,20220218,135450500,13:54:50,3413,1218,6728,41602510,0,0,0
rr2204,20220218,20220218,135451000,13:54:51,3413,1218,6728,41602510,0,0,0
rr2204,20220218,20220218,135451500,13:54:51,3413,1218,6728,41602510,0,0,0
rr2204,20220218,20220218,135452000,13:54:52,3413,1218,6728,41602510,0,0,0
rr2204,20220218,20220218,135452500,13:54:53,3413,1218,6728,41602510,0,0,0
rr2204,20220218,20220218,135453000,13:54:53,3413,1218,6728,41602510,0,0,0
rr2204,20220218,20220218,135453500,13:54:54,3413,1218,6728,41602510,0,0,0
rr2204,20220218,20220218,135454000,13:54:54,3413,1218,6728,41602510,0,0,0
rr2204,20220218,20220218,135454500,13:54:55,3413,1218,6728,41602510,0,0,0
rr2204,20220218,20220218,135455000,13:54:55,3413,1218,6728,41602510,0,0,0
rr2204,20220218,20220218,135455500,13:54:55,3413,1218,6728,41602510,0,0,0
rr2204,20220218,20220218,135456000,13:54:56,3413,1218,6728,41602510,0,0,0
rr2204,20220218,20220218,135456500,13:54:56,3413,1218,6728,41602510,0,0,0
rr2204,20220218,20220218,135457000,13:54:57,3413,1218,6728,41602510,0,0,0
rr2204,20220218,20220218,135457500,13:54:58,3413,1218,6728,41602510,0,0,0
rr2204,20220218,20220218,135458000,13:54:58,3413,1218,6728,41602510,0,0,0
rr2204,20220218,20220218,135458500,13:54:59,3413,1218,6728,41602510,0,0,0
rr2204,20220218,20220218,135459000,13:54:59,3413,1218,6728,41602510,0,0,0
rr2204,20220218,20220218,135459500,13:55:00,3413,1218,6728,41602510,0,0,0
rr2204,20220218,20220218,135500000,13:55:00,3413,1218,6728,41602510,0,0,0
rr2204,20220218,20220218,135500500,13:55:00,3413,1218,6728,41602510,0,0,0
rr2204,20220218,20220218,135501000,13:55:01,3413,1218,6728,41602510,0,0,0
rr2204,20220218,20220218,135501500,13:55:02,3413,1218,6728,41602510,0,0,0
rr2204,20220218,20220218,135502000,13:55:03,3413,1218,6728,41602510,0,0,0
rr2204,20220218,20220218,135502500,13:55:03,3413,1218,6728,41602510,0,0,0
rr2204,20220218,20220218,135503000,13:55:03,3413,1218,6728,41602510,0,0,0
rr2204,20220218,20220218,135503500,13:55:04,3413,1218,6728,41602510,0,0,0
rr2204,20220218,20220218,135504000,13:55:04,3413,1218,6728,41602510,0,0,0
rr2204,20220218,20220218,135504500,13:55:05,3413,1218,6728,41602510,0,0,0
rr2204,20220218,20220218,135505000,13:55:06,3413,1218,6728,41602510,0,0,0
rr2204,20220218,20220218,135505500,13:55:06,3413,1218,6728,41602510,0,0,0
rr2204,20220218,20220218,135506000,13:55:06,3413,1218,6728,41602510,0,0,0
rr2204,20220218,20220218,135506500,13:55:06,3413,1218,6728,41602510,0,0,0
rr2204,20220218,20220218,135507000,13:55:11,3413,1218,6728,41602510,0,0,0
rr2204,20220218,20220218,135507500,13:55:11,3413,1218,6728,41602510,0,0,0
rr2204,20220218,20220218,135508000,13:55:12,3413,1218,6728,41602510,0,0,0
rr2204,20220218,20220218,135511500,13:55:12,3413,1218,6728,41602510,0,0,0
rr2204,20220218,20220218,135512000,13:55:12,3413,1218,6728,41602510,0,0,0
rr2204,20220218,20220218,135512500,13:55:13,3413,1218,6728,41602510,0,0,0
rr2204,20220218,20220218,135513000,13:55:13,3413,1218,6728,41602510,0,0,0
rr2204,20220218,20220218,135513500,13:55:15,3413,1218,6728,41602510,0,0,0
rr2204,20220218,20220218,135514000,13:55:15,3413,1218,6728,41602510,0,0,0
rr2204,20220218,20220218,135514500,13:55:15,3413,1218,6728,41602510,0,0,0
rr2204,20220218,20220218,135515000,13:55:15,3413,1218,6728,41602510,0,0,0
rr2204,20220218,20220218,135515500,13:55:16,3413,1218,6728,41602510,0,0,0
rr2204,20220218,20220218,135516000,13:55:16,3413,1218,6728,41602510,0,0,0
rr2204,20220218,20220218,135516500,13:55:16,3413,1218,6728,41602510,0,0,0
rr2204,20220218,20220218,135517000,13:55:21,3413,1218,6728,41602510,0,0,0
rr2204,20220218,20220218,135517500,13:55:21,3413,1218,6728,41602510,0,0,0
rr2204,20220218,20220218,135518000,13:55:24,3413,1218,6728,41602510,0,0,0
rr2204,20220218,20220218,135518500,13:55:25,3413,1218,6728,41602510,0,0,0
rr2204,20220218,20220218,135520500,13:55:25,3413,1218,6728,41602510,0,0,0
rr2204,20220218,20220218,135521000,13:55:25,3413,1218,6728,41602510,0,0,0
rr2204,20220218,20220218,135524500,13:55:25,3413,1218,6728,41602510,0,0,0
rr2204,20220218,20220218,135525000,13:55:26,3413,1218,6728,41602510,0,0,0
rr2204,20220218,20220218,135525500,13:55:26,3413,1218,6728,41602510,0,0,0
rr2204,20220218,20220218,135526000,13:55:27,3413,1218,6728,41602510,0,0,0
rr2204,20220218,20220218,135526500,13:55:27,3413,1218,6728,41602510,0,0,0
rr2204,20220218,20220218,135527000,13:55:27,3413,1218,6728,41602510,0,0,0
rr2204,20220218,20220218,135527500,13:55:28,3413,1218,6728,41602510,0,0,0
rr2204,20220218,20220218,135528000,13:55:28,3413,1218,6728,41602510,0,0,0
rr2204,20220218,20220218,135528500,13:55:28,3413,1218,6728,41602510,0,0,0
rr2204,20220218,20220218,135529000,13:55:29,3413,1218,6728,41602510,0,0,0
rr2204,20220218,20220218,135529500,13:55:30,3413,1218,6728,41602510,0,0,0
rr2204,20220218,20220218,135530000,13:55:30,3413,1218,6728,41602510,0,0,0
rr2204,20220218,20220218,135530500,13:55:31,3413,1218,6728,41602510,0,0,0
rr2204,20220218,20220218,135531000,13:55:31,3413,1218,6728,41602510,0,0,0
rr2204,20220218,20220218,135531500,13:55:32,3413,1218,6728,41602510,0,0,0
rr2204,20220218,20220218,135532000,13:55:32,3413,1218,6728,41602510,0,0,0
rr2204,20220218,20220218,135532500,13:55:32,3413,1218,6728,41602510,0,0,0
rr2204,20220218,20220218,135533000,13:55:33,3413,1218,6728,41602510,0,0,0
rr2204,20220218,20220218,135533500,13:55:33,3413,1218,6728,41602510,0,0,0
rr2204,20220218,20220218,135534000,13:55:34,3413,1218,6728,41602510,0,0,0
rr2204,20220218,20220218,135534500,13:55:34,3413,1218,6728,41602510,0,0,0
rr2204,20220218,20220218,135535000,13:55:35,3413,1218,6728,41602510,0,0,0
rr2204,20220218,20220218,135535500,13:55:36,3413,1218,6728,41602510,0,0,0
rr2204,20220218,20220218,135536000,13:55:36,3413,1218,6728,41602510,0,0,0
rr2204,20220218,20220218,135536500,13:55:37,3413,1218,6728,41602510,0,0,0
rr2204,20220218,20220218,135537000,13:55:37,3413,1218,6728,41602510,0,0,0
rr2204,20220218,20220218,135537500,13:55:37,3413,1218,6728,41602510,0,0,0
rr2204,20220218,20220218,135538000,13:55:38,3413,1218,6728,41602510,0,0,0
rr2204,20220218,20220218,135538500,13:55:39,3413,1218,6728,41602510,0,0,0
rr2204,20220218,20220218,135539000,13:55:39,3413,1218,6728,41602510,0,0,0
rr2204,20220218,20220218,135539500,13:55:40,3413,1218,6728,41602510,0,0,0
rr2204,20220218,20220218,135540000,13:55:40,3413,1218,6728,41602510,0,0,0
rr2204,20220218,20220218,135540500,13:55:41,3413,1218,6728,41602510,0,0,0
rr2204,20220218,20220218,135541000,13:55:41,3413,1218,6728,41602510,0,0,0
rr2204,20220218,20220218,135541500,13:55:41,3413,1218,6728,41602510,0,0,0
rr2204,20220218,20220218,135542000,13:55:42,3413,1218,6728,41602510,0,0,0
rr2204,20220218,20220218,135542500,13:55:42,3413,1218,6728,41602510,0,0,0
rr2204,20220218,20220218,135543000,13:55:45,3413,1218,6728,41602510,0,0,0
rr2204,20220218,20220218,135543500,13:55:45,3413,1218,6728,41602510,0,0,0
rr2204,20220218,20220218,135544000,13:55:45,3413,1218,6728,41602510,0,0,0
rr2204,20220218,20220218,135544500,13:55:45,3413,1218,6728,41602510,0,0,0
rr2204,20220218,20220218,135545000,13:55:45,3413,1218,6728,41602510,0,0,0
rr2204,20220218,20220218,135545500,13:55:46,3413,1218,6728,41602510,0,0,0
rr2204,20220218,20220218,135546000,13:55:46,3413,1218,6728,41602510,0,0,0
rr2204,20220218,20220218,135546500,13:55:47,3413,1218,6728,41602510,0,0,0
rr2204,20220218,20220218,135547000,13:55:47,3413,1218,6728,41602510,0,0,0
rr2204,20220218,20220218,135547500,13:55:47,3413,1218,6728,41602510,0,0,0
rr2204,20220218,20220218,135548000,13:55:48,3413,1218,6728,41602510,0,0,0
rr2204,20220218,20220218,135548500,13:55:48,3413,1218,6728,41602510,0,0,0
rr2204,20220218,20220218,135549000,13:55:50,3413,1218,6728,41602510,0,0,0
rr2204,20220218,20220218,135549500,13:55:50,3413,1218,6728,41602510,0,0,0
rr2204,20220218,20220218,135550000,13:55:50,3413,1218,6728,41602510,0,0,0
rr2204,20220218,20220218,135550500,13:55:50,3413,1218,6728,41602510,0,0,0
rr2204,20220218,20220218,135551000,13:55:52,3413,1218,6728,41602510,0,0,0
rr2204,20220218,20220218,135551500,13:55:52,3413,1218,6728,41602510,0,0,0
rr2204,20220218,20220218,135552000,13:55:52,3413,1218,6728,41602510,0,0,0
rr2204,20220218,20220218,135552500,13:55:52,3413,1218,6728,41602510,0,0,0
rr2204,20220218,20220218,135553000,13:55:53,3413,1218,6728,41602510,0,0,0
rr2204,20220218,20220218,135553500,13:55:54,3413,1218,6728,41602510,0,0,0
rr2204,20220218,20220218,135554000,13:55:54,3413,1218,6728,41602510,0,0,0
rr2204,20220218,20220218,135554500,13:55:54,3413,1218,6728,41602510,0,0,0
rr2204,20220218,20220218,135555000,13:55:55,3413,1218,6728,41602510,0,0,0
rr2204,20220218,20220218,135555500,13:55:57,3413,1218,6728,41602510,0,0,0
rr2204,20220218,20220218,135556000,13:55:57,3413,1218,6728,41602510,0,0,0
rr2204,20220218,20220218,135556500,13:55:58,3413,1218,6728,41602510,0,0,0
rr2204,20220218,20220218,135557000,13:55:58,3413,1218,6728,41602510,0,0,0
rr2204,20220218,20220218,135557500,13:55:58,3413,1218,6728,41602510,0,0,0
rr2204,20220218,20220218,135558000,13:55:58,3413,1218,6728,41602510,0,0,0
rr2204,20220218,20220218,135558500,13:55:58,3413,1218,6728,41602510,0,0,0
rr2204,20220218,20220218,135559000,13:55:59,3413,1218,6728,41602510,0,0,0
rr2204,20220218,20220218,135559500,13:55:59,3413,1218,6728,41602510,0,0,0
rr2204,20220218,20220218,135600000,13:56:02,3413,1218,6728,41602510,0,0,0
rr2204,20220218,20220218,135600500,13:56:02,3413,1218,6728,41602510,0,0,0
rr2204,20220218,20220218,135601000,13:56:03,3413,1218,6728,41602510,0,0,0
rr2204,20220218,20220218,135601500,13:56:03,3413,1218,6728,41602510,0,0,0
rr2204,20220218,20220218,135602000,13:56:19,3413,1218,6728,41602510,0,0,0
rr2204,20220218,20220218,135602500,13:56:19,3413,1218,6728,41602510,0,0,0
rr2204,20220218,20220218,135603000,13:56:19,3413,1218,6728,41602510,0,0,0
rr2204,20220218,20220218,135618500,13:56:23,3413,1218,6728,41602510,0,0,0
rr2204,20220218,20220218,135619000,13:56:23,3413,1218,6728,41602510,0,0,0
rr2204,20220218,20220218,135623000,13:56:24,3413,1218,6728,41602510,0,0,0
rr2204,20220218,20220218,135623500,13:56:24,3413,1218,6728,41602510,0,0,0
rr2204,20220218,20220218,135624000,13:56:24,3413,1218,6728,41602510,0,0,0
rr2204,20220218,20220218,135624500,13:56:24,3413,1218,6728,41602510,0,0,0
rr2204,20220218,20220218,135625000,13:56:25,3413,1218,6728,41602510,0,0,0
rr2204,20220218,20220218,135625500,13:56:29,3413,1218,6728,41602510,0,0,0
rr2204,20220218,20220218,135626000,13:56:33,3413,1218,6728,41602510,0,0,0
rr2204,20220218,20220218,135626500,13:56:34,3413,1218,6728,41602510,0,0,0
rr2204,20220218,20220218,135627000,13:56:34,3413,1218,6728,41602510,0,0,0
rr2204,20220218,20220218,135633500,13:56:35,3413,1218,6728,41602510,0,0,0
rr2204,20220218,20220218,135634500,13:56:35,3413,1218,6728,41602510,0,0,0
rr2204,20220218,20220218,135635000,13:56:35,3413,1218,6728,41602510,0,0,0
rr2204,20220218,20220218,135635500,13:56:35,3413,1218,6728,41602510,0,0,0
rr2204,20220218,20220218,135636000,13:56:36,3413,1218,6728,41602510,0,0,0
rr2204,20220218,20220218,135636500,13:56:38,3413,1218,6728,41602510,0,0,0
rr2204,20220218,20220218,135637000,13:56:39,3413,1218,6728,41602510,0,0,0
rr2204,20220218,20220218,135637500,13:56:39,3413,1218,6728,41602510,0,0,0
rr2204,20220218,20220218,135638000,13:56:39,3413,1218,6728,41602510,0,0,0
rr2204,20220218,20220218,135639000,13:56:39,3413,1218,6728,41602510,0,0,0
rr2204,20220218,20220218,135639500,13:56:39,3413,1218,6728,41602510,0,0,0
rr2204,20220218,20220218,135640000,13:56:40,3413,1218,6728,41602510,0,0,0
rr2204,20220218,20220218,135640500,13:56:41,3413,1218,6728,41602510,0,0,0
rr2204,20220218,20220218,135641000,13:56:42,3413,1218,6728,41602510,0,0,0
rr2204,20220218,20220218,135641500,13:56:42,3413,1218,6728,41602510,0,0,0
rr2204,20220218,20220218,135642000,13:56:43,3413,1218,6728,41602510,0,0,0
rr2204,20220218,20220218,135642500,13:56:43,3413,1218,6728,41602510,0,0,0
rr2204,20220218,20220218,135643000,13:56:43,3413,1218,6728,41602510,0,0,0
rr2204,20220218,20220218,135643500,13:56:44,3413,1218,6728,41602510,0,0,0
rr2204,20220218,20220218,135644000,13:56:44,3413,1218,6728,41602510,0,0,0
rr2204,20220218,20220218,135644500,13:56:45,3413,1218,6728,41602510,0,0,0
rr2204,20220218,20220218,135645000,13:56:47,3413,1218,6728,41602510,0,0,0
rr2204,20220218,20220218,135645500,13:56:47,3413,1218,6728,41602510,0,0,0
rr2204,20220218,20220218,135646000,13:56:47,3413,1218,6728,41602510,0,0,0
rr2204,20220218,20220218,135646500,13:56:48,3413,1218,6728,41602510,0,0,0
rr2204,20220218,20220218,135647000,13:56:48,3413,1218,6728,41602510,0,0,0
rr2204,20220218,20220218,135647500,13:56:48,3413,1218,6728,41602510,0,0,0
rr2204,20220218,20220218,135648000,13:56:50,3413,1218,6728,41602510,0,0,0
rr2204,20220218,20220218,135648500,13:56:50,3413,1218,6728,41602510,0,0,0
rr2204,20220218,20220218,135649000,13:56:50,3413,1218,6728,41602510,0,0,0
rr2204,20220218,20220218,135649500,13:56:50,3413,1218,6728,41602510,0,0,0
rr2204,20220218,20220218,135650000,13:56:51,3413,1218,6728,41602510,0,0,0
rr2204,20220218,20220218,135650500,13:56:51,3413,1218,6728,41602510,0,0,0
rr2204,20220218,20220218,135651000,13:56:51,3413,1218,6728,41602510,0,0,0
rr2204,20220218,20220218,135651500,13:56:52,3413,1218,6728,41602510,0,0,0
rr2204,20220218,20220218,135652000,13:56:52,3413,1218,6728,41602510,0,0,0
rr2204,20220218,20220218,135652500,13:56:52,3413,1218,6728,41602510,0,0,0
rr2204,20220218,20220218,135653000,13:56:53,3413,1218,6728,41602510,0,0,0
rr2204,20220218,20220218,135653500,13:56:53,3413,1218,6728,41602510,0,0,0
rr2204,20220218,20220218,135654000,13:56:54,3413,1218,6728,41602510,0,0,0
rr2204,20220218,20220218,135654500,13:56:54,3413,1218,6728,41602510,0,0,0
rr2204,20220218,20220218,135655000,13:56:55,3413,1218,6728,41602510,0,0,0
rr2204,20220218,20220218,135655500,13:56:55,3413,1218,6728,41602510,0,0,0
rr2204,20220218,20220218,135656000,13:56:56,3413,1218,6728,41602510,0,0,0
rr2204,20220218,20220218,135656500,13:56:56,3413,1218,6728,41602510,0,0,0
rr2204,20220218,20220218,135657000,13:56:57,3413,1218,6728,41602510,0,0,0
rr2204,20220218,20220218,135657500,13:56:58,3413,1218,6728,41602510,0,0,0
rr2204,20220218,20220218,135658000,13:56:58,3413,1218,6728,41602510,0,0,0
rr2204,20220218,20220218,135658500,13:56:59,3413,1218,6728,41602510,0,0,0
rr2204,20220218,20220218,135659000,13:57:00,3413,1218,6728,41602510,0,0,0
rr2204,20220218,20220218,135659500,13:57:01,3413,1218,6728,41602510,0,0,0
rr2204,20220218,20220218,135700000,13:57:01,3413,1218,6728,41602510,0,0,0
rr2204,20220218,20220218,135700500,13:57:02,3413,1218,6728,41602510,0,0,0
rr2204,20220218,20220218,135701000,13:57:02,3413,1218,6728,41602510,0,0,0
rr2204,20220218,20220218,135701500,13:57:02,3413,1218,6728,41602510,0,0,0
rr2204,20220218,20220218,135702000,13:57:02,3413,1218,6728,41602510,0,0,0
rr2204,20220218,20220218,135702500,13:57:02,3413,1218,6728,41602510,0,0,0
rr2204,20220218,20220218,135703000,13:57:03,3413,1218,6728,41602510,0,0,0
rr2204,20220218,20220218,135703500,13:57:04,3413,1218,6728,41602510,0,0,0
rr2204,20220218,20220218,135704000,13:57:04,3413,1218,6728,41602510,0,0,0
rr2204,20220218,20220218,135704500,13:57:04,3413,1218,6728,41602510,0,0,0
rr2204,20220218,20220218,135705000,13:57:05,3413,1218,6728,41602510,0,0,0
rr2204,20220218,20220218,135705500,13:57:05,3413,1218,6728,41602510,0,0,0
rr2204,20220218,20220218,135706000,13:57:06,3413,1218,6728,41602510,0,0,0
rr2204,20220218,20220218,135706500,13:57:06,3413,1218,6728,41602510,0,0,0
rr2204,20220218,20220218,135707000,13:57:07,3413,1218,6728,41602510,0,0,0
rr2204,20220218,20220218,135707500,13:57:08,3413,1218,6728,41602510,0,0,0
