bc2207,20220218,20220218,111958500,11:20:03,63700,19,76,6036950,19,4,6036950
bc2207,20220218,20220218,112004500,11:20:09,63700,19,76,6036950,0,0,0
bc2207,20220218,20220218,112005000,11:20:10,63700,19,76,6036950,0,0,0
bc2207,20220218,20220218,112006000,11:20:10,63700,19,76,6036950,0,0,0
bc2207,20220218,20220218,112006500,11:20:10,63700,19,76,6036950,0,0,0
bc2207,20220218,20220218,112008000,11:20:10,63700,19,76,6036950,0,0,0
bc2207,20220218,20220218,112009000,11:20:10,63700,19,76,6036950,0,0,0
bc2207,20220218,20220218,112009500,11:20:10,63700,19,76,6036950,0,0,0
bc2207,20220218,20220218,112011000,11:20:11,63700,19,76,6036950,0,0,0
bc2207,20220218,20220218,112013000,11:20:13,63700,19,76,6036950,0,0,0
bc2207,20220218,20220218,112013500,11:20:13,63700,19,76,6036950,0,0,0
bc2207,20220218,20220218,112018000,11:20:18,63700,19,76,6036950,0,0,0
bc2207,20220218,20220218,112019500,11:20:19,63700,19,76,6036950,0,0,0
bc2207,20220218,20220218,112021000,11:20:21,63700,19,76,6036950,0,0,0
bc2207,20220218,20220218,112022500,11:20:23,63700,19,76,6036950,0,0,0
bc2207,20220218,20220218,112027000,11:20:27,63700,19,76,6036950,0,0,0
bc2207,20220218,20220218,112028500,11:20:28,63700,19,76,6036950,0,0,0
bc2207,20220218,20220218,112030000,11:20:31,63700,19,76,6036950,0,0,0
bc2207,20220218,20220218,112031000,11:20:31,63700,19,76,6036950,0,0,0
bc2207,20220218,20220218,112031500,11:20:32,63700,19,76,6036950,0,0,0
bc2207,20220218,20220218,112033000,11:20:33,63700,19,76,6036950,0,0,0
bc2207,20220218,20220218,112034000,11:20:34,63700,19,76,6036950,0,0,0
bc2207,20220218,20220218,112034500,11:20:34,63700,19,76,6036950,0,0,0
bc2207,20220218,20220218,112037000,11:20:37,63700,19,76,6036950,0,0,0
bc2207,20220218,20220218,112038500,11:20:38,63700,19,76,6036950,0,0,0
bc2207,20220218,20220218,112040000,11:20:40,63700,19,76,6036950,0,0,0
bc2207,20220218,20220218,112041000,11:20:41,63700,19,76,6036950,0,0,0
bc2207,20220218,20220218,112041500,11:20:41,63700,19,76,6036950,0,0,0
bc2207,20220218,20220218,112043000,11:20:43,63700,19,76,6036950,0,0,0
bc2207,20220218,20220218,112043500,11:20:44,63700,19,76,6036950,0,0,0
bc2207,20220218,20220218,112044000,11:20:44,63700,19,76,6036950,0,0,0
bc2207,20220218,20220218,112044500,11:20:44,63700,19,76,6036950,0,0,0
bc2207,20220218,20220218,112048500,11:20:49,63700,19,76,6036950,0,0,0
bc2207,20220218,20220218,112049000,11:20:50,63700,19,76,6036950,0,0,0
bc2207,20220218,20220218,112049500,11:20:50,63700,19,76,6036950,0,0,0
bc2207,20220218,20220218,112050000,11:20:50,63700,19,76,6036950,0,0,0
bc2207,20220218,20220218,112050500,11:20:51,63700,19,76,6036950,0,0,0
bc2207,20220218,20220218,112051500,11:20:51,63700,19,76,6036950,0,0,0
bc2207,20220218,20220218,112053000,11:20:53,63700,19,76,6036950,0,0,0
bc2207,20220218,20220218,112055000,11:20:55,63700,19,76,6036950,0,0,0
bc2207,20220218,20220218,112056500,11:20:56,63700,19,76,6036950,0,0,0
bc2207,20220218,20220218,112057500,11:20:58,63700,19,76,6036950,0,0,0
bc2207,20220218,20220218,112058000,11:20:58,63700,19,76,6036950,0,0,0
bc2207,20220218,20220218,112058500,11:20:59,63700,19,76,6036950,0,0,0
bc2207,20220218,20220218,112101500,11:21:01,63700,19,76,6036950,0,0,0
bc2207,20220218,20220218,112103000,11:21:03,63700,19,76,6036950,0,0,0
bc2207,20220218,20220218,112107500,11:21:10,63700,19,76,6036950,0,0,0
bc2207,20220218,20220218,112112000,11:21:12,63700,19,76,6036950,0,0,0
bc2207,20220218,20220218,112115500,11:21:15,63700,19,76,6036950,0,0,0
bc2207,20220218,20220218,112117000,11:21:17,63700,19,76,6036950,0,0,0
bc2207,20220218,20220218,112117500,11:21:18,63700,19,76,6036950,0,0,0
bc2207,20220218,20220218,112118000,11:21:18,63700,19,76,6036950,0,0,0
bc2207,20220218,20220218,112118500,11:21:18,63700,19,76,6036950,0,0,0
bc2207,20220218,20220218,112119000,11:21:19,63700,19,76,6036950,0,0,0
bc2207,20220218,20220218,112119500,11:21:19,63700,19,76,6036950,0,0,0
bc2207,20220218,20220218,112120000,11:21:20,63700,19,76,6036950,0,0,0
bc2207,20220218,20220218,112120500,11:21:21,63700,19,76,6036950,0,0,0
bc2207,20220218,20220218,112121000,11:21:22,63700,19,76,6036950,0,0,0
bc2207,20220218,20220218,112121500,11:21:22,63700,19,76,6036950,0,0,0
bc2207,20220218,20220218,112122000,11:21:22,63700,19,76,6036950,0,0,0
bc2207,20220218,20220218,112122500,11:21:22,63700,19,76,6036950,0,0,0
bc2207,20220218,20220218,112123000,11:21:23,63700,19,76,6036950,0,0,0
bc2207,20220218,20220218,112123500,11:21:23,63700,19,76,6036950,0,0,0
bc2207,20220218,20220218,112124000,11:21:24,63700,19,76,6036950,0,0,0
bc2207,20220218,20220218,112124500,11:21:25,63700,19,76,6036950,0,0,0
bc2207,20220218,20220218,112125000,11:21:29,63700,19,76,6036950,0,0,0
bc2207,20220218,20220218,112125500,11:23:32,63700,19,76,6036950,0,0,0
bc2207,20220218,20220218,112126000,11:23:33,63700,19,76,6036950,0,0,0
bc2207,20220218,20220218,112329500,11:23:33,63700,19,76,6036950,0,0,0
bc2207,20220218,20220218,112335000,11:23:35,63700,19,76,6036950,0,0,0
bc2207,20220218,20220218,112337500,11:23:38,63700,19,76,6036950,0,0,0
bc2207,20220218,20220218,112338000,11:23:38,63700,19,76,6036950,0,0,0
bc2207,20220218,20220218,112341500,11:23:42,63700,19,76,6036950,0,0,0
bc2207,20220218,20220218,112344000,11:23:44,63700,19,76,6036950,0,0,0
bc2207,20220218,20220218,112348500,11:23:48,63700,19,76,6036950,0,0,0
bc2207,20220218,20220218,112349000,11:23:49,63700,19,76,6036950,0,0,0
bc2207,20220218,20220218,112349500,11:23:50,63700,19,76,6036950,0,0,0
bc2207,20220218,20220218,112350000,11:23:50,63700,19,76,6036950,0,0,0
bc2207,20220218,20220218,112350500,11:23:50,63700,19,76,6036950,0,0,0
bc2207,20220218,20220218,112351000,11:23:51,63700,19,76,6036950,0,0,0
bc2207,20220218,20220218,112351500,11:23:51,63700,19,76,6036950,0,0,0
bc2207,20220218,20220218,112352000,11:23:52,63700,19,76,6036950,0,0,0
bc2207,20220218,20220218,112353500,11:23:53,63700,19,76,6036950,0,0,0
bc2207,20220218,20220218,112354000,11:23:54,63700,19,76,6036950,0,0,0
bc2207,20220218,20220218,112355500,11:23:55,63700,19,76,6036950,0,0,0
bc2207,20220218,20220218,112357000,11:23:57,63700,19,76,6036950,0,0,0
bc2207,20220218,20220218,112357500,11:23:57,63700,19,76,6036950,0,0,0
bc2207,20220218,20220218,112358000,11:23:58,63700,19,76,6036950,0,0,0
bc2207,20220218,20220218,112400500,11:24:00,63700,19,76,6036950,0,0,0
bc2207,20220218,20220218,112402000,11:24:02,63700,19,76,6036950,0,0,0
bc2207,20220218,20220218,112403500,11:24:03,63700,19,76,6036950,0,0,0
bc2207,20220218,20220218,112404500,11:24:04,63700,19,76,6036950,0,0,0
bc2207,20220218,20220218,112405000,11:24:05,63700,19,76,6036950,0,0,0
bc2207,20220218,20220218,112408000,11:24:08,63700,19,76,6036950,0,0,0
bc2207,20220218,20220218,112409500,11:24:11,63700,19,76,6036950,0,0,0
bc2207,20220218,20220218,112411500,11:24:12,63700,19,76,6036950,0,0,0
bc2207,20220218,20220218,112412500,11:24:12,63700,19,76,6036950,0,0,0
bc2207,20220218,20220218,112414000,11:24:14,63700,19,76,6036950,0,0,0
bc2207,20220218,20220218,112415500,11:24:15,63700,19,76,6036950,0,0,0
bc2207,20220218,20220218,112417500,11:24:17,63700,19,76,6036950,0,0,0
bc2207,20220218,20220218,112423500,11:24:23,63700,19,76,6036950,0,0,0
bc2207,20220218,20220218,112425000,11:24:25,63700,19,76,6036950,0,0,0
bc2207,20220218,20220218,112428500,11:24:28,63700,19,76,6036950,0,0,0
bc2207,20220218,20220218,112430000,11:24:30,63700,19,76,6036950,0,0,0
bc2207,20220218,20220218,112439000,11:24:40,63700,19,76,6036950,0,0,0
bc2207,20220218,20220218,112440000,11:24:40,63700,19,76,6036950,0,0,0
bc2207,20220218,20220218,112440500,11:24:40,63700,19,76,6036950,0,0,0
bc2207,20220218,20220218,112441000,11:24:41,63700,19,76,6036950,0,0,0
bc2207,20220218,20220218,112441500,11:24:41,63700,19,76,6036950,0,0,0
bc2207,20220218,20220218,112442000,11:24:42,63700,19,76,6036950,0,0,0
bc2207,20220218,20220218,112442500,11:24:42,63700,19,76,6036950,0,0,0
bc2207,20220218,20220218,112443000,11:24:43,63700,19,76,6036950,0,0,0
bc2207,20220218,20220218,112443500,11:24:43,63700,19,76,6036950,0,0,0
bc2207,20220218,20220218,112444000,11:24:44,63700,19,76,6036950,0,0,0
bc2207,20220218,20220218,112444500,11:24:44,63700,19,76,6036950,0,0,0
bc2207,20220218,20220218,112445000,11:24:45,63700,19,76,6036950,0,0,0
bc2207,20220218,20220218,112445500,11:24:45,63700,19,76,6036950,0,0,0
bc2207,20220218,20220218,112446000,11:24:46,63700,19,76,6036950,0,0,0
bc2207,20220218,20220218,112446500,11:24:46,63700,19,76,6036950,0,0,0
bc2207,20220218,20220218,112447000,11:24:47,63700,19,76,6036950,0,0,0
bc2207,20220218,20220218,112447500,11:24:47,63700,19,76,6036950,0,0,0
bc2207,20220218,20220218,112448000,11:24:48,63700,19,76,6036950,0,0,0
bc2207,20220218,20220218,112448500,11:24:49,63700,19,76,6036950,0,0,0
bc2207,20220218,20220218,112450000,11:24:50,63700,19,76,6036950,0,0,0
bc2207,20220218,20220218,112450500,11:24:50,63700,19,76,6036950,0,0,0
bc2207,20220218,20220218,112451000,11:24:51,63700,19,76,6036950,0,0,0
bc2207,20220218,20220218,112451500,11:24:52,63700,19,76,6036950,0,0,0
bc2207,20220218,20220218,112453000,11:24:53,63700,19,76,6036950,0,0,0
bc2207,20220218,20220218,112454000,11:24:54,63700,19,76,6036950,0,0,0
bc2207,20220218,20220218,112454500,11:24:54,63700,19,76,6036950,0,0,0
bc2207,20220218,20220218,112455000,11:24:55,63700,19,76,6036950,0,0,0
bc2207,20220218,20220218,112455500,11:24:55,63700,19,76,6036950,0,0,0
bc2207,20220218,20220218,112457000,11:24:57,63700,19,76,6036950,0,0,0
bc2207,20220218,20220218,112458500,11:24:58,63700,19,76,6036950,0,0,0
bc2207,20220218,20220218,112459000,11:24:59,63700,19,76,6036950,0,0,0
bc2207,20220218,20220218,112459500,11:24:59,63700,19,76,6036950,0,0,0
bc2207,20220218,20220218,112500000,11:25:00,63700,19,76,6036950,0,0,0
bc2207,20220218,20220218,112501500,11:25:03,63700,19,76,6036950,0,0,0
bc2207,20220218,20220218,112503000,11:25:06,63700,19,76,6036950,0,0,0
bc2207,20220218,20220218,112504500,11:25:06,63700,19,76,6036950,0,0,0
bc2207,20220218,20220218,112506000,11:25:06,63700,19,76,6036950,0,0,0
bc2207,20220218,20220218,112510000,11:25:10,63700,19,76,6036950,0,0,0
bc2207,20220218,20220218,112510500,11:25:10,63700,19,76,6036950,0,0,0
bc2207,20220218,20220218,112511500,11:25:11,63700,19,76,6036950,0,0,0
bc2207,20220218,20220218,112513000,11:25:13,63700,19,76,6036950,0,0,0
bc2207,20220218,20220218,112518000,11:25:18,63700,19,76,6036950,0,0,0
bc2207,20220218,20220218,112520000,11:25:20,63700,19,76,6036950,0,0,0
bc2207,20220218,20220218,112521000,11:25:21,63700,19,76,6036950,0,0,0
bc2207,20220218,20220218,112521500,11:25:22,63700,19,76,6036950,0,0,0
bc2207,20220218,20220218,112524000,11:25:24,63700,19,76,6036950,0,0,0
bc2207,20220218,20220218,112524500,11:25:25,63700,19,76,6036950,0,0,0
bc2207,20220218,20220218,112525000,11:25:25,63700,19,76,6036950,0,0,0
bc2207,20220218,20220218,112525500,11:25:26,63700,19,76,6036950,0,0,0
bc2207,20220218,20220218,112526000,11:25:26,63700,19,76,6036950,0,0,0
bc2207,20220218,20220218,112526500,11:25:26,63700,19,76,6036950,0,0,0
bc2207,20220218,20220218,112527000,11:25:27,63700,19,76,6036950,0,0,0
bc2207,20220218,20220218,112527500,11:25:28,63700,19,76,6036950,0,0,0
bc2207,20220218,20220218,112529500,11:25:29,63700,19,76,6036950,0,0,0
bc2207,20220218,20220218,112531000,11:25:31,63700,19,76,6036950,0,0,0
bc2207,20220218,20220218,112532000,11:25:32,63700,19,76,6036950,0,0,0
bc2207,20220218,20220218,112534500,11:25:34,63700,19,76,6036950,0,0,0
bc2207,20220218,20220218,112536000,11:25:37,63700,19,76,6036950,0,0,0
bc2207,20220218,20220218,112537500,11:25:38,63700,19,76,6036950,0,0,0
bc2207,20220218,20220218,112546000,11:25:46,63700,19,76,6036950,0,0,0
bc2207,20220218,20220218,112546500,11:25:47,63700,19,76,6036950,0,0,0
bc2207,20220218,20220218,112553500,11:25:54,63700,19,76,6036950,0,0,0
bc2207,20220218,20220218,112555000,11:25:55,63700,19,76,6036950,0,0,0
bc2207,20220218,20220218,112556500,11:25:57,63700,19,76,6036950,0,0,0
bc2207,20220218,20220218,112558000,11:25:58,63700,19,76,6036950,0,0,0
bc2207,20220218,20220218,112559000,11:25:59,63700,19,76,6036950,0,0,0
bc2207,20220218,20220218,112600500,11:26:00,63700,19,76,6036950,0,0,0
bc2207,20220218,20220218,112605500,11:26:05,63700,19,76,6036950,0,0,0
bc2207,20220218,20220218,112607500,11:26:09,63700,19,76,6036950,0,0,0
bc2207,20220218,20220218,112612000,11:26:14,63700,19,76,6036950,0,0,0
bc2207,20220218,20220218,112619500,11:26:19,63700,19,76,6036950,0,0,0
bc2207,20220218,20220218,112623000,11:26:23,63700,19,76,6036950,0,0,0
bc2207,20220218,20220218,112629000,11:26:29,63700,19,76,6036950,0,0,0
bc2207,20220218,20220218,112630000,11:26:31,63700,19,76,6036950,0,0,0
bc2207,20220218,20220218,112630500,11:26:31,63700,19,76,6036950,0,0,0
bc2207,20220218,20220218,112631000,11:26:31,63700,19,76,6036950,0,0,0
bc2207,20220218,20220218,112631500,11:26:32,63700,19,76,6036950,0,0,0
bc2207,20220218,20220218,112632000,11:26:32,63700,19,76,6036950,0,0,0
bc2207,20220218,20220218,112633500,11:26:33,63700,19,76,6036950,0,0,0
bc2207,20220218,20220218,112635000,11:26:37,63700,19,76,6036950,0,0,0
bc2207,20220218,20220218,112635500,11:26:37,63700,19,76,6036950,0,0,0
bc2207,20220218,20220218,112636000,11:26:38,63700,19,76,6036950,0,0,0
bc2207,20220218,20220218,112637000,11:26:39,63700,19,76,6036950,0,0,0
bc2207,20220218,20220218,112637500,11:26:54,63700,19,76,6036950,0,0,0
bc2207,20220218,20220218,112638000,11:27:10,63700,19,76,6036950,0,0,0
bc2207,20220218,20220218,112649500,11:27:10,63700,19,76,6036950,0,0,0
bc2207,20220218,20220218,112705500,11:27:12,63700,19,76,6036950,0,0,0
bc2207,20220218,20220218,112710500,11:27:12,63700,19,76,6036950,0,0,0
bc2207,20220218,20220218,112712000,11:27:12,63700,19,76,6036950,0,0,0
bc2207,20220218,20220218,112713500,11:27:14,63700,19,76,6036950,0,0,0
bc2207,20220218,20220218,112714000,11:27:14,63700,19,76,6036950,0,0,0
bc2207,20220218,20220218,112716500,11:27:17,63700,19,76,6036950,0,0,0
bc2207,20220218,20220218,112717000,11:27:17,63700,19,76,6036950,0,0,0
bc2207,20220218,20220218,112724500,11:27:27,63700,19,76,6036950,0,0,0
bc2207,20220218,20220218,112726500,11:27:27,63700,19,76,6036950,0,0,0
bc2207,20220218,20220218,112727500,11:27:27,63700,19,76,6036950,0,0,0
bc2207,20220218,20220218,112729500,11:27:29,63700,19,76,6036950,0,0,0
bc2207,20220218,20220218,112735000,11:27:36,63700,19,76,6036950,0,0,0
bc2207,20220218,20220218,112736500,11:27:37,63700,19,76,6036950,0,0,0
bc2207,20220218,20220218,112737000,11:27:38,63700,19,76,6036950,0,0,0
bc2207,20220218,20220218,112737500,11:27:38,63700,19,76,6036950,0,0,0
bc2207,20220218,20220218,112738000,11:27:38,63700,19,76,6036950,0,0,0
bc2207,20220218,20220218,112740000,11:27:40,63700,19,76,6036950,0,0,0
bc2207,20220218,20220218,112741500,11:27:41,63700,19,76,6036950,0,0,0
bc2207,20220218,20220218,112742500,11:27:42,63700,19,76,6036950,0,0,0
bc2207,20220218,20220218,112743000,11:27:43,63700,19,76,6036950,0,0,0
bc2207,20220218,20220218,112743500,11:27:43,63700,19,76,6036950,0,0,0
bc2207,20220218,20220218,112744000,11:27:44,63700,19,76,6036950,0,0,0
bc2207,20220218,20220218,112744500,11:27:45,63700,19,76,6036950,0,0,0
bc2207,20220218,20220218,112745000,11:27:45,63700,19,76,6036950,0,0,0
bc2207,20220218,20220218,112745500,11:27:46,63700,19,76,6036950,0,0,0
bc2207,20220218,20220218,112746000,11:27:46,63700,19,76,6036950,0,0,0
bc2207,20220218,20220218,112750000,11:27:54,63700,19,76,6036950,0,0,0
bc2207,20220218,20220218,112757000,11:27:57,63700,19,76,6036950,0,0,0
bc2207,20220218,20220218,112819000,11:28:19,63700,19,76,6036950,0,0,0
bc2207,20220218,20220218,112829500,11:28:29,63700,19,76,6036950,0,0,0
bc2207,20220218,20220218,112834500,11:28:34,63700,19,76,6036950,0,0,0
bc2207,20220218,20220218,112835000,11:28:35,63700,19,76,6036950,0,0,0
bc2207,20220218,20220218,112845500,11:28:46,63700,19,76,6036950,0,0,0
bc2207,20220218,20220218,112846000,11:28:46,63700,19,76,6036950,0,0,0
bc2207,20220218,20220218,112852000,11:28:53,63700,19,76,6036950,0,0,0
bc2207,20220218,20220218,112900500,11:29:01,63700,19,76,6036950,0,0,0
bc2207,20220218,20220218,112901000,11:29:01,63700,19,76,6036950,0,0,0
bc2207,20220218,20220218,112920500,11:29:21,63700,19,76,6036950,0,0,0
bc2207,20220218,20220218,112923000,11:29:24,63700,19,76,6036950,0,0,0
bc2207,20220218,20220218,112925000,11:29:25,63700,19,76,6036950,0,0,0
bc2207,20220218,20220218,112929000,11:29:29,63700,19,76,6036950,0,0,0
bc2207,20220218,20220218,112929500,11:29:29,63700,19,76,6036950,0,0,0
bc2207,20220218,20220218,112930000,11:29:30,63700,19,76,6036950,0,0,0
bc2207,20220218,20220218,112930500,11:29:30,63700,19,76,6036950,0,0,0
bc2207,20220218,20220218,112932500,11:29:36,63700,19,76,6036950,0,0,0
bc2207,20220218,20220218,112933000,11:29:37,63700,19,76,6036950,0,0,0
bc2207,20220218,20220218,112933500,11:29:37,63700,19,76,6036950,0,0,0
bc2207,20220218,20220218,112936000,11:29:38,63700,19,76,6036950,0,0,0
bc2207,20220218,20220218,112943000,11:29:45,63700,19,76,6036950,0,0,0
bc2207,20220218,20220218,112943500,11:29:45,63700,19,76,6036950,0,0,0
bc2207,20220218,20220218,112944000,11:29:45,63700,19,76,6036950,0,0,0
bc2207,20220218,20220218,112944500,11:29:45,63700,19,76,6036950,0,0,0
bc2207,20220218,20220218,112945000,11:29:46,63700,19,76,6036950,0,0,0
bc2207,20220218,20220218,112946000,11:29:46,63700,19,76,6036950,0,0,0
bc2207,20220218,20220218,112948000,11:29:48,63700,19,76,6036950,0,0,0
bc2207,20220218,20220218,112948500,11:29:49,63700,19,76,6036950,0,0,0
bc2207,20220218,20220218,112949000,11:29:50,63700,19,76,6036950,0,0,0
bc2207,20220218,20220218,112949500,11:29:50,63700,19,76,6036950,0,0,0
bc2207,20220218,20220218,112950000,11:29:51,63700,19,76,6036950,0,0,0
bc2207,20220218,20220218,112950500,11:29:51,63700,19,76,6036950,0,0,0
bc2207,20220218,20220218,112951000,11:29:52,63700,19,76,6036950,0,0,0
bc2207,20220218,20220218,112956500,11:30:00,63700,19,76,6036950,0,0,0
bc2207,20220218,20220218,112959000,11:30:02,63700,19,76,6036950,0,0,0
bc2207,20220218,20220218,113001500,11:30:03,63700,19,76,6036950,0,0,0
bc2207,20220218,20220218,133002000,13:30:08,63700,19,76,6036950,0,0,0
bc2207,20220218,20220218,133002500,13:30:08,63700,19,76,6036950,0,0,0
bc2207,20220218,20220218,133008500,13:30:10,63700,19,76,6036950,0,0,0
bc2207,20220218,20220218,133009500,13:30:10,63700,19,76,6036950,0,0,0
bc2207,20220218,20220218,133011000,13:30:12,63700,19,76,6036950,0,0,0
bc2207,20220218,20220218,133013000,13:30:13,63700,19,76,6036950,0,0,0
bc2207,20220218,20220218,133015500,13:30:18,63700,19,76,6036950,0,0,0
bc2207,20220218,20220218,133017000,13:30:18,63700,19,76,6036950,0,0,0
bc2207,20220218,20220218,133021000,13:30:21,63700,19,76,6036950,0,0,0
bc2207,20220218,20220218,133032000,13:30:40,63700,19,76,6036950,0,0,0
bc2207,20220218,20220218,133048500,13:30:49,63700,19,76,6036950,0,0,0
bc2207,20220218,20220218,133049000,13:30:49,63700,19,76,6036950,0,0,0
bc2207,20220218,20220218,133049500,13:30:50,63700,19,76,6036950,0,0,0
bc2207,20220218,20220218,133050000,13:30:50,63700,19,76,6036950,0,0,0
bc2207,20220218,20220218,133052500,13:30:53,63700,19,76,6036950,0,0,0
bc2207,20220218,20220218,133053000,13:30:54,63700,19,76,6036950,0,0,0
bc2207,20220218,20220218,133056000,13:30:57,63700,19,76,6036950,0,0,0
bc2207,20220218,20220218,133104500,13:31:06,63700,19,76,6036950,0,0,0
bc2207,20220218,20220218,133107500,13:31:08,63700,19,76,6036950,0,0,0
bc2207,20220218,20220218,133108500,13:31:09,63700,19,76,6036950,0,0,0
bc2207,20220218,20220218,133111000,13:31:11,63700,19,76,6036950,0,0,0
bc2207,20220218,20220218,133111500,13:31:12,63700,19,76,6036950,0,0,0
bc2207,20220218,20220218,133112000,13:31:12,63700,19,76,6036950,0,0,0
bc2207,20220218,20220218,133115500,13:31:15,63700,19,76,6036950,0,0,0
bc2207,20220218,20220218,133120500,13:31:21,63700,19,76,6036950,0,0,0
bc2207,20220218,20220218,133121000,13:31:21,63700,19,76,6036950,0,0,0
bc2207,20220218,20220218,133121500,13:31:21,63700,19,76,6036950,0,0,0
bc2207,20220218,20220218,133122000,13:31:22,63700,19,76,6036950,0,0,0
bc2207,20220218,20220218,133124000,13:31:25,63700,19,76,6036950,0,0,0
bc2207,20220218,20220218,133124500,13:31:25,63700,19,76,6036950,0,0,0
bc2207,20220218,20220218,133138000,13:31:38,63700,19,76,6036950,0,0,0
bc2207,20220218,20220218,133158000,13:31:58,63700,19,76,6036950,0,0,0
bc2207,20220218,20220218,133159500,13:31:59,63700,19,76,6036950,0,0,0
bc2207,20220218,20220218,133200000,13:32:00,63700,19,76,6036950,0,0,0
bc2207,20220218,20220218,133200500,13:32:01,63700,19,76,6036950,0,0,0
bc2207,20220218,20220218,133201000,13:32:01,63700,19,76,6036950,0,0,0
bc2207,20220218,20220218,133209000,13:32:10,63700,19,76,6036950,0,0,0
bc2207,20220218,20220218,133209500,13:32:10,63700,19,76,6036950,0,0,0
bc2207,20220218,20220218,133210000,13:32:10,63700,19,76,6036950,0,0,0
bc2207,20220218,20220218,133213000,13:32:15,63700,19,76,6036950,0,0,0
bc2207,20220218,20220218,133213500,13:32:15,63700,19,76,6036950,0,0,0
bc2207,20220218,20220218,133214500,13:32:16,63700,19,76,6036950,0,0,0
bc2207,20220218,20220218,133215000,13:32:16,63700,19,76,6036950,0,0,0
bc2207,20220218,20220218,133215500,13:32:16,63700,19,76,6036950,0,0,0
bc2207,20220218,20220218,133216500,13:32:17,63700,19,76,6036950,0,0,0
bc2207,20220218,20220218,133217000,13:32:17,63700,19,76,6036950,0,0,0
bc2207,20220218,20220218,133217500,13:32:18,63700,19,76,6036950,0,0,0
bc2207,20220218,20220218,133218000,13:32:18,63700,19,76,6036950,0,0,0
bc2207,20220218,20220218,133319500,13:33:20,63700,19,76,6036950,0,0,0
bc2207,20220218,20220218,133320000,13:33:21,63700,19,76,6036950,0,0,0
bc2207,20220218,20220218,133342000,13:33:42,63700,19,76,6036950,0,0,0
bc2207,20220218,20220218,133342500,13:33:42,63700,19,76,6036950,0,0,0
bc2207,20220218,20220218,133343000,13:33:43,63700,19,76,6036950,0,0,0
bc2207,20220218,20220218,133344000,13:33:44,63700,19,76,6036950,0,0,0
bc2207,20220218,20220218,133346000,13:33:47,63700,19,76,6036950,0,0,0
bc2207,20220218,20220218,133346500,13:33:48,63700,19,76,6036950,0,0,0
bc2207,20220218,20220218,133347000,13:33:48,63700,19,76,6036950,0,0,0
bc2207,20220218,20220218,133347500,13:33:49,63700,19,76,6036950,0,0,0
bc2207,20220218,20220218,133348000,13:33:49,63700,19,76,6036950,0,0,0
bc2207,20220218,20220218,133352000,13:33:52,63700,19,76,6036950,0,0,0
bc2207,20220218,20220218,133352500,13:33:52,63700,19,76,6036950,0,0,0
bc2207,20220218,20220218,133355500,13:33:56,63700,19,76,6036950,0,0,0
bc2207,20220218,20220218,133356000,13:33:56,63700,19,76,6036950,0,0,0
bc2207,20220218,20220218,133356500,13:33:57,63700,19,76,6036950,0,0,0
bc2207,20220218,20220218,133357500,13:33:58,63700,19,76,6036950,0,0,0
bc2207,20220218,20220218,133359500,13:33:59,63700,19,76,6036950,0,0,0
bc2207,20220218,20220218,133400000,13:34:00,63700,19,76,6036950,0,0,0
bc2207,20220218,20220218,133401500,13:34:02,63700,19,76,6036950,0,0,0
bc2207,20220218,20220218,133402500,13:34:10,63700,19,76,6036950,0,0,0
bc2207,20220218,20220218,133403000,13:34:10,63700,19,76,6036950,0,0,0
bc2207,20220218,20220218,133410000,13:34:12,63700,19,76,6036950,0,0,0
bc2207,20220218,20220218,133413000,13:34:13,63700,19,76,6036950,0,0,0
bc2207,20220218,20220218,133413500,13:34:14,63700,19,76,6036950,0,0,0
bc2207,20220218,20220218,133414500,13:34:14,63700,19,76,6036950,0,0,0
bc2207,20220218,20220218,133415500,13:34:16,63700,19,76,6036950,0,0,0
bc2207,20220218,20220218,133416000,13:34:16,63700,19,76,6036950,0,0,0
bc2207,20220218,20220218,133418000,13:34:18,63700,19,76,6036950,0,0,0
bc2207,20220218,20220218,133418500,13:34:18,63700,19,76,6036950,0,0,0
bc2207,20220218,20220218,133419500,13:34:19,63700,19,76,6036950,0,0,0
bc2207,20220218,20220218,133420500,13:34:21,63700,19,76,6036950,0,0,0
bc2207,20220218,20220218,133421500,13:34:23,63700,19,76,6036950,0,0,0
bc2207,20220218,20220218,133423500,13:34:24,63700,19,76,6036950,0,0,0
bc2207,20220218,20220218,133424000,13:34:24,63700,19,76,6036950,0,0,0
bc2207,20220218,20220218,133425000,13:34:25,63700,19,76,6036950,0,0,0
bc2207,20220218,20220218,133426500,13:34:26,63700,19,76,6036950,0,0,0
bc2207,20220218,20220218,133428500,13:34:28,63700,19,76,6036950,0,0,0
bc2207,20220218,20220218,133430500,13:34:30,63700,19,76,6036950,0,0,0
bc2207,20220218,20220218,133431500,13:34:31,63700,19,76,6036950,0,0,0
bc2207,20220218,20220218,133432000,13:34:32,63700,19,76,6036950,0,0,0
bc2207,20220218,20220218,133433500,13:34:34,63700,19,76,6036950,0,0,0
bc2207,20220218,20220218,133434500,13:34:34,63700,19,76,6036950,0,0,0
bc2207,20220218,20220218,133435000,13:34:35,63700,19,76,6036950,0,0,0
bc2207,20220218,20220218,133435500,13:34:36,63700,19,76,6036950,0,0,0
bc2207,20220218,20220218,133436000,13:34:36,63700,19,76,6036950,0,0,0
bc2207,20220218,20220218,133436500,13:34:36,63700,19,76,6036950,0,0,0
bc2207,20220218,20220218,133437000,13:34:37,63700,19,76,6036950,0,0,0
bc2207,20220218,20220218,133437500,13:34:38,63700,19,76,6036950,0,0,0
bc2207,20220218,20220218,133438000,13:34:38,63700,19,76,6036950,0,0,0
bc2207,20220218,20220218,133438500,13:34:38,63700,19,76,6036950,0,0,0
bc2207,20220218,20220218,133439000,13:34:39,63700,19,76,6036950,0,0,0
bc2207,20220218,20220218,133439500,13:34:39,63700,19,76,6036950,0,0,0
bc2207,20220218,20220218,133440000,13:34:40,63700,19,76,6036950,0,0,0
bc2207,20220218,20220218,133440500,13:34:40,63700,19,76,6036950,0,0,0
bc2207,20220218,20220218,133441500,13:34:41,63700,19,76,6036950,0,0,0
bc2207,20220218,20220218,133442500,13:34:44,63700,19,76,6036950,0,0,0
bc2207,20220218,20220218,133443000,13:34:45,63700,19,76,6036950,0,0,0
bc2207,20220218,20220218,133443500,13:34:45,63700,19,76,6036950,0,0,0
bc2207,20220218,20220218,133444000,13:34:45,63700,19,76,6036950,0,0,0
bc2207,20220218,20220218,133445000,13:34:46,63700,19,76,6036950,0,0,0
bc2207,20220218,20220218,133447500,13:34:47,63700,19,76,6036950,0,0,0
bc2207,20220218,20220218,133449000,13:34:49,63700,19,76,6036950,0,0,0
bc2207,20220218,20220218,133452000,13:34:52,63700,19,76,6036950,0,0,0
bc2207,20220218,20220218,133453500,13:34:55,63700,19,76,6036950,0,0,0
bc2207,20220218,20220218,133456500,13:34:57,63700,19,76,6036950,0,0,0
bc2207,20220218,20220218,133501500,13:35:04,63700,19,76,6036950,0,0,0
bc2207,20220218,20220218,133504500,13:35:10,63700,19,76,6036950,0,0,0
bc2207,20220218,20220218,133505000,13:35:10,63700,19,76,6036950,0,0,0
bc2207,20220218,20220218,133509000,13:35:10,63700,19,76,6036950,0,0,0
bc2207,20220218,20220218,133511500,13:35:11,63700,19,76,6036950,0,0,0
bc2207,20220218,20220218,133512000,13:35:12,63700,19,76,6036950,0,0,0
bc2207,20220218,20220218,133512500,13:35:13,63700,19,76,6036950,0,0,0
bc2207,20220218,20220218,133513000,13:35:13,63700,19,76,6036950,0,0,0
bc2207,20220218,20220218,133513500,13:35:13,63700,19,76,6036950,0,0,0
bc2207,20220218,20220218,133514500,13:35:14,63700,19,76,6036950,0,0,0
bc2207,20220218,20220218,133516000,13:35:16,63700,19,76,6036950,0,0,0
bc2207,20220218,20220218,133517500,13:35:18,63700,19,76,6036950,0,0,0
bc2207,20220218,20220218,133518000,13:35:18,63700,19,76,6036950,0,0,0
bc2207,20220218,20220218,133518500,13:35:19,63700,19,76,6036950,0,0,0
bc2207,20220218,20220218,133519000,13:35:19,63700,19,76,6036950,0,0,0
bc2207,20220218,20220218,133520500,13:35:20,63700,19,76,6036950,0,0,0
bc2207,20220218,20220218,133522000,13:35:22,63700,19,76,6036950,0,0,0
bc2207,20220218,20220218,133523000,13:35:23,63700,19,76,6036950,0,0,0
bc2207,20220218,20220218,133523500,13:35:23,63700,19,76,6036950,0,0,0
bc2207,20220218,20220218,133524000,13:35:24,63700,19,76,6036950,0,0,0
bc2207,20220218,20220218,133524500,13:35:25,63700,19,76,6036950,0,0,0
bc2207,20220218,20220218,133525000,13:35:25,63700,19,76,6036950,0,0,0
bc2207,20220218,20220218,133525500,13:35:26,63700,19,76,6036950,0,0,0
bc2207,20220218,20220218,133526000,13:35:26,63700,19,76,6036950,0,0,0
bc2207,20220218,20220218,133526500,13:35:27,63700,19,76,6036950,0,0,0
bc2207,20220218,20220218,133527000,13:35:27,63700,19,76,6036950,0,0,0
bc2207,20220218,20220218,133527500,13:35:31,63700,19,76,6036950,0,0,0
bc2207,20220218,20220218,133528500,13:35:32,63700,19,76,6036950,0,0,0
bc2207,20220218,20220218,133531000,13:35:33,63700,19,76,6036950,0,0,0
bc2207,20220218,20220218,133532000,13:35:41,63700,19,76,6036950,0,0,0
bc2207,20220218,20220218,133532500,13:35:42,63700,19,76,6036950,0,0,0
bc2207,20220218,20220218,133535000,13:35:43,63700,19,76,6036950,0,0,0
bc2207,20220218,20220218,133542500,13:35:44,63700,19,76,6036950,0,0,0
bc2207,20220218,20220218,133543500,13:35:44,63700,19,76,6036950,0,0,0
bc2207,20220218,20220218,133544000,13:35:44,63700,19,76,6036950,0,0,0
bc2207,20220218,20220218,133544500,13:35:45,63700,19,76,6036950,0,0,0
bc2207,20220218,20220218,133545000,13:35:45,63700,19,76,6036950,0,0,0
bc2207,20220218,20220218,133545500,13:35:46,63700,19,76,6036950,0,0,0
bc2207,20220218,20220218,133546000,13:35:46,63700,19,76,6036950,0,0,0
bc2207,20220218,20220218,133548500,13:35:48,63700,19,76,6036950,0,0,0
bc2207,20220218,20220218,133549000,13:35:49,63700,19,76,6036950,0,0,0
bc2207,20220218,20220218,133549500,13:35:49,63700,19,76,6036950,0,0,0
bc2207,20220218,20220218,133550000,13:35:50,63700,19,76,6036950,0,0,0
bc2207,20220218,20220218,133550500,13:35:50,63700,19,76,6036950,0,0,0
bc2207,20220218,20220218,133551000,13:35:51,63700,19,76,6036950,0,0,0
bc2207,20220218,20220218,133551500,13:35:51,63700,19,76,6036950,0,0,0
bc2207,20220218,20220218,133552000,13:35:52,63700,19,76,6036950,0,0,0
bc2207,20220218,20220218,133553500,13:35:55,63700,19,76,6036950,0,0,0
bc2207,20220218,20220218,133556500,13:35:56,63700,19,76,6036950,0,0,0
bc2207,20220218,20220218,133559500,13:36:03,63700,19,76,6036950,0,0,0
bc2207,20220218,20220218,133600000,13:36:03,63700,19,76,6036950,0,0,0
bc2207,20220218,20220218,133601500,13:36:03,63700,19,76,6036950,0,0,0
bc2207,20220218,20220218,133602000,13:36:03,63700,19,76,6036950,0,0,0
bc2207,20220218,20220218,133602500,13:36:03,63700,19,76,6036950,0,0,0
bc2207,20220218,20220218,133603000,13:36:04,63700,19,76,6036950,0,0,0
bc2207,20220218,20220218,133603500,13:36:05,63700,19,76,6036950,0,0,0
bc2207,20220218,20220218,133604000,13:36:05,63700,19,76,6036950,0,0,0
bc2207,20220218,20220218,133606000,13:36:07,63700,19,76,6036950,0,0,0
bc2207,20220218,20220218,133609500,13:36:10,63700,19,76,6036950,0,0,0
bc2207,20220218,20220218,133611500,13:36:12,63700,19,76,6036950,0,0,0
bc2207,20220218,20220218,133612500,13:36:12,63700,19,76,6036950,0,0,0
bc2207,20220218,20220218,133613000,13:36:13,63700,19,76,6036950,0,0,0
bc2207,20220218,20220218,133620500,13:36:20,63700,19,76,6036950,0,0,0
bc2207,20220218,20220218,133627500,13:36:28,63700,19,76,6036950,0,0,0
bc2207,20220218,20220218,133629000,13:36:29,63700,19,76,6036950,0,0,0
bc2207,20220218,20220218,133629500,13:36:30,63700,19,76,6036950,0,0,0
bc2207,20220218,20220218,133630000,13:36:30,63700,19,76,6036950,0,0,0
bc2207,20220218,20220218,133630500,13:36:31,63700,19,76,6036950,0,0,0
bc2207,20220218,20220218,133631000,13:36:31,63700,19,76,6036950,0,0,0
bc2207,20220218,20220218,133632000,13:36:32,63700,19,76,6036950,0,0,0
bc2207,20220218,20220218,133632500,13:36:32,63700,19,76,6036950,0,0,0
bc2207,20220218,20220218,133634000,13:36:34,63700,19,76,6036950,0,0,0
bc2207,20220218,20220218,133634500,13:36:35,63700,19,76,6036950,0,0,0
bc2207,20220218,20220218,133636000,13:36:36,63700,19,76,6036950,0,0,0
bc2207,20220218,20220218,133637500,13:36:38,63700,19,76,6036950,0,0,0
bc2207,20220218,20220218,133639000,13:36:39,63700,19,76,6036950,0,0,0
bc2207,20220218,20220218,133639500,13:36:39,63700,19,76,6036950,0,0,0
bc2207,20220218,20220218,133640000,13:36:40,63700,19,76,6036950,0,0,0
bc2207,20220218,20220218,133640500,13:36:40,63700,19,76,6036950,0,0,0
bc2207,20220218,20220218,133641000,13:36:41,63700,19,76,6036950,0,0,0
bc2207,20220218,20220218,133652500,13:36:52,63700,19,76,6036950,0,0,0
bc2207,20220218,20220218,133654000,13:36:54,63700,19,76,6036950,0,0,0
bc2207,20220218,20220218,133700000,13:37:00,63700,19,76,6036950,0,0,0
bc2207,20220218,20220218,133701500,13:37:01,63700,19,76,6036950,0,0,0
bc2207,20220218,20220218,133706000,13:37:08,63700,19,76,6036950,0,0,0
bc2207,20220218,20220218,133710500,13:37:11,63700,19,76,6036950,0,0,0
bc2207,20220218,20220218,133712000,13:37:13,63700,19,76,6036950,0,0,0
bc2207,20220218,20220218,133713000,13:37:14,63700,19,76,6036950,0,0,0
bc2207,20220218,20220218,133715000,13:37:15,63700,19,76,6036950,0,0,0
bc2207,20220218,20220218,133715500,13:37:15,63700,19,76,6036950,0,0,0
bc2207,20220218,20220218,133716000,13:37:16,63700,19,76,6036950,0,0,0
bc2207,20220218,20220218,133716500,13:37:16,63700,19,76,6036950,0,0,0
bc2207,20220218,20220218,133718500,13:37:19,63700,19,76,6036950,0,0,0
bc2207,20220218,20220218,133721000,13:37:21,63700,19,76,6036950,0,0,0
bc2207,20220218,20220218,133722500,13:37:23,63700,19,76,6036950,0,0,0
bc2207,20220218,20220218,133724500,13:37:25,63700,19,76,6036950,0,0,0
bc2207,20220218,20220218,133726000,13:37:26,63700,19,76,6036950,0,0,0
bc2207,20220218,20220218,133728500,13:37:28,63700,19,76,6036950,0,0,0
bc2207,20220218,20220218,133730000,13:37:30,63700,19,76,6036950,0,0,0
bc2207,20220218,20220218,133731500,13:37:31,63700,19,76,6036950,0,0,0
bc2207,20220218,20220218,133733000,13:37:33,63700,19,76,6036950,0,0,0
bc2207,20220218,20220218,133735500,13:37:36,63700,19,76,6036950,0,0,0
bc2207,20220218,20220218,133738000,13:37:38,63700,19,76,6036950,0,0,0
bc2207,20220218,20220218,133742500,13:37:42,63700,19,76,6036950,0,0,0
bc2207,20220218,20220218,133743000,13:37:43,63700,19,76,6036950,0,0,0
bc2207,20220218,20220218,133745500,13:37:45,63700,19,76,6036950,0,0,0
bc2207,20220218,20220218,133746000,13:37:46,63700,19,76,6036950,0,0,0
bc2207,20220218,20220218,133747000,13:37:47,63700,19,76,6036950,0,0,0
bc2207,20220218,20220218,133747500,13:37:48,63700,19,76,6036950,0,0,0
bc2207,20220218,20220218,133753000,13:37:54,63700,19,76,6036950,0,0,0
bc2207,20220218,20220218,133801000,13:38:02,63700,19,76,6036950,0,0,0
bc2207,20220218,20220218,133802500,13:38:05,63700,19,76,6036950,0,0,0
bc2207,20220218,20220218,133806000,13:38:08,63700,19,76,6036950,0,0,0
bc2207,20220218,20220218,133806500,13:38:09,63700,19,76,6036950,0,0,0
bc2207,20220218,20220218,133807000,13:38:09,63700,19,76,6036950,0,0,0
bc2207,20220218,20220218,133810500,13:38:10,63700,19,76,6036950,0,0,0
bc2207,20220218,20220218,133812000,13:38:14,63700,19,76,6036950,0,0,0
bc2207,20220218,20220218,133813500,13:38:15,63700,19,76,6036950,0,0,0
bc2207,20220218,20220218,133814000,13:38:15,63700,19,76,6036950,0,0,0
bc2207,20220218,20220218,133814500,13:38:17,63700,19,76,6036950,0,0,0
bc2207,20220218,20220218,133815000,13:38:17,63700,19,76,6036950,0,0,0
bc2207,20220218,20220218,133815500,13:38:17,63700,19,76,6036950,0,0,0
bc2207,20220218,20220218,133817000,13:38:18,63700,19,76,6036950,0,0,0
bc2207,20220218,20220218,133818000,13:38:18,63700,19,76,6036950,0,0,0
bc2207,20220218,20220218,133822000,13:38:23,63700,19,76,6036950,0,0,0
bc2207,20220218,20220218,133823500,13:38:24,63700,19,76,6036950,0,0,0
bc2207,20220218,20220218,133824000,13:38:24,63700,19,76,6036950,0,0,0
bc2207,20220218,20220218,133824500,13:38:28,63700,19,76,6036950,0,0,0
bc2207,20220218,20220218,133825000,13:38:41,63700,19,76,6036950,0,0,0
bc2207,20220218,20220218,133825500,13:38:41,63700,19,76,6036950,0,0,0
bc2207,20220218,20220218,133837500,13:38:42,63700,19,76,6036950,0,0,0
bc2207,20220218,20220218,133842500,13:38:43,63700,19,76,6036950,0,0,0
bc2207,20220218,20220218,133844000,13:38:44,63700,19,76,6036950,0,0,0
bc2207,20220218,20220218,133844500,13:38:44,63700,19,76,6036950,0,0,0
bc2207,20220218,20220218,133845000,13:38:45,63700,19,76,6036950,0,0,0
bc2207,20220218,20220218,133845500,13:38:45,63700,19,76,6036950,0,0,0
bc2207,20220218,20220218,133851000,13:38:51,63700,19,76,6036950,0,0,0
bc2207,20220218,20220218,133853000,13:38:53,63700,19,76,6036950,0,0,0
bc2207,20220218,20220218,133855000,13:38:55,63700,19,76,6036950,0,0,0
bc2207,20220218,20220218,133907000,13:39:07,63700,19,76,6036950,0,0,0
bc2207,20220218,20220218,133914000,13:39:14,63700,19,76,6036950,0,0,0
bc2207,20220218,20220218,133914500,13:39:15,63700,19,76,6036950,0,0,0
bc2207,20220218,20220218,133916000,13:39:19,63700,19,76,6036950,0,0,0
bc2207,20220218,20220218,133918000,13:39:19,63700,19,76,6036950,0,0,0
bc2207,20220218,20220218,133921500,13:39:21,63700,19,76,6036950,0,0,0
bc2207,20220218,20220218,133922500,13:39:23,63700,19,76,6036950,0,0,0
bc2207,20220218,20220218,133924000,13:39:24,63700,19,76,6036950,0,0,0
bc2207,20220218,20220218,133924500,13:39:24,63700,19,76,6036950,0,0,0
bc2207,20220218,20220218,133925000,13:39:25,63700,19,76,6036950,0,0,0
bc2207,20220218,20220218,133927000,13:39:27,63700,19,76,6036950,0,0,0
bc2207,20220218,20220218,133929000,13:39:29,63700,19,76,6036950,0,0,0
bc2207,20220218,20220218,133936000,13:39:36,63700,19,76,6036950,0,0,0
bc2207,20220218,20220218,133937000,13:39:37,63700,19,76,6036950,0,0,0
bc2207,20220218,20220218,133938000,13:39:38,63700,19,76,6036950,0,0,0
bc2207,20220218,20220218,133939000,13:39:39,63700,19,76,6036950,0,0,0
bc2207,20220218,20220218,133939500,13:39:39,63700,19,76,6036950,0,0,0
bc2207,20220218,20220218,133940500,13:39:41,63700,19,76,6036950,0,0,0
bc2207,20220218,20220218,133941000,13:39:41,63700,19,76,6036950,0,0,0
bc2207,20220218,20220218,133943500,13:39:43,63700,19,76,6036950,0,0,0
bc2207,20220218,20220218,133944500,13:39:44,63700,19,76,6036950,0,0,0
bc2207,20220218,20220218,133945000,13:39:45,63700,19,76,6036950,0,0,0
bc2207,20220218,20220218,133945500,13:39:46,63700,19,76,6036950,0,0,0
bc2207,20220218,20220218,133946000,13:39:46,63700,19,76,6036950,0,0,0
bc2207,20220218,20220218,133946500,13:39:47,63700,19,76,6036950,0,0,0
bc2207,20220218,20220218,133947000,13:39:47,63700,19,76,6036950,0,0,0
bc2207,20220218,20220218,133947500,13:39:47,63700,19,76,6036950,0,0,0
bc2207,20220218,20220218,133948000,13:39:48,63700,19,76,6036950,0,0,0
bc2207,20220218,20220218,133949000,13:39:49,63700,19,76,6036950,0,0,0
bc2207,20220218,20220218,133949500,13:39:50,63700,19,76,6036950,0,0,0
bc2207,20220218,20220218,133950000,13:39:50,63700,19,76,6036950,0,0,0
bc2207,20220218,20220218,133950500,13:39:50,63700,19,76,6036950,0,0,0
bc2207,20220218,20220218,133951000,13:39:51,63700,19,76,6036950,0,0,0
bc2207,20220218,20220218,133956000,13:39:56,63700,19,76,6036950,0,0,0
bc2207,20220218,20220218,133956500,13:39:57,63700,19,76,6036950,0,0,0
bc2207,20220218,20220218,133957000,13:39:57,63700,19,76,6036950,0,0,0
bc2207,20220218,20220218,133957500,13:40:05,63700,19,76,6036950,0,0,0
bc2207,20220218,20220218,134003000,13:40:13,63700,19,76,6036950,0,0,0
bc2207,20220218,20220218,134014500,13:40:15,63700,19,76,6036950,0,0,0
bc2207,20220218,20220218,134018500,13:40:19,63700,19,76,6036950,0,0,0
bc2207,20220218,20220218,134020000,13:40:20,63700,19,76,6036950,0,0,0
bc2207,20220218,20220218,134021500,13:40:22,63700,19,76,6036950,0,0,0
bc2207,20220218,20220218,134022000,13:40:22,63700,19,76,6036950,0,0,0
bc2207,20220218,20220218,134022500,13:40:22,63700,19,76,6036950,0,0,0
bc2207,20220218,20220218,134023000,13:40:23,63700,19,76,6036950,0,0,0
bc2207,20220218,20220218,134023500,13:40:23,63700,19,76,6036950,0,0,0
bc2207,20220218,20220218,134024000,13:40:24,63700,19,76,6036950,0,0,0
bc2207,20220218,20220218,134024500,13:40:25,63700,19,76,6036950,0,0,0
bc2207,20220218,20220218,134025000,13:40:25,63700,19,76,6036950,0,0,0
bc2207,20220218,20220218,134025500,13:40:26,63700,19,76,6036950,0,0,0
bc2207,20220218,20220218,134026000,13:40:26,63700,19,76,6036950,0,0,0
bc2207,20220218,20220218,134026500,13:40:27,63700,19,76,6036950,0,0,0
bc2207,20220218,20220218,134027000,13:40:27,63700,19,76,6036950,0,0,0
bc2207,20220218,20220218,134029000,13:40:30,63700,19,76,6036950,0,0,0
bc2207,20220218,20220218,134031500,13:40:31,63700,19,76,6036950,0,0,0
bc2207,20220218,20220218,134032000,13:40:32,63700,19,76,6036950,0,0,0
bc2207,20220218,20220218,134033500,13:40:34,63700,19,76,6036950,0,0,0
bc2207,20220218,20220218,134035000,13:40:35,63700,19,76,6036950,0,0,0
bc2207,20220218,20220218,134036500,13:40:36,63700,19,76,6036950,0,0,0
bc2207,20220218,20220218,134037000,13:40:37,63700,19,76,6036950,0,0,0
bc2207,20220218,20220218,134037500,13:40:37,63700,19,76,6036950,0,0,0
bc2207,20220218,20220218,134038000,13:40:38,63700,19,76,6036950,0,0,0
bc2207,20220218,20220218,134038500,13:40:38,63700,19,76,6036950,0,0,0
bc2207,20220218,20220218,134039500,13:40:40,63700,19,76,6036950,0,0,0
bc2207,20220218,20220218,134041500,13:40:42,63700,19,76,6036950,0,0,0
bc2207,20220218,20220218,134042000,13:40:42,63700,19,76,6036950,0,0,0
bc2207,20220218,20220218,134042500,13:40:42,63700,19,76,6036950,0,0,0
bc2207,20220218,20220218,134043000,13:40:43,63700,19,76,6036950,0,0,0
bc2207,20220218,20220218,134045500,13:40:45,63700,19,76,6036950,0,0,0
bc2207,20220218,20220218,134047000,13:40:47,63700,19,76,6036950,0,0,0
bc2207,20220218,20220218,134048500,13:40:48,63700,19,76,6036950,0,0,0
bc2207,20220218,20220218,134051000,13:40:51,63700,19,76,6036950,0,0,0
bc2207,20220218,20220218,134054000,13:40:55,63700,19,76,6036950,0,0,0
bc2207,20220218,20220218,134056000,13:40:58,63700,19,76,6036950,0,0,0
bc2207,20220218,20220218,134057500,13:40:58,63700,19,76,6036950,0,0,0
bc2207,20220218,20220218,134059000,13:40:59,63700,19,76,6036950,0,0,0
bc2207,20220218,20220218,134105000,13:41:06,63700,19,76,6036950,0,0,0
bc2207,20220218,20220218,134106500,13:41:07,63700,19,76,6036950,0,0,0
bc2207,20220218,20220218,134107000,13:41:07,63700,19,76,6036950,0,0,0
bc2207,20220218,20220218,134107500,13:41:09,63700,19,76,6036950,0,0,0
bc2207,20220218,20220218,134108000,13:41:09,63700,19,76,6036950,0,0,0
bc2207,20220218,20220218,134108500,13:41:10,63700,19,76,6036950,0,0,0
bc2207,20220218,20220218,134109000,13:41:10,63700,19,76,6036950,0,0,0
bc2207,20220218,20220218,134109500,13:41:10,63700,19,76,6036950,0,0,0
bc2207,20220218,20220218,134111000,13:41:11,63700,19,76,6036950,0,0,0
bc2207,20220218,20220218,134112500,13:41:12,63700,19,76,6036950,0,0,0
bc2207,20220218,20220218,134114000,13:41:14,63700,19,76,6036950,0,0,0
bc2207,20220218,20220218,134116000,13:41:16,63700,19,76,6036950,0,0,0
bc2207,20220218,20220218,134117000,13:41:17,63700,19,76,6036950,0,0,0
bc2207,20220218,20220218,134117500,13:41:18,63700,19,76,6036950,0,0,0
bc2207,20220218,20220218,134118000,13:41:19,63700,19,76,6036950,0,0,0
bc2207,20220218,20220218,134118500,13:41:19,63700,19,76,6036950,0,0,0
bc2207,20220218,20220218,134119000,13:41:19,63700,19,76,6036950,0,0,0
bc2207,20220218,20220218,134119500,13:41:19,63700,19,76,6036950,0,0,0
bc2207,20220218,20220218,134120000,13:41:20,63700,19,76,6036950,0,0,0
bc2207,20220218,20220218,134120500,13:41:23,63700,19,76,6036950,0,0,0
bc2207,20220218,20220218,134121500,13:41:23,63700,19,76,6036950,0,0,0
bc2207,20220218,20220218,134122000,13:41:24,63700,19,76,6036950,0,0,0
bc2207,20220218,20220218,134123000,13:41:24,63700,19,76,6036950,0,0,0
bc2207,20220218,20220218,134124500,13:41:26,63700,19,76,6036950,0,0,0
bc2207,20220218,20220218,134125000,13:41:26,63700,19,76,6036950,0,0,0
bc2207,20220218,20220218,134126000,13:41:27,63700,19,76,6036950,0,0,0
bc2207,20220218,20220218,134126500,13:41:27,63700,19,76,6036950,0,0,0
bc2207,20220218,20220218,134127000,13:41:27,63700,19,76,6036950,0,0,0
bc2207,20220218,20220218,134127500,13:41:27,63700,19,76,6036950,0,0,0
bc2207,20220218,20220218,134132000,13:41:32,63700,19,76,6036950,0,0,0
bc2207,20220218,20220218,134134000,13:41:34,63700,19,76,6036950,0,0,0
bc2207,20220218,20220218,134134500,13:41:34,63700,19,76,6036950,0,0,0
bc2207,20220218,20220218,134135000,13:41:35,63700,19,76,6036950,0,0,0
bc2207,20220218,20220218,134135500,13:41:35,63700,19,76,6036950,0,0,0
bc2207,20220218,20220218,134136000,13:41:39,63700,19,76,6036950,0,0,0
bc2207,20220218,20220218,134139000,13:41:42,63700,19,76,6036950,0,0,0
bc2207,20220218,20220218,134140500,13:41:42,63700,19,76,6036950,0,0,0
bc2207,20220218,20220218,134141000,13:41:42,63700,19,76,6036950,0,0,0
bc2207,20220218,20220218,134142500,13:41:42,63700,19,76,6036950,0,0,0
bc2207,20220218,20220218,134144000,13:41:44,63700,19,76,6036950,0,0,0
bc2207,20220218,20220218,134144500,13:41:44,63700,19,76,6036950,0,0,0
bc2207,20220218,20220218,134145000,13:41:45,63700,19,76,6036950,0,0,0
bc2207,20220218,20220218,134145500,13:41:45,63700,19,76,6036950,0,0,0
bc2207,20220218,20220218,134147500,13:41:48,63700,19,76,6036950,0,0,0
bc2207,20220218,20220218,134151500,13:41:52,63700,19,76,6036950,0,0,0
bc2207,20220218,20220218,134152500,13:41:52,63700,19,76,6036950,0,0,0
bc2207,20220218,20220218,134158500,13:42:10,63700,19,76,6036950,0,0,0
bc2207,20220218,20220218,134205500,13:42:12,63700,19,76,6036950,0,0,0
bc2207,20220218,20220218,134213500,13:42:13,63700,19,76,6036950,0,0,0
bc2207,20220218,20220218,134214000,13:42:14,63700,19,76,6036950,0,0,0
bc2207,20220218,20220218,134214500,13:42:15,63700,19,76,6036950,0,0,0
bc2207,20220218,20220218,134215000,13:42:15,63700,19,76,6036950,0,0,0
bc2207,20220218,20220218,134215500,13:42:16,63700,19,76,6036950,0,0,0
bc2207,20220218,20220218,134218000,13:42:20,63700,19,76,6036950,0,0,0
bc2207,20220218,20220218,134218500,13:42:20,63700,19,76,6036950,0,0,0
bc2207,20220218,20220218,134219500,13:42:20,63700,19,76,6036950,0,0,0
bc2207,20220218,20220218,134220000,13:42:20,63700,19,76,6036950,0,0,0
bc2207,20220218,20220218,134220500,13:42:21,63700,19,76,6036950,0,0,0
bc2207,20220218,20220218,134221000,13:42:21,63700,19,76,6036950,0,0,0
bc2207,20220218,20220218,134222000,13:42:22,63700,19,76,6036950,0,0,0
bc2207,20220218,20220218,134222500,13:42:22,63700,19,76,6036950,0,0,0
bc2207,20220218,20220218,134224000,13:42:24,63700,19,76,6036950,0,0,0
bc2207,20220218,20220218,134224500,13:42:25,63700,19,76,6036950,0,0,0
bc2207,20220218,20220218,134225500,13:42:25,63700,19,76,6036950,0,0,0
bc2207,20220218,20220218,134226000,13:42:26,63700,19,76,6036950,0,0,0
bc2207,20220218,20220218,134235000,13:42:35,63700,19,76,6036950,0,0,0
bc2207,20220218,20220218,134244000,13:42:44,63700,19,76,6036950,0,0,0
bc2207,20220218,20220218,134246500,13:42:46,63700,19,76,6036950,0,0,0
bc2207,20220218,20220218,134255500,13:42:55,63700,19,76,6036950,0,0,0
bc2207,20220218,20220218,134256000,13:42:56,63700,19,76,6036950,0,0,0
bc2207,20220218,20220218,134256500,13:42:57,63700,19,76,6036950,0,0,0
bc2207,20220218,20220218,134257000,13:42:59,63700,19,76,6036950,0,0,0
bc2207,20220218,20220218,134259500,13:43:01,63700,19,76,6036950,0,0,0
bc2207,20220218,20220218,134301500,13:43:02,63700,19,76,6036950,0,0,0
bc2207,20220218,20220218,134309500,13:43:12,63700,19,76,6036950,0,0,0
bc2207,20220218,20220218,134311000,13:43:13,63700,19,76,6036950,0,0,0
bc2207,20220218,20220218,134311500,13:43:14,63700,19,76,6036950,0,0,0
bc2207,20220218,20220218,134313000,13:43:14,63700,19,76,6036950,0,0,0
bc2207,20220218,20220218,134313500,13:43:14,63700,19,76,6036950,0,0,0
bc2207,20220218,20220218,134314500,13:43:14,63700,19,76,6036950,0,0,0
bc2207,20220218,20220218,134325000,13:43:25,63700,19,76,6036950,0,0,0
bc2207,20220218,20220218,134326500,13:43:26,63700,19,76,6036950,0,0,0
bc2207,20220218,20220218,134327000,13:43:27,63700,19,76,6036950,0,0,0
bc2207,20220218,20220218,134327500,13:43:27,63700,19,76,6036950,0,0,0
bc2207,20220218,20220218,134328000,13:43:29,63700,19,76,6036950,0,0,0
bc2207,20220218,20220218,134332500,13:43:32,63700,19,76,6036950,0,0,0
bc2207,20220218,20220218,134335000,13:43:35,63700,19,76,6036950,0,0,0
bc2207,20220218,20220218,134337500,13:43:37,63700,19,76,6036950,0,0,0
bc2207,20220218,20220218,134353500,13:44:04,63700,19,76,6036950,0,0,0
bc2207,20220218,20220218,134356500,13:44:04,63700,19,76,6036950,0,0,0
bc2207,20220218,20220218,134403000,13:44:04,63700,19,76,6036950,0,0,0
bc2207,20220218,20220218,134406500,13:44:06,63700,19,76,6036950,0,0,0
bc2207,20220218,20220218,134409000,13:44:09,63700,19,76,6036950,0,0,0
bc2207,20220218,20220218,134416500,13:44:17,63700,19,76,6036950,0,0,0
bc2207,20220218,20220218,134420500,13:44:23,63700,19,76,6036950,0,0,0
bc2207,20220218,20220218,134421000,13:44:23,63700,19,76,6036950,0,0,0
bc2207,20220218,20220218,134422500,13:44:23,63700,19,76,6036950,0,0,0
bc2207,20220218,20220218,134423500,13:44:23,63700,19,76,6036950,0,0,0
bc2207,20220218,20220218,134425000,13:44:25,63700,19,76,6036950,0,0,0
bc2207,20220218,20220218,134425500,13:44:25,63700,19,76,6036950,0,0,0
bc2207,20220218,20220218,134426000,13:44:26,63700,19,76,6036950,0,0,0
bc2207,20220218,20220218,134426500,13:44:26,63700,19,76,6036950,0,0,0
bc2207,20220218,20220218,134427000,13:44:27,63700,19,76,6036950,0,0,0
bc2207,20220218,20220218,134427500,13:44:27,63700,19,76,6036950,0,0,0
bc2207,20220218,20220218,134430000,13:44:37,63700,19,76,6036950,0,0,0
bc2207,20220218,20220218,134438500,13:44:38,63700,19,76,6036950,0,0,0
bc2207,20220218,20220218,134439000,13:44:39,63700,19,76,6036950,0,0,0
bc2207,20220218,20220218,134442000,13:44:42,63700,19,76,6036950,0,0,0
bc2207,20220218,20220218,134445500,13:44:45,63700,19,76,6036950,0,0,0
bc2207,20220218,20220218,134449500,13:44:50,63700,19,76,6036950,0,0,0
bc2207,20220218,20220218,134451000,13:44:51,63700,19,76,6036950,0,0,0
bc2207,20220218,20220218,134454500,13:44:54,63700,19,76,6036950,0,0,0
bc2207,20220218,20220218,134455000,13:44:55,63700,19,76,6036950,0,0,0
bc2207,20220218,20220218,134456500,13:44:56,63700,19,76,6036950,0,0,0
bc2207,20220218,20220218,134500500,13:45:01,63700,19,76,6036950,0,0,0
bc2207,20220218,20220218,134502500,13:45:02,63700,19,76,6036950,0,0,0
bc2207,20220218,20220218,134505000,13:45:09,63700,19,76,6036950,0,0,0
bc2207,20220218,20220218,134509000,13:45:10,63700,19,76,6036950,0,0,0
bc2207,20220218,20220218,134512500,13:45:13,63700,19,76,6036950,0,0,0
bc2207,20220218,20220218,134513500,13:45:14,63700,19,76,6036950,0,0,0
bc2207,20220218,20220218,134514000,13:45:15,63700,19,76,6036950,0,0,0
bc2207,20220218,20220218,134518000,13:45:21,63700,19,76,6036950,0,0,0
bc2207,20220218,20220218,134519000,13:45:23,63700,19,76,6036950,0,0,0
bc2207,20220218,20220218,134521500,13:45:24,63700,19,76,6036950,0,0,0
bc2207,20220218,20220218,134525000,13:45:26,63700,19,76,6036950,0,0,0
bc2207,20220218,20220218,134525500,13:45:27,63700,19,76,6036950,0,0,0
bc2207,20220218,20220218,134526000,13:45:27,63700,19,76,6036950,0,0,0
bc2207,20220218,20220218,134526500,13:45:28,63700,19,76,6036950,0,0,0
bc2207,20220218,20220218,134527000,13:45:30,63700,19,76,6036950,0,0,0
bc2207,20220218,20220218,134530500,13:45:30,63700,19,76,6036950,0,0,0
bc2207,20220218,20220218,134534500,13:45:35,63700,19,76,6036950,0,0,0
bc2207,20220218,20220218,134535000,13:45:35,63700,19,76,6036950,0,0,0
bc2207,20220218,20220218,134537500,13:45:38,63700,19,76,6036950,0,0,0
bc2207,20220218,20220218,134538000,13:45:38,63700,19,76,6036950,0,0,0
bc2207,20220218,20220218,134543500,13:45:46,63700,19,76,6036950,0,0,0
bc2207,20220218,20220218,134547500,13:45:47,63700,19,76,6036950,0,0,0
bc2207,20220218,20220218,134553000,13:45:54,63700,19,76,6036950,0,0,0
bc2207,20220218,20220218,134556000,13:45:58,63700,19,76,6036950,0,0,0
bc2207,20220218,20220218,134559000,13:46:01,63700,19,76,6036950,0,0,0
bc2207,20220218,20220218,134603000,13:46:04,63700,19,76,6036950,0,0,0
bc2207,20220218,20220218,134604500,13:46:05,63700,19,76,6036950,0,0,0
bc2207,20220218,20220218,134610500,13:46:11,63700,19,76,6036950,0,0,0
bc2207,20220218,20220218,134612000,13:46:12,63700,19,76,6036950,0,0,0
bc2207,20220218,20220218,134612500,13:46:13,63700,19,76,6036950,0,0,0
bc2207,20220218,20220218,134613500,13:46:14,63700,19,76,6036950,0,0,0
bc2207,20220218,20220218,134615000,13:46:15,63700,19,76,6036950,0,0,0
bc2207,20220218,20220218,134616500,13:46:18,63700,19,76,6036950,0,0,0
bc2207,20220218,20220218,134618000,13:46:18,63700,19,76,6036950,0,0,0
bc2207,20220218,20220218,134619500,13:46:19,63700,19,76,6036950,0,0,0
bc2207,20220218,20220218,134630000,13:46:31,63700,19,76,6036950,0,0,0
bc2207,20220218,20220218,134630500,13:46:31,63700,19,76,6036950,0,0,0
bc2207,20220218,20220218,134632500,13:46:32,63700,19,76,6036950,0,0,0
bc2207,20220218,20220218,134637000,13:46:37,63700,19,76,6036950,0,0,0
bc2207,20220218,20220218,134648000,13:46:48,63700,19,76,6036950,0,0,0
bc2207,20220218,20220218,134650500,13:46:51,63700,19,76,6036950,0,0,0
bc2207,20220218,20220218,134652000,13:46:52,63700,19,76,6036950,0,0,0
bc2207,20220218,20220218,134653500,13:46:54,63700,19,76,6036950,0,0,0
bc2207,20220218,20220218,134654000,13:46:55,63700,19,76,6036950,0,0,0
bc2207,20220218,20220218,134655500,13:46:55,63700,19,76,6036950,0,0,0
bc2207,20220218,20220218,134658000,13:46:58,63700,19,76,6036950,0,0,0
bc2207,20220218,20220218,134700500,13:47:00,63700,19,76,6036950,0,0,0
bc2207,20220218,20220218,134702000,13:47:02,63700,19,76,6036950,0,0,0
bc2207,20220218,20220218,134703000,13:47:03,63700,19,76,6036950,0,0,0
bc2207,20220218,20220218,134706000,13:47:09,63700,19,76,6036950,0,0,0
bc2207,20220218,20220218,134706500,13:47:10,63700,19,76,6036950,0,0,0
bc2207,20220218,20220218,134708000,13:47:11,63700,19,76,6036950,0,0,0
bc2207,20220218,20220218,134717500,13:47:19,63700,19,76,6036950,0,0,0
bc2207,20220218,20220218,134720000,13:47:20,63700,19,76,6036950,0,0,0
bc2207,20220218,20220218,134720500,13:47:20,63700,19,76,6036950,0,0,0
bc2207,20220218,20220218,134721000,13:47:21,63700,19,76,6036950,0,0,0
bc2207,20220218,20220218,134721500,13:47:22,63700,19,76,6036950,0,0,0
bc2207,20220218,20220218,134722000,13:47:23,63700,19,76,6036950,0,0,0
bc2207,20220218,20220218,134722500,13:47:26,63700,19,76,6036950,0,0,0
bc2207,20220218,20220218,134723500,13:47:26,63700,19,76,6036950,0,0,0
bc2207,20220218,20220218,134725000,13:47:27,63700,19,76,6036950,0,0,0
bc2207,20220218,20220218,134730500,13:47:30,63700,19,76,6036950,0,0,0
bc2207,20220218,20220218,134732500,13:47:33,63700,19,76,6036950,0,0,0
bc2207,20220218,20220218,134733000,13:47:34,63700,19,76,6036950,0,0,0
bc2207,20220218,20220218,134733500,13:47:34,63700,19,76,6036950,0,0,0
bc2207,20220218,20220218,134734000,13:47:34,63700,19,76,6036950,0,0,0
bc2207,20220218,20220218,134734500,13:47:36,63700,19,76,6036950,0,0,0
bc2207,20220218,20220218,134738000,13:47:38,63700,19,76,6036950,0,0,0
bc2207,20220218,20220218,134739000,13:47:39,63700,19,76,6036950,0,0,0
bc2207,20220218,20220218,134739500,13:47:40,63700,19,76,6036950,0,0,0
bc2207,20220218,20220218,134747500,13:47:47,63700,19,76,6036950,0,0,0
bc2207,20220218,20220218,134809000,13:48:09,63700,19,76,6036950,0,0,0
bc2207,20220218,20220218,134817000,13:48:17,63700,19,76,6036950,0,0,0
bc2207,20220218,20220218,134818000,13:48:19,63700,19,76,6036950,0,0,0
bc2207,20220218,20220218,134818500,13:48:19,63700,19,76,6036950,0,0,0
bc2207,20220218,20220218,134820500,13:48:22,63700,19,76,6036950,0,0,0
bc2207,20220218,20220218,134821000,13:48:22,63700,19,76,6036950,0,0,0
bc2207,20220218,20220218,134829500,13:48:30,63700,19,76,6036950,0,0,0
bc2207,20220218,20220218,134830000,13:48:30,63700,19,76,6036950,0,0,0
bc2207,20220218,20220218,134837000,13:48:37,63700,19,76,6036950,0,0,0
bc2207,20220218,20220218,134840000,13:48:40,63700,19,76,6036950,0,0,0
bc2207,20220218,20220218,134841500,13:48:41,63700,19,76,6036950,0,0,0
bc2207,20220218,20220218,134846000,13:48:46,63700,19,76,6036950,0,0,0
bc2207,20220218,20220218,134853500,13:48:54,63700,19,76,6036950,0,0,0
bc2207,20220218,20220218,134904500,13:49:04,63700,19,76,6036950,0,0,0
bc2207,20220218,20220218,134906000,13:49:06,63700,19,76,6036950,0,0,0
bc2207,20220218,20220218,134909000,13:49:09,63700,19,76,6036950,0,0,0
bc2207,20220218,20220218,134909500,13:49:10,63700,19,76,6036950,0,0,0
bc2207,20220218,20220218,134910000,13:49:10,63700,19,76,6036950,0,0,0
bc2207,20220218,20220218,134910500,13:49:10,63700,19,76,6036950,0,0,0
bc2207,20220218,20220218,134913500,13:49:13,63700,19,76,6036950,0,0,0
bc2207,20220218,20220218,134916000,13:49:16,63700,19,76,6036950,0,0,0
bc2207,20220218,20220218,134923500,13:49:24,63700,19,76,6036950,0,0,0
bc2207,20220218,20220218,134924000,13:49:24,63700,19,76,6036950,0,0,0
bc2207,20220218,20220218,134926000,13:49:26,63700,19,76,6036950,0,0,0
bc2207,20220218,20220218,134932500,13:49:32,63700,19,76,6036950,0,0,0
bc2207,20220218,20220218,134934000,13:49:34,63700,19,76,6036950,0,0,0
bc2207,20220218,20220218,134935500,13:49:36,63700,19,76,6036950,0,0,0
bc2207,20220218,20220218,134941500,13:49:41,63700,19,76,6036950,0,0,0
bc2207,20220218,20220218,134942000,13:49:42,63700,19,76,6036950,0,0,0
bc2207,20220218,20220218,134946000,13:49:46,63700,19,76,6036950,0,0,0
bc2207,20220218,20220218,134946500,13:49:46,63700,19,76,6036950,0,0,0
bc2207,20220218,20220218,134948500,13:49:48,63700,19,76,6036950,0,0,0
bc2207,20220218,20220218,134950000,13:49:50,63700,19,76,6036950,0,0,0
bc2207,20220218,20220218,134951500,13:49:51,63700,19,76,6036950,0,0,0
bc2207,20220218,20220218,134954500,13:49:55,63700,19,76,6036950,0,0,0
bc2207,20220218,20220218,134956000,13:49:56,63700,19,76,6036950,0,0,0
bc2207,20220218,20220218,134957500,13:49:57,63700,19,76,6036950,0,0,0
bc2207,20220218,20220218,135000000,13:50:00,63700,19,76,6036950,0,0,0
bc2207,20220218,20220218,135004000,13:50:04,63700,19,76,6036950,0,0,0
bc2207,20220218,20220218,135004500,13:50:04,63700,19,76,6036950,0,0,0
bc2207,20220218,20220218,135005500,13:50:06,63700,19,76,6036950,0,0,0
bc2207,20220218,20220218,135006000,13:50:06,63700,19,76,6036950,0,0,0
bc2207,20220218,20220218,135006500,13:50:07,63700,19,76,6036950,0,0,0
bc2207,20220218,20220218,135007000,13:50:07,63700,19,76,6036950,0,0,0
bc2207,20220218,20220218,135007500,13:50:08,63700,19,76,6036950,0,0,0
bc2207,20220218,20220218,135008000,13:50:09,63700,19,76,6036950,0,0,0
bc2207,20220218,20220218,135008500,13:50:25,63700,19,76,6036950,0,0,0
bc2207,20220218,20220218,135009000,13:50:26,63700,19,76,6036950,0,0,0
bc2207,20220218,20220218,135023000,13:50:27,63700,19,76,6036950,0,0,0
bc2207,20220218,20220218,135026500,13:50:30,63700,19,76,6036950,0,0,0
bc2207,20220218,20220218,135035000,13:50:37,63700,19,76,6036950,0,0,0
bc2207,20220218,20220218,135035500,13:50:37,63700,19,76,6036950,0,0,0
bc2207,20220218,20220218,135037000,13:50:38,63700,19,76,6036950,0,0,0
bc2207,20220218,20220218,135038500,13:50:39,63700,19,76,6036950,0,0,0
bc2207,20220218,20220218,135040500,13:50:40,63700,19,76,6036950,0,0,0
bc2207,20220218,20220218,135041000,13:50:41,63700,19,76,6036950,0,0,0
bc2207,20220218,20220218,135042000,13:50:42,63700,19,76,6036950,0,0,0
bc2207,20220218,20220218,135043000,13:50:43,63700,19,76,6036950,0,0,0
bc2207,20220218,20220218,135043500,13:50:43,63700,19,76,6036950,0,0,0
bc2207,20220218,20220218,135044000,13:50:45,63700,19,76,6036950,0,0,0
bc2207,20220218,20220218,135045500,13:50:45,63700,19,76,6036950,0,0,0
bc2207,20220218,20220218,135049000,13:50:49,63700,19,76,6036950,0,0,0
bc2207,20220218,20220218,135050500,13:50:51,63700,19,76,6036950,0,0,0
bc2207,20220218,20220218,135051000,13:50:51,63700,19,76,6036950,0,0,0
bc2207,20220218,20220218,135051500,13:50:51,63700,19,76,6036950,0,0,0
bc2207,20220218,20220218,135052000,13:50:52,63700,19,76,6036950,0,0,0
bc2207,20220218,20220218,135052500,13:50:53,63700,19,76,6036950,0,0,0
bc2207,20220218,20220218,135056000,13:50:56,63700,19,76,6036950,0,0,0
bc2207,20220218,20220218,135056500,13:50:57,63700,19,76,6036950,0,0,0
bc2207,20220218,20220218,135057000,13:50:57,63700,19,76,6036950,0,0,0
bc2207,20220218,20220218,135057500,13:50:58,63700,19,76,6036950,0,0,0
bc2207,20220218,20220218,135100500,13:51:01,63700,19,76,6036950,0,0,0
bc2207,20220218,20220218,135101000,13:51:01,63700,19,76,6036950,0,0,0
bc2207,20220218,20220218,135101500,13:51:01,63700,19,76,6036950,0,0,0
bc2207,20220218,20220218,135103500,13:51:03,63700,19,76,6036950,0,0,0
bc2207,20220218,20220218,135106000,13:51:06,63700,19,76,6036950,0,0,0
bc2207,20220218,20220218,135107500,13:51:20,63700,19,76,6036950,0,0,0
bc2207,20220218,20220218,135108000,13:51:21,63700,19,76,6036950,0,0,0
bc2207,20220218,20220218,135118000,13:51:21,63700,19,76,6036950,0,0,0
bc2207,20220218,20220218,135124500,13:51:24,63700,19,76,6036950,0,0,0
bc2207,20220218,20220218,135125500,13:51:26,63700,19,76,6036950,0,0,0
bc2207,20220218,20220218,135127000,13:51:27,63700,19,76,6036950,0,0,0
bc2207,20220218,20220218,135129000,13:51:29,63700,19,76,6036950,0,0,0
bc2207,20220218,20220218,135130500,13:51:30,63700,19,76,6036950,0,0,0
bc2207,20220218,20220218,135131000,13:51:31,63700,19,76,6036950,0,0,0
bc2207,20220218,20220218,135132000,13:51:32,63700,19,76,6036950,0,0,0
bc2207,20220218,20220218,135132500,13:51:32,63700,19,76,6036950,0,0,0
bc2207,20220218,20220218,135133500,13:51:33,63700,19,76,6036950,0,0,0
bc2207,20220218,20220218,135136500,13:51:36,63700,19,76,6036950,0,0,0
bc2207,20220218,20220218,135144500,13:51:44,63700,19,76,6036950,0,0,0
bc2207,20220218,20220218,135152500,13:51:52,63700,19,76,6036950,0,0,0
bc2207,20220218,20220218,135154000,13:51:54,63700,19,76,6036950,0,0,0
bc2207,20220218,20220218,135201000,13:52:01,63700,19,76,6036950,0,0,0
bc2207,20220218,20220218,135201500,13:52:01,63700,19,76,6036950,0,0,0
bc2207,20220218,20220218,135202000,13:52:03,63700,19,76,6036950,0,0,0
bc2207,20220218,20220218,135202500,13:52:03,63700,19,76,6036950,0,0,0
bc2207,20220218,20220218,135203000,13:52:03,63700,19,76,6036950,0,0,0
bc2207,20220218,20220218,135203500,13:52:04,63700,19,76,6036950,0,0,0
bc2207,20220218,20220218,135205500,13:52:06,63700,19,76,6036950,0,0,0
bc2207,20220218,20220218,135206000,13:52:06,63700,19,76,6036950,0,0,0
bc2207,20220218,20220218,135206500,13:52:08,63700,19,76,6036950,0,0,0
bc2207,20220218,20220218,135207000,13:52:09,63700,19,76,6036950,0,0,0
bc2207,20220218,20220218,135208000,13:52:10,63700,19,76,6036950,0,0,0
bc2207,20220218,20220218,135208500,13:52:10,63700,19,76,6036950,0,0,0
bc2207,20220218,20220218,135210000,13:52:11,63700,19,76,6036950,0,0,0
bc2207,20220218,20220218,135211500,13:52:12,63700,19,76,6036950,0,0,0
bc2207,20220218,20220218,135214500,13:52:14,63700,19,76,6036950,0,0,0
bc2207,20220218,20220218,135216500,13:52:17,63700,19,76,6036950,0,0,0
bc2207,20220218,20220218,135218000,13:52:19,63700,19,76,6036950,0,0,0
bc2207,20220218,20220218,135218500,13:52:19,63700,19,76,6036950,0,0,0
bc2207,20220218,20220218,135222000,13:52:24,63700,19,76,6036950,0,0,0
bc2207,20220218,20220218,135230000,13:52:31,63700,19,76,6036950,0,0,0
bc2207,20220218,20220218,135232000,13:52:32,63700,19,76,6036950,0,0,0
bc2207,20220218,20220218,135240500,13:52:45,63700,19,76,6036950,0,0,0
bc2207,20220218,20220218,135244500,13:52:46,63700,19,76,6036950,0,0,0
bc2207,20220218,20220218,135248000,13:52:48,63700,19,76,6036950,0,0,0
bc2207,20220218,20220218,135248500,13:52:49,63700,19,76,6036950,0,0,0
bc2207,20220218,20220218,135249000,13:52:49,63700,19,76,6036950,0,0,0
bc2207,20220218,20220218,135249500,13:52:50,63700,19,76,6036950,0,0,0
bc2207,20220218,20220218,135250000,13:52:50,63700,19,76,6036950,0,0,0
bc2207,20220218,20220218,135250500,13:52:51,63700,19,76,6036950,0,0,0
bc2207,20220218,20220218,135251000,13:52:51,63700,19,76,6036950,0,0,0
bc2207,20220218,20220218,135254000,13:52:54,63700,19,76,6036950,0,0,0
bc2207,20220218,20220218,135255500,13:52:55,63700,19,76,6036950,0,0,0
bc2207,20220218,20220218,135257500,13:52:57,63700,19,76,6036950,0,0,0
bc2207,20220218,20220218,135259500,13:53:00,63700,19,76,6036950,0,0,0
bc2207,20220218,20220218,135301000,13:53:01,63700,19,76,6036950,0,0,0
bc2207,20220218,20220218,135302000,13:53:02,63700,19,76,6036950,0,0,0
bc2207,20220218,20220218,135302500,13:53:03,63700,19,76,6036950,0,0,0
bc2207,20220218,20220218,135304000,13:53:05,63700,19,76,6036950,0,0,0
bc2207,20220218,20220218,135304500,13:53:06,63700,19,76,6036950,0,0,0
bc2207,20220218,20220218,135305000,13:53:06,63700,19,76,6036950,0,0,0
bc2207,20220218,20220218,135305500,13:53:08,63700,19,76,6036950,0,0,0
bc2207,20220218,20220218,135306000,13:53:08,63700,19,76,6036950,0,0,0
bc2207,20220218,20220218,135306500,13:53:09,63700,19,76,6036950,0,0,0
bc2207,20220218,20220218,135307000,13:53:09,63700,19,76,6036950,0,0,0
bc2207,20220218,20220218,135310500,13:53:10,63700,19,76,6036950,0,0,0
bc2207,20220218,20220218,135312500,13:53:13,63700,19,76,6036950,0,0,0
bc2207,20220218,20220218,135314000,13:53:14,63700,19,76,6036950,0,0,0
bc2207,20220218,20220218,135314500,13:53:15,63700,19,76,6036950,0,0,0
bc2207,20220218,20220218,135315000,13:53:15,63700,19,76,6036950,0,0,0
bc2207,20220218,20220218,135315500,13:53:15,63700,19,76,6036950,0,0,0
bc2207,20220218,20220218,135316000,13:53:16,63700,19,76,6036950,0,0,0
bc2207,20220218,20220218,135316500,13:53:17,63700,19,76,6036950,0,0,0
bc2207,20220218,20220218,135317500,13:53:20,63700,19,76,6036950,0,0,0
bc2207,20220218,20220218,135319500,13:53:20,63700,19,76,6036950,0,0,0
bc2207,20220218,20220218,135320000,13:53:20,63700,19,76,6036950,0,0,0
bc2207,20220218,20220218,135320500,13:53:20,63700,19,76,6036950,0,0,0
bc2207,20220218,20220218,135321500,13:53:21,63700,19,76,6036950,0,0,0
bc2207,20220218,20220218,135322000,13:53:22,63700,19,76,6036950,0,0,0
bc2207,20220218,20220218,135322500,13:53:23,63700,19,76,6036950,0,0,0
bc2207,20220218,20220218,135323000,13:53:23,63700,19,76,6036950,0,0,0
bc2207,20220218,20220218,135323500,13:53:23,63700,19,76,6036950,0,0,0
bc2207,20220218,20220218,135325500,13:53:26,63700,19,76,6036950,0,0,0
bc2207,20220218,20220218,135326000,13:53:26,63700,19,76,6036950,0,0,0
bc2207,20220218,20220218,135326500,13:53:26,63700,19,76,6036950,0,0,0
bc2207,20220218,20220218,135327000,13:53:27,63700,19,76,6036950,0,0,0
bc2207,20220218,20220218,135327500,13:53:28,63700,19,76,6036950,0,0,0
bc2207,20220218,20220218,135328000,13:53:28,63700,19,76,6036950,0,0,0
bc2207,20220218,20220218,135328500,13:53:29,63700,19,76,6036950,0,0,0
bc2207,20220218,20220218,135329000,13:53:29,63700,19,76,6036950,0,0,0
bc2207,20220218,20220218,135329500,13:53:29,63700,19,76,6036950,0,0,0
bc2207,20220218,20220218,135330000,13:53:30,63700,19,76,6036950,0,0,0
bc2207,20220218,20220218,135330500,13:53:31,63700,19,76,6036950,0,0,0
bc2207,20220218,20220218,135332000,13:53:32,63700,19,76,6036950,0,0,0
bc2207,20220218,20220218,135333500,13:53:33,63700,19,76,6036950,0,0,0
bc2207,20220218,20220218,135335000,13:53:35,63700,19,76,6036950,0,0,0
bc2207,20220218,20220218,135335500,13:53:36,63700,19,76,6036950,0,0,0
bc2207,20220218,20220218,135336500,13:53:44,63700,19,76,6036950,0,0,0
bc2207,20220218,20220218,135337000,13:53:44,63700,19,76,6036950,0,0,0
bc2207,20220218,20220218,135337500,13:53:45,63700,19,76,6036950,0,0,0
bc2207,20220218,20220218,135344000,13:53:45,63700,19,76,6036950,0,0,0
bc2207,20220218,20220218,135344500,13:53:45,63700,19,76,6036950,0,0,0
bc2207,20220218,20220218,135345500,13:53:46,63700,19,76,6036950,0,0,0
bc2207,20220218,20220218,135346500,13:53:47,63700,19,76,6036950,0,0,0
bc2207,20220218,20220218,135347000,13:53:47,63700,19,76,6036950,0,0,0
bc2207,20220218,20220218,135348500,13:53:48,63700,19,76,6036950,0,0,0
bc2207,20220218,20220218,135351000,13:53:52,63700,19,76,6036950,0,0,0
bc2207,20220218,20220218,135353000,13:53:53,63700,19,76,6036950,0,0,0
bc2207,20220218,20220218,135355000,13:53:55,63700,19,76,6036950,0,0,0
bc2207,20220218,20220218,135358500,13:53:59,63700,19,76,6036950,0,0,0
bc2207,20220218,20220218,135400000,13:54:08,63700,19,76,6036950,0,0,0
bc2207,20220218,20220218,135400500,13:54:08,63700,19,76,6036950,0,0,0
bc2207,20220218,20220218,135407500,13:54:09,63700,19,76,6036950,0,0,0
bc2207,20220218,20220218,135409000,13:54:09,63700,19,76,6036950,0,0,0
bc2207,20220218,20220218,135410500,13:54:10,63700,19,76,6036950,0,0,0
bc2207,20220218,20220218,135412500,13:54:13,63700,19,76,6036950,0,0,0
bc2207,20220218,20220218,135414000,13:54:14,63700,19,76,6036950,0,0,0
bc2207,20220218,20220218,135415000,13:54:15,63700,19,76,6036950,0,0,0
bc2207,20220218,20220218,135416500,13:54:16,63700,19,76,6036950,0,0,0
bc2207,20220218,20220218,135417000,13:54:17,63700,19,76,6036950,0,0,0
bc2207,20220218,20220218,135419000,13:54:19,63700,19,76,6036950,0,0,0
bc2207,20220218,20220218,135420000,13:54:20,63700,19,76,6036950,0,0,0
bc2207,20220218,20220218,135420500,13:54:21,63700,19,76,6036950,0,0,0
bc2207,20220218,20220218,135421000,13:54:21,63700,19,76,6036950,0,0,0
bc2207,20220218,20220218,135421500,13:54:21,63700,19,76,6036950,0,0,0
bc2207,20220218,20220218,135422000,13:54:22,63700,19,76,6036950,0,0,0
bc2207,20220218,20220218,135422500,13:54:22,63700,19,76,6036950,0,0,0
bc2207,20220218,20220218,135423000,13:54:23,63700,19,76,6036950,0,0,0
bc2207,20220218,20220218,135423500,13:54:23,63700,19,76,6036950,0,0,0
bc2207,20220218,20220218,135424000,13:54:24,63700,19,76,6036950,0,0,0
bc2207,20220218,20220218,135424500,13:54:24,63700,19,76,6036950,0,0,0
bc2207,20220218,20220218,135425000,13:54:25,63700,19,76,6036950,0,0,0
bc2207,20220218,20220218,135425500,13:54:26,63700,19,76,6036950,0,0,0
bc2207,20220218,20220218,135426500,13:54:27,63700,19,76,6036950,0,0,0
bc2207,20220218,20220218,135427000,13:54:28,63700,19,76,6036950,0,0,0
bc2207,20220218,20220218,135427500,13:54:28,63700,19,76,6036950,0,0,0
bc2207,20220218,20220218,135428000,13:54:30,63700,19,76,6036950,0,0,0
bc2207,20220218,20220218,135429000,13:54:30,63700,19,76,6036950,0,0,0
bc2207,20220218,20220218,135429500,13:54:31,63700,19,76,6036950,0,0,0
bc2207,20220218,20220218,135430000,13:54:31,63700,19,76,6036950,0,0,0
bc2207,20220218,20220218,135430500,13:54:31,63700,19,76,6036950,0,0,0
bc2207,20220218,20220218,135431000,13:54:32,63700,19,76,6036950,0,0,0
bc2207,20220218,20220218,135431500,13:54:32,63700,19,76,6036950,0,0,0
bc2207,20220218,20220218,135432000,13:54:32,63700,19,76,6036950,0,0,0
bc2207,20220218,20220218,135432500,13:54:33,63700,19,76,6036950,0,0,0
bc2207,20220218,20220218,135433000,13:54:33,63700,19,76,6036950,0,0,0
bc2207,20220218,20220218,135437000,13:54:37,63700,19,76,6036950,0,0,0
bc2207,20220218,20220218,135437500,13:54:37,63700,19,76,6036950,0,0,0
bc2207,20220218,20220218,135438500,13:54:38,63700,19,76,6036950,0,0,0
bc2207,20220218,20220218,135442500,13:54:43,63700,19,76,6036950,0,0,0
bc2207,20220218,20220218,135444000,13:54:44,63700,19,76,6036950,0,0,0
bc2207,20220218,20220218,135452000,13:54:52,63700,19,76,6036950,0,0,0
bc2207,20220218,20220218,135453500,13:54:54,63700,19,76,6036950,0,0,0
bc2207,20220218,20220218,135455000,13:54:55,63700,19,76,6036950,0,0,0
bc2207,20220218,20220218,135501500,13:55:02,63700,19,76,6036950,0,0,0
bc2207,20220218,20220218,135503500,13:55:03,63700,19,76,6036950,0,0,0
bc2207,20220218,20220218,135505000,13:55:05,63700,19,76,6036950,0,0,0
bc2207,20220218,20220218,135507500,13:55:11,63700,19,76,6036950,0,0,0
bc2207,20220218,20220218,135508000,13:55:12,63700,19,76,6036950,0,0,0
bc2207,20220218,20220218,135508500,13:55:12,63700,19,76,6036950,0,0,0
bc2207,20220218,20220218,135511500,13:55:12,63700,19,76,6036950,0,0,0
bc2207,20220218,20220218,135512000,13:55:12,63700,19,76,6036950,0,0,0
bc2207,20220218,20220218,135512500,13:55:13,63700,19,76,6036950,0,0,0
bc2207,20220218,20220218,135514500,13:55:15,63700,19,76,6036950,0,0,0
bc2207,20220218,20220218,135523500,13:55:25,63700,19,76,6036950,0,0,0
bc2207,20220218,20220218,135533000,13:55:33,63700,19,76,6036950,0,0,0
bc2207,20220218,20220218,135533500,13:55:33,63700,19,76,6036950,0,0,0
bc2207,20220218,20220218,135535500,13:55:36,63700,19,76,6036950,0,0,0
bc2207,20220218,20220218,135538000,13:55:38,63700,19,76,6036950,0,0,0
bc2207,20220218,20220218,135538500,13:55:39,63700,19,76,6036950,0,0,0
bc2207,20220218,20220218,135539000,13:55:39,63700,19,76,6036950,0,0,0
bc2207,20220218,20220218,135540500,13:55:41,63700,19,76,6036950,0,0,0
bc2207,20220218,20220218,135541500,13:55:41,63700,19,76,6036950,0,0,0
bc2207,20220218,20220218,135542000,13:55:42,63700,19,76,6036950,0,0,0
bc2207,20220218,20220218,135546000,13:55:46,63700,19,76,6036950,0,0,0
bc2207,20220218,20220218,135546500,13:55:47,63700,19,76,6036950,0,0,0
bc2207,20220218,20220218,135547500,13:55:47,63700,19,76,6036950,0,0,0
bc2207,20220218,20220218,135555000,13:55:55,63700,19,76,6036950,0,0,0
bc2207,20220218,20220218,135557500,13:55:58,63700,19,76,6036950,0,0,0
bc2207,20220218,20220218,135558000,13:55:58,63700,19,76,6036950,0,0,0
bc2207,20220218,20220218,135559000,13:55:59,63700,19,76,6036950,0,0,0
bc2207,20220218,20220218,135603000,13:56:19,63700,19,76,6036950,0,0,0
bc2207,20220218,20220218,135618000,13:56:23,63700,19,76,6036950,0,0,0
bc2207,20220218,20220218,135619500,13:56:24,63700,19,76,6036950,0,0,0
bc2207,20220218,20220218,135627500,13:56:34,63700,19,76,6036950,0,0,0
bc2207,20220218,20220218,135630500,13:56:35,63700,19,76,6036950,0,0,0
bc2207,20220218,20220218,135635000,13:56:35,63700,19,76,6036950,0,0,0
bc2207,20220218,20220218,135635500,13:56:35,63700,19,76,6036950,0,0,0
bc2207,20220218,20220218,135636000,13:56:36,63700,19,76,6036950,0,0,0
bc2207,20220218,20220218,135636500,13:56:38,63700,19,76,6036950,0,0,0
bc2207,20220218,20220218,135637000,13:56:39,63700,19,76,6036950,0,0,0
bc2207,20220218,20220218,135637500,13:56:39,63700,19,76,6036950,0,0,0
bc2207,20220218,20220218,135641500,13:56:42,63700,19,76,6036950,0,0,0
bc2207,20220218,20220218,135645000,13:56:47,63700,19,76,6036950,0,0,0
bc2207,20220218,20220218,135645500,13:56:47,63700,19,76,6036950,0,0,0
bc2207,20220218,20220218,135646500,13:56:47,63700,19,76,6036950,0,0,0
bc2207,20220218,20220218,135647000,13:56:48,63700,19,76,6036950,0,0,0
bc2207,20220218,20220218,135649000,13:56:50,63700,19,76,6036950,0,0,0
bc2207,20220218,20220218,135650500,13:56:51,63700,19,76,6036950,0,0,0
bc2207,20220218,20220218,135658500,13:56:59,63700,19,76,6036950,0,0,0
bc2207,20220218,20220218,135659000,13:56:59,63700,19,76,6036950,0,0,0
bc2207,20220218,20220218,135701500,13:57:02,63700,19,76,6036950,0,0,0
bc2207,20220218,20220218,135702000,13:57:02,63700,19,76,6036950,0,0,0
bc2207,20220218,20220218,135705000,13:57:05,63700,19,76,6036950,0,0,0
