AP203,20220218,20220218,112003000,11:20:05,8899,307,2161,27218620,307,-52,27218620
AP203,20220218,20220218,112007500,11:20:10,8899,307,2161,27218620,0,0,0
AP203,20220218,20220218,112008500,11:20:10,8899,307,2161,27218620,0,0,0
AP203,20220218,20220218,112010000,11:20:10,8899,307,2161,27218620,0,0,0
AP203,20220218,20220218,112011500,11:20:12,8899,307,2161,27218620,0,0,0
AP203,20220218,20220218,112012500,11:20:12,8899,307,2161,27218620,0,0,0
AP203,20220218,20220218,112015000,11:20:15,8899,307,2161,27218620,0,0,0
AP203,20220218,20220218,112015500,11:20:16,8899,307,2161,27218620,0,0,0
AP203,20220218,20220218,112016500,11:20:16,8899,307,2161,27218620,0,0,0
AP203,20220218,20220218,112018500,11:20:18,8899,307,2161,27218620,0,0,0
AP203,20220218,20220218,112019000,11:20:19,8899,307,2161,27218620,0,0,0
AP203,20220218,20220218,112019500,11:20:20,8899,307,2161,27218620,0,0,0
AP203,20220218,20220218,112020000,11:20:20,8899,307,2161,27218620,0,0,0
AP203,20220218,20220218,112020500,11:20:20,8899,307,2161,27218620,0,0,0
AP203,20220218,20220218,112022000,11:20:22,8899,307,2161,27218620,0,0,0
AP203,20220218,20220218,112022500,11:20:23,8899,307,2161,27218620,0,0,0
AP203,20220218,20220218,112028500,11:20:28,8899,307,2161,27218620,0,0,0
AP203,20220218,20220218,112031500,11:20:32,8899,307,2161,27218620,0,0,0
AP203,20220218,20220218,112034000,11:20:34,8899,307,2161,27218620,0,0,0
AP203,20220218,20220218,112035500,11:20:35,8899,307,2161,27218620,0,0,0
AP203,20220218,20220218,112037500,11:20:38,8899,307,2161,27218620,0,0,0
AP203,20220218,20220218,112038000,11:20:38,8899,307,2161,27218620,0,0,0
AP203,20220218,20220218,112039000,11:20:39,8899,307,2161,27218620,0,0,0
AP203,20220218,20220218,112040500,11:20:41,8899,307,2161,27218620,0,0,0
AP203,20220218,20220218,112042000,11:20:42,8899,307,2161,27218620,0,0,0
AP203,20220218,20220218,112042500,11:20:42,8899,307,2161,27218620,0,0,0
AP203,20220218,20220218,112043500,11:20:44,8899,307,2161,27218620,0,0,0
AP203,20220218,20220218,112044000,11:20:44,8899,307,2161,27218620,0,0,0
AP203,20220218,20220218,112050500,11:20:50,8899,307,2161,27218620,0,0,0
AP203,20220218,20220218,112052500,11:20:53,8899,307,2161,27218620,0,0,0
AP203,20220218,20220218,112053000,11:20:53,8899,307,2161,27218620,0,0,0
AP203,20220218,20220218,112053500,11:20:53,8899,307,2161,27218620,0,0,0
AP203,20220218,20220218,112100000,11:21:00,8899,307,2161,27218620,0,0,0
AP203,20220218,20220218,112102500,11:21:03,8899,307,2161,27218620,0,0,0
AP203,20220218,20220218,112103000,11:21:03,8899,307,2161,27218620,0,0,0
AP203,20220218,20220218,112104000,11:21:04,8899,307,2161,27218620,0,0,0
AP203,20220218,20220218,112104500,11:21:05,8899,307,2161,27218620,0,0,0
AP203,20220218,20220218,112119500,11:21:19,8899,307,2161,27218620,0,0,0
AP203,20220218,20220218,112122000,11:21:22,8891,308,2160,27307280,1,-1,88660
AP203,20220218,20220218,112122500,11:21:22,8891,309,2159,27395940,1,-1,88660
AP203,20220218,20220218,112123500,11:21:23,8892,311,2157,27573260,2,-2,177320
AP203,20220218,20220218,112125000,11:21:29,8898,312,2156,27661920,1,-1,88660
AP203,20220218,20220218,112125500,11:23:32,8898,313,2155,27753710,1,-1,91790
AP203,20220218,20220218,112126500,11:23:33,8899,315,2153,27931050,2,-2,177340
AP203,20220218,20220218,112332500,11:23:33,8899,315,2153,27931050,0,0,0
AP203,20220218,20220218,112333500,11:23:33,8899,315,2153,27931050,0,0,0
AP203,20220218,20220218,112334000,11:23:34,8899,315,2153,27931050,0,0,0
AP203,20220218,20220218,112335500,11:23:35,8899,315,2153,27931050,0,0,0
AP203,20220218,20220218,112337000,11:23:38,8899,315,2153,27931050,0,0,0
AP203,20220218,20220218,112338000,11:23:38,8899,315,2153,27931050,0,0,0
AP203,20220218,20220218,112338500,11:23:38,8899,315,2153,27931050,0,0,0
AP203,20220218,20220218,112340500,11:23:40,8899,315,2153,27931050,0,0,0
AP203,20220218,20220218,112341500,11:23:41,8899,315,2153,27931050,0,0,0
AP203,20220218,20220218,112343500,11:23:43,8899,315,2153,27931050,0,0,0
AP203,20220218,20220218,112346500,11:23:48,8899,315,2153,27931050,0,0,0
AP203,20220218,20220218,112350000,11:23:50,8899,315,2153,27931050,0,0,0
AP203,20220218,20220218,112351000,11:23:51,8899,315,2153,27931050,0,0,0
AP203,20220218,20220218,112351500,11:23:51,8899,315,2153,27931050,0,0,0
AP203,20220218,20220218,112353500,11:23:53,8899,315,2153,27931050,0,0,0
AP203,20220218,20220218,112354000,11:23:54,8899,315,2153,27931050,0,0,0
AP203,20220218,20220218,112355000,11:23:55,8899,315,2153,27931050,0,0,0
AP203,20220218,20220218,112356000,11:23:56,8899,315,2153,27931050,0,0,0
AP203,20220218,20220218,112358000,11:23:58,8899,315,2153,27931050,0,0,0
AP203,20220218,20220218,112358500,11:23:58,8899,315,2153,27931050,0,0,0
AP203,20220218,20220218,112359000,11:23:59,8899,315,2153,27931050,0,0,0
AP203,20220218,20220218,112359500,11:23:59,8899,315,2153,27931050,0,0,0
AP203,20220218,20220218,112401500,11:24:01,8899,315,2153,27931050,0,0,0
AP203,20220218,20220218,112402000,11:24:02,8899,315,2153,27931050,0,0,0
AP203,20220218,20220218,112403000,11:24:03,8899,315,2153,27931050,0,0,0
AP203,20220218,20220218,112405000,11:24:05,8899,315,2153,27931050,0,0,0
AP203,20220218,20220218,112407000,11:24:07,8899,315,2153,27931050,0,0,0
AP203,20220218,20220218,112411500,11:24:12,8899,315,2153,27931050,0,0,0
AP203,20220218,20220218,112412500,11:24:13,8899,315,2153,27931050,0,0,0
AP203,20220218,20220218,112413000,11:24:13,8899,315,2153,27931050,0,0,0
AP203,20220218,20220218,112417000,11:24:17,8899,315,2153,27931050,0,0,0
AP203,20220218,20220218,112419000,11:24:19,8899,315,2153,27931050,0,0,0
AP203,20220218,20220218,112420000,11:24:20,8899,315,2153,27931050,0,0,0
AP203,20220218,20220218,112422000,11:24:22,8899,315,2153,27931050,0,0,0
AP203,20220218,20220218,112423000,11:24:23,8899,315,2153,27931050,0,0,0
AP203,20220218,20220218,112425000,11:24:25,8899,315,2153,27931050,0,0,0
AP203,20220218,20220218,112426000,11:24:26,8899,315,2153,27931050,0,0,0
AP203,20220218,20220218,112436000,11:24:36,8899,315,2153,27931050,0,0,0
AP203,20220218,20220218,112436500,11:24:36,8899,315,2153,27931050,0,0,0
AP203,20220218,20220218,112438000,11:24:39,8899,315,2153,27931050,0,0,0
AP203,20220218,20220218,112439000,11:24:40,8899,315,2153,27931050,0,0,0
AP203,20220218,20220218,112440000,11:24:40,8899,315,2153,27931050,0,0,0
AP203,20220218,20220218,112441500,11:24:41,8899,315,2153,27931050,0,0,0
AP203,20220218,20220218,112442000,11:24:42,8899,315,2153,27931050,0,0,0
AP203,20220218,20220218,112443500,11:24:43,8899,315,2153,27931050,0,0,0
AP203,20220218,20220218,112444000,11:24:44,8899,315,2153,27931050,0,0,0
AP203,20220218,20220218,112445000,11:24:45,8899,315,2153,27931050,0,0,0
AP203,20220218,20220218,112446500,11:24:46,8899,315,2153,27931050,0,0,0
AP203,20220218,20220218,112447000,11:24:47,8899,315,2153,27931050,0,0,0
AP203,20220218,20220218,112448500,11:24:48,8899,315,2153,27931050,0,0,0
AP203,20220218,20220218,112449000,11:24:49,8899,315,2153,27931050,0,0,0
AP203,20220218,20220218,112449500,11:24:49,8899,315,2153,27931050,0,0,0
AP203,20220218,20220218,112450500,11:24:50,8899,315,2153,27931050,0,0,0
AP203,20220218,20220218,112451000,11:24:51,8899,315,2153,27931050,0,0,0
AP203,20220218,20220218,112452000,11:24:52,8899,315,2153,27931050,0,0,0
AP203,20220218,20220218,112455000,11:24:55,8899,315,2153,27931050,0,0,0
AP203,20220218,20220218,112455500,11:24:56,8899,315,2153,27931050,0,0,0
AP203,20220218,20220218,112456000,11:24:56,8899,315,2153,27931050,0,0,0
AP203,20220218,20220218,112456500,11:24:56,8899,315,2153,27931050,0,0,0
AP203,20220218,20220218,112459000,11:24:59,8899,315,2153,27931050,0,0,0
AP203,20220218,20220218,112500000,11:25:00,8899,315,2153,27931050,0,0,0
AP203,20220218,20220218,112500500,11:25:01,8899,315,2153,27931050,0,0,0
AP203,20220218,20220218,112502500,11:25:06,8899,315,2153,27931050,0,0,0
AP203,20220218,20220218,112503000,11:25:06,8899,315,2153,27931050,0,0,0
AP203,20220218,20220218,112504000,11:25:06,8899,315,2153,27931050,0,0,0
AP203,20220218,20220218,112506000,11:25:07,8899,315,2153,27931050,0,0,0
AP203,20220218,20220218,112506500,11:25:07,8899,315,2153,27931050,0,0,0
AP203,20220218,20220218,112507000,11:25:07,8899,315,2153,27931050,0,0,0
AP203,20220218,20220218,112507500,11:25:07,8899,315,2153,27931050,0,0,0
AP203,20220218,20220218,112508000,11:25:08,8899,315,2153,27931050,0,0,0
AP203,20220218,20220218,112508500,11:25:08,8899,315,2153,27931050,0,0,0
AP203,20220218,20220218,112509000,11:25:09,8899,315,2153,27931050,0,0,0
AP203,20220218,20220218,112509500,11:25:09,8899,315,2153,27931050,0,0,0
AP203,20220218,20220218,112510000,11:25:10,8899,315,2153,27931050,0,0,0
AP203,20220218,20220218,112510500,11:25:10,8899,315,2153,27931050,0,0,0
AP203,20220218,20220218,112512500,11:25:12,8899,315,2153,27931050,0,0,0
AP203,20220218,20220218,112513000,11:25:13,8899,315,2153,27931050,0,0,0
AP203,20220218,20220218,112513500,11:25:15,8899,315,2153,27931050,0,0,0
AP203,20220218,20220218,112514000,11:25:15,8899,315,2153,27931050,0,0,0
AP203,20220218,20220218,112515000,11:25:16,8899,315,2153,27931050,0,0,0
AP203,20220218,20220218,112515500,11:25:16,8899,315,2153,27931050,0,0,0
AP203,20220218,20220218,112516500,11:25:16,8899,315,2153,27931050,0,0,0
AP203,20220218,20220218,112517000,11:25:17,8899,315,2153,27931050,0,0,0
AP203,20220218,20220218,112517500,11:25:18,8899,315,2153,27931050,0,0,0
AP203,20220218,20220218,112518000,11:25:18,8899,315,2153,27931050,0,0,0
AP203,20220218,20220218,112518500,11:25:19,8899,315,2153,27931050,0,0,0
AP203,20220218,20220218,112519000,11:25:19,8899,315,2153,27931050,0,0,0
AP203,20220218,20220218,112519500,11:25:19,8899,315,2153,27931050,0,0,0
AP203,20220218,20220218,112521000,11:25:21,8899,315,2153,27931050,0,0,0
AP203,20220218,20220218,112523000,11:25:23,8899,315,2153,27931050,0,0,0
AP203,20220218,20220218,112524000,11:25:25,8899,315,2153,27931050,0,0,0
AP203,20220218,20220218,112526000,11:25:26,8899,315,2153,27931050,0,0,0
AP203,20220218,20220218,112527000,11:25:27,8899,315,2153,27931050,0,0,0
AP203,20220218,20220218,112528000,11:25:28,8899,315,2153,27931050,0,0,0
AP203,20220218,20220218,112533000,11:25:33,8899,315,2153,27931050,0,0,0
AP203,20220218,20220218,112538000,11:25:38,8899,315,2153,27931050,0,0,0
AP203,20220218,20220218,112539000,11:25:39,8899,315,2153,27931050,0,0,0
AP203,20220218,20220218,112539500,11:25:39,8899,315,2153,27931050,0,0,0
AP203,20220218,20220218,112540000,11:25:40,8899,315,2153,27931050,0,0,0
AP203,20220218,20220218,112542500,11:25:42,8899,315,2153,27931050,0,0,0
AP203,20220218,20220218,112543000,11:25:43,8899,315,2153,27931050,0,0,0
AP203,20220218,20220218,112546000,11:25:47,8899,315,2153,27931050,0,0,0
AP203,20220218,20220218,112548500,11:25:48,8899,315,2153,27931050,0,0,0
AP203,20220218,20220218,112550500,11:25:50,8899,315,2153,27931050,0,0,0
AP203,20220218,20220218,112552500,11:25:52,8899,315,2153,27931050,0,0,0
AP203,20220218,20220218,112553000,11:25:53,8899,315,2153,27931050,0,0,0
AP203,20220218,20220218,112554000,11:25:54,8899,315,2153,27931050,0,0,0
AP203,20220218,20220218,112554500,11:25:54,8899,315,2153,27931050,0,0,0
AP203,20220218,20220218,112557000,11:25:57,8899,315,2153,27931050,0,0,0
AP203,20220218,20220218,112558000,11:25:59,8899,315,2153,27931050,0,0,0
AP203,20220218,20220218,112559500,11:26:00,8899,315,2153,27931050,0,0,0
AP203,20220218,20220218,112600000,11:26:00,8899,315,2153,27931050,0,0,0
AP203,20220218,20220218,112600500,11:26:00,8899,315,2153,27931050,0,0,0
AP203,20220218,20220218,112601500,11:26:01,8899,315,2153,27931050,0,0,0
AP203,20220218,20220218,112602000,11:26:03,8899,315,2153,27931050,0,0,0
AP203,20220218,20220218,112604000,11:26:04,8899,315,2153,27931050,0,0,0
AP203,20220218,20220218,112605000,11:26:05,8899,315,2153,27931050,0,0,0
AP203,20220218,20220218,112605500,11:26:05,8899,315,2153,27931050,0,0,0
AP203,20220218,20220218,112606500,11:26:06,8899,315,2153,27931050,0,0,0
AP203,20220218,20220218,112608000,11:26:09,8899,315,2153,27931050,0,0,0
AP203,20220218,20220218,112609500,11:26:10,8899,315,2153,27931050,0,0,0
AP203,20220218,20220218,112611000,11:26:11,8899,315,2153,27931050,0,0,0
AP203,20220218,20220218,112611500,11:26:11,8899,315,2153,27931050,0,0,0
AP203,20220218,20220218,112612000,11:26:13,8899,315,2153,27931050,0,0,0
AP203,20220218,20220218,112612500,11:26:14,8899,315,2153,27931050,0,0,0
AP203,20220218,20220218,112613000,11:26:15,8899,315,2153,27931050,0,0,0
AP203,20220218,20220218,112613500,11:26:15,8899,315,2153,27931050,0,0,0
AP203,20220218,20220218,112614500,11:26:15,8899,315,2153,27931050,0,0,0
AP203,20220218,20220218,112615000,11:26:16,8899,315,2153,27931050,0,0,0
AP203,20220218,20220218,112615500,11:26:16,8899,315,2153,27931050,0,0,0
AP203,20220218,20220218,112616500,11:26:16,8899,315,2153,27931050,0,0,0
AP203,20220218,20220218,112617500,11:26:17,8899,315,2153,27931050,0,0,0
AP203,20220218,20220218,112618000,11:26:18,8899,315,2153,27931050,0,0,0
AP203,20220218,20220218,112618500,11:26:18,8899,315,2153,27931050,0,0,0
AP203,20220218,20220218,112619000,11:26:19,8899,315,2153,27931050,0,0,0
AP203,20220218,20220218,112620000,11:26:20,8899,315,2153,27931050,0,0,0
AP203,20220218,20220218,112621000,11:26:21,8899,315,2153,27931050,0,0,0
AP203,20220218,20220218,112621500,11:26:21,8899,315,2153,27931050,0,0,0
AP203,20220218,20220218,112622000,11:26:22,8899,315,2153,27931050,0,0,0
AP203,20220218,20220218,112627000,11:26:27,8899,315,2153,27931050,0,0,0
AP203,20220218,20220218,112634000,11:26:34,8899,315,2153,27931050,0,0,0
AP203,20220218,20220218,112635000,11:26:37,8899,315,2153,27931050,0,0,0
AP203,20220218,20220218,112637500,11:26:54,8899,315,2153,27931050,0,0,0
AP203,20220218,20220218,112650000,11:27:10,8899,315,2153,27931050,0,0,0
AP203,20220218,20220218,112709500,11:27:12,8899,315,2153,27931050,0,0,0
AP203,20220218,20220218,112712000,11:27:12,8899,315,2153,27931050,0,0,0
AP203,20220218,20220218,112712500,11:27:13,8899,315,2153,27931050,0,0,0
AP203,20220218,20220218,112714500,11:27:15,8899,315,2153,27931050,0,0,0
AP203,20220218,20220218,112716500,11:27:17,8899,315,2153,27931050,0,0,0
AP203,20220218,20220218,112717500,11:27:17,8899,315,2153,27931050,0,0,0
AP203,20220218,20220218,112718000,11:27:18,8899,315,2153,27931050,0,0,0
AP203,20220218,20220218,112718500,11:27:19,8899,315,2153,27931050,0,0,0
AP203,20220218,20220218,112721500,11:27:22,8899,315,2153,27931050,0,0,0
AP203,20220218,20220218,112722000,11:27:22,8899,315,2153,27931050,0,0,0
AP203,20220218,20220218,112726500,11:27:27,8899,315,2153,27931050,0,0,0
AP203,20220218,20220218,112728000,11:27:28,8899,315,2153,27931050,0,0,0
AP203,20220218,20220218,112730500,11:27:30,8899,315,2153,27931050,0,0,0
AP203,20220218,20220218,112731000,11:27:32,8899,315,2153,27931050,0,0,0
AP203,20220218,20220218,112731500,11:27:35,8899,315,2153,27931050,0,0,0
AP203,20220218,20220218,112739500,11:27:39,8899,315,2153,27931050,0,0,0
AP203,20220218,20220218,112740000,11:27:40,8899,315,2153,27931050,0,0,0
AP203,20220218,20220218,112740500,11:27:40,8899,315,2153,27931050,0,0,0
AP203,20220218,20220218,112742000,11:27:42,8899,315,2153,27931050,0,0,0
AP203,20220218,20220218,112742500,11:27:43,8899,315,2153,27931050,0,0,0
AP203,20220218,20220218,112743000,11:27:43,8899,315,2153,27931050,0,0,0
AP203,20220218,20220218,112743500,11:27:43,8899,315,2153,27931050,0,0,0
AP203,20220218,20220218,112744500,11:27:45,8899,315,2153,27931050,0,0,0
AP203,20220218,20220218,112745000,11:27:45,8899,315,2153,27931050,0,0,0
AP203,20220218,20220218,112746000,11:27:46,8899,315,2153,27931050,0,0,0
AP203,20220218,20220218,112746500,11:27:46,8899,315,2153,27931050,0,0,0
AP203,20220218,20220218,112747000,11:27:47,8899,315,2153,27931050,0,0,0
AP203,20220218,20220218,112748500,11:27:54,8899,315,2153,27931050,0,0,0
AP203,20220218,20220218,112749000,11:27:54,8899,315,2153,27931050,0,0,0
AP203,20220218,20220218,112754000,11:27:54,8899,315,2153,27931050,0,0,0
AP203,20220218,20220218,112757000,11:27:57,8899,315,2153,27931050,0,0,0
AP203,20220218,20220218,112758500,11:27:59,8899,315,2153,27931050,0,0,0
AP203,20220218,20220218,112759500,11:27:59,8899,315,2153,27931050,0,0,0
AP203,20220218,20220218,112800000,11:28:00,8899,315,2153,27931050,0,0,0
AP203,20220218,20220218,112804500,11:28:05,8899,315,2153,27931050,0,0,0
AP203,20220218,20220218,112806000,11:28:08,8899,315,2153,27931050,0,0,0
AP203,20220218,20220218,112806500,11:28:10,8899,315,2153,27931050,0,0,0
AP203,20220218,20220218,112810000,11:28:11,8899,315,2153,27931050,0,0,0
AP203,20220218,20220218,112815000,11:28:15,8899,315,2153,27931050,0,0,0
AP203,20220218,20220218,112817000,11:28:17,8899,315,2153,27931050,0,0,0
AP203,20220218,20220218,112820000,11:28:20,8899,315,2153,27931050,0,0,0
AP203,20220218,20220218,112821500,11:28:22,8899,315,2153,27931050,0,0,0
AP203,20220218,20220218,112825500,11:28:25,8899,315,2153,27931050,0,0,0
AP203,20220218,20220218,112826000,11:28:26,8899,315,2153,27931050,0,0,0
AP203,20220218,20220218,112826500,11:28:26,8899,315,2153,27931050,0,0,0
AP203,20220218,20220218,112829500,11:28:29,8899,315,2153,27931050,0,0,0
AP203,20220218,20220218,112835000,11:28:35,8899,315,2153,27931050,0,0,0
AP203,20220218,20220218,112838000,11:28:38,8899,315,2153,27931050,0,0,0
AP203,20220218,20220218,112838500,11:28:38,8899,315,2153,27931050,0,0,0
AP203,20220218,20220218,112843000,11:28:43,8899,315,2153,27931050,0,0,0
AP203,20220218,20220218,112843500,11:28:44,8899,315,2153,27931050,0,0,0
AP203,20220218,20220218,112844000,11:28:44,8899,315,2153,27931050,0,0,0
AP203,20220218,20220218,112844500,11:28:44,8899,315,2153,27931050,0,0,0
AP203,20220218,20220218,112847000,11:28:47,8899,315,2153,27931050,0,0,0
AP203,20220218,20220218,112848000,11:28:48,8899,315,2153,27931050,0,0,0
AP203,20220218,20220218,112849500,11:28:50,8899,315,2153,27931050,0,0,0
AP203,20220218,20220218,112851000,11:28:51,8899,315,2153,27931050,0,0,0
AP203,20220218,20220218,112851500,11:28:51,8899,315,2153,27931050,0,0,0
AP203,20220218,20220218,112852000,11:28:52,8899,315,2153,27931050,0,0,0
AP203,20220218,20220218,112853000,11:28:54,8899,315,2153,27931050,0,0,0
AP203,20220218,20220218,112856500,11:28:56,8899,315,2153,27931050,0,0,0
AP203,20220218,20220218,112857000,11:28:57,8899,315,2153,27931050,0,0,0
AP203,20220218,20220218,112858500,11:28:59,8899,315,2153,27931050,0,0,0
AP203,20220218,20220218,112900000,11:29:00,8899,315,2153,27931050,0,0,0
AP203,20220218,20220218,112900500,11:29:01,8850,327,2149,28995090,12,-4,1064040
AP203,20220218,20220218,112901500,11:29:01,8850,327,2149,28995090,0,0,0
AP203,20220218,20220218,112902000,11:29:02,8848,328,2150,29083760,1,1,88670
AP203,20220218,20220218,112903500,11:29:03,8841,329,2151,29172430,1,1,88670
AP203,20220218,20220218,112904500,11:29:04,8841,329,2151,29172430,0,0,0
AP203,20220218,20220218,112905000,11:29:05,8841,329,2151,29172430,0,0,0
AP203,20220218,20220218,112905500,11:29:05,8841,329,2151,29172430,0,0,0
AP203,20220218,20220218,112906000,11:29:06,8840,330,2151,29261100,1,0,88670
AP203,20220218,20220218,112908000,11:29:08,8840,330,2151,29261100,0,0,0
AP203,20220218,20220218,112908500,11:29:08,8840,330,2151,29261100,0,0,0
AP203,20220218,20220218,112909000,11:29:09,8840,330,2151,29261100,0,0,0
AP203,20220218,20220218,112909500,11:29:09,8840,330,2151,29261100,0,0,0
AP203,20220218,20220218,112910000,11:29:10,8842,331,2152,29349770,1,1,88670
AP203,20220218,20220218,112910500,11:29:10,8842,331,2152,29349770,0,0,0
AP203,20220218,20220218,112911500,11:29:12,8842,331,2152,29349770,0,0,0
AP203,20220218,20220218,112912500,11:29:12,8840,332,2152,29438440,1,0,88670
AP203,20220218,20220218,112913000,11:29:13,8840,332,2152,29438440,0,0,0
AP203,20220218,20220218,112915500,11:29:16,8840,333,2152,29527110,1,0,88670
AP203,20220218,20220218,112918000,11:29:21,8840,333,2152,29527110,0,0,0
AP203,20220218,20220218,112918500,11:29:21,8840,333,2152,29527110,0,0,0
AP203,20220218,20220218,112919500,11:29:21,8840,333,2152,29527110,0,0,0
AP203,20220218,20220218,112921000,11:29:22,8840,333,2152,29527110,0,0,0
AP203,20220218,20220218,112922000,11:29:24,8840,333,2152,29527110,0,0,0
AP203,20220218,20220218,112922500,11:29:24,8840,333,2152,29527110,0,0,0
AP203,20220218,20220218,112923000,11:29:24,8840,333,2152,29527110,0,0,0
AP203,20220218,20220218,112923500,11:29:24,8840,333,2152,29527110,0,0,0
AP203,20220218,20220218,112924500,11:29:24,8840,333,2152,29527110,0,0,0
AP203,20220218,20220218,112925000,11:29:25,8840,333,2152,29527110,0,0,0
AP203,20220218,20220218,112925500,11:29:25,8840,333,2152,29527110,0,0,0
AP203,20220218,20220218,112927000,11:29:27,8840,333,2152,29527110,0,0,0
AP203,20220218,20220218,112927500,11:29:27,8840,333,2152,29527110,0,0,0
AP203,20220218,20220218,112929000,11:29:29,8840,333,2152,29527110,0,0,0
AP203,20220218,20220218,112929500,11:29:29,8840,333,2152,29527110,0,0,0
AP203,20220218,20220218,112931000,11:29:32,8840,333,2152,29527110,0,0,0
AP203,20220218,20220218,112931500,11:29:32,8840,333,2152,29527110,0,0,0
AP203,20220218,20220218,112936500,11:29:38,8840,333,2152,29527110,0,0,0
AP203,20220218,20220218,112937000,11:29:38,8840,333,2152,29527110,0,0,0
AP203,20220218,20220218,112940000,11:29:40,8840,333,2152,29527110,0,0,0
AP203,20220218,20220218,112946000,11:29:46,8840,333,2152,29527110,0,0,0
AP203,20220218,20220218,112946500,11:29:47,8840,333,2152,29527110,0,0,0
AP203,20220218,20220218,112948000,11:29:48,8840,333,2152,29527110,0,0,0
AP203,20220218,20220218,112948500,11:29:49,8840,333,2152,29527110,0,0,0
AP203,20220218,20220218,112949500,11:29:50,8840,333,2152,29527110,0,0,0
AP203,20220218,20220218,112951000,11:29:52,8840,333,2152,29527110,0,0,0
AP203,20220218,20220218,112953500,11:29:54,8840,334,2153,29615780,1,1,88670
AP203,20220218,20220218,112955000,11:29:55,8840,334,2153,29615780,0,0,0
AP203,20220218,20220218,112955500,11:29:55,8840,334,2153,29615780,0,0,0
AP203,20220218,20220218,112956000,11:29:56,8840,334,2153,29615780,0,0,0
AP203,20220218,20220218,112956500,11:30:00,8840,334,2153,29615780,0,0,0
AP203,20220218,20220218,112957500,11:30:02,8840,334,2153,29615780,0,0,0
AP203,20220218,20220218,133001000,13:30:01,8840,334,2153,29615780,0,0,0
AP203,20220218,20220218,133001500,13:30:01,8840,334,2153,29615780,0,0,0
AP203,20220218,20220218,133002000,13:30:08,8840,334,2153,29615780,0,0,0
AP203,20220218,20220218,133002500,13:30:08,8840,334,2153,29615780,0,0,0
AP203,20220218,20220218,133008500,13:30:10,8840,334,2153,29615780,0,0,0
AP203,20220218,20220218,133011000,13:30:12,8840,334,2153,29615780,0,0,0
AP203,20220218,20220218,133011500,13:30:13,8858,335,2154,29704450,1,1,88670
AP203,20220218,20220218,133012500,13:30:13,8858,335,2154,29704450,0,0,0
AP203,20220218,20220218,133013000,13:30:13,8858,335,2154,29704450,0,0,0
AP203,20220218,20220218,133013500,13:30:14,8858,335,2154,29704450,0,0,0
AP203,20220218,20220218,133014000,13:30:15,8858,335,2154,29704450,0,0,0
AP203,20220218,20220218,133014500,13:30:16,8858,335,2154,29704450,0,0,0
AP203,20220218,20220218,133015000,13:30:17,8858,335,2154,29704450,0,0,0
AP203,20220218,20220218,133016500,13:30:18,8858,335,2154,29704450,0,0,0
AP203,20220218,20220218,133017500,13:30:18,8858,335,2154,29704450,0,0,0
AP203,20220218,20220218,133018000,13:30:19,8858,335,2154,29704450,0,0,0
AP203,20220218,20220218,133019000,13:30:20,8858,335,2154,29704450,0,0,0
AP203,20220218,20220218,133019500,13:30:20,8858,335,2154,29704450,0,0,0
AP203,20220218,20220218,133020000,13:30:21,8858,335,2154,29704450,0,0,0
AP203,20220218,20220218,133020500,13:30:21,8858,335,2154,29704450,0,0,0
AP203,20220218,20220218,133021000,13:30:21,8858,335,2154,29704450,0,0,0
AP203,20220218,20220218,133022000,13:30:22,8858,335,2154,29704450,0,0,0
AP203,20220218,20220218,133022500,13:30:38,8858,335,2154,29704450,0,0,0
AP203,20220218,20220218,133023000,13:30:38,8858,335,2154,29704450,0,0,0
AP203,20220218,20220218,133038000,13:30:40,8858,335,2154,29704450,0,0,0
AP203,20220218,20220218,133038500,13:30:41,8858,335,2154,29704450,0,0,0
AP203,20220218,20220218,133042500,13:30:44,8858,335,2154,29704450,0,0,0
AP203,20220218,20220218,133044000,13:30:45,8858,335,2154,29704450,0,0,0
AP203,20220218,20220218,133045000,13:30:46,8858,335,2154,29704450,0,0,0
AP203,20220218,20220218,133045500,13:30:47,8858,335,2154,29704450,0,0,0
AP203,20220218,20220218,133047000,13:30:47,8858,335,2154,29704450,0,0,0
AP203,20220218,20220218,133047500,13:30:48,8858,335,2154,29704450,0,0,0
AP203,20220218,20220218,133048500,13:30:49,8858,335,2154,29704450,0,0,0
AP203,20220218,20220218,133049000,13:30:50,8858,335,2154,29704450,0,0,0
AP203,20220218,20220218,133049500,13:30:50,8858,335,2154,29704450,0,0,0
AP203,20220218,20220218,133050000,13:30:50,8858,335,2154,29704450,0,0,0
AP203,20220218,20220218,133051000,13:30:52,8858,335,2154,29704450,0,0,0
AP203,20220218,20220218,133051500,13:30:52,8858,335,2154,29704450,0,0,0
AP203,20220218,20220218,133052000,13:30:52,8858,335,2154,29704450,0,0,0
AP203,20220218,20220218,133052500,13:30:53,8858,335,2154,29704450,0,0,0
AP203,20220218,20220218,133053000,13:30:54,8858,335,2154,29704450,0,0,0
AP203,20220218,20220218,133053500,13:30:54,8858,335,2154,29704450,0,0,0
AP203,20220218,20220218,133055500,13:30:56,8858,335,2154,29704450,0,0,0
AP203,20220218,20220218,133056500,13:30:57,8858,335,2154,29704450,0,0,0
AP203,20220218,20220218,133058500,13:30:59,8858,335,2154,29704450,0,0,0
AP203,20220218,20220218,133059500,13:30:59,8858,335,2154,29704450,0,0,0
AP203,20220218,20220218,133100000,13:31:00,8858,335,2154,29704450,0,0,0
AP203,20220218,20220218,133100500,13:31:00,8858,335,2154,29704450,0,0,0
AP203,20220218,20220218,133101000,13:31:01,8858,335,2154,29704450,0,0,0
AP203,20220218,20220218,133103000,13:31:03,8858,335,2154,29704450,0,0,0
AP203,20220218,20220218,133103500,13:31:03,8858,335,2154,29704450,0,0,0
AP203,20220218,20220218,133104500,13:31:06,8858,335,2154,29704450,0,0,0
AP203,20220218,20220218,133105500,13:31:07,8858,335,2154,29704450,0,0,0
AP203,20220218,20220218,133107000,13:31:08,8858,335,2154,29704450,0,0,0
AP203,20220218,20220218,133108500,13:31:09,8858,335,2154,29704450,0,0,0
AP203,20220218,20220218,133110500,13:31:11,8858,335,2154,29704450,0,0,0
AP203,20220218,20220218,133114000,13:31:15,8858,335,2154,29704450,0,0,0
AP203,20220218,20220218,133118500,13:31:19,8858,335,2154,29704450,0,0,0
AP203,20220218,20220218,133120000,13:31:20,8858,335,2154,29704450,0,0,0
AP203,20220218,20220218,133122000,13:31:22,8858,335,2154,29704450,0,0,0
AP203,20220218,20220218,133123500,13:31:25,8858,335,2154,29704450,0,0,0
AP203,20220218,20220218,133124000,13:31:25,8858,335,2154,29704450,0,0,0
AP203,20220218,20220218,133124500,13:31:25,8858,335,2154,29704450,0,0,0
AP203,20220218,20220218,133156000,13:31:56,8858,335,2154,29704450,0,0,0
AP203,20220218,20220218,133159500,13:32:00,8858,335,2154,29704450,0,0,0
AP203,20220218,20220218,133200000,13:32:00,8858,335,2154,29704450,0,0,0
AP203,20220218,20220218,133200500,13:32:01,8858,335,2154,29704450,0,0,0
AP203,20220218,20220218,133201000,13:32:01,8858,335,2154,29704450,0,0,0
AP203,20220218,20220218,133202000,13:32:03,8858,335,2154,29704450,0,0,0
AP203,20220218,20220218,133202500,13:32:03,8858,335,2154,29704450,0,0,0
AP203,20220218,20220218,133205000,13:32:05,8858,335,2154,29704450,0,0,0
AP203,20220218,20220218,133207000,13:32:07,8858,335,2154,29704450,0,0,0
AP203,20220218,20220218,133207500,13:32:07,8858,335,2154,29704450,0,0,0
AP203,20220218,20220218,133210500,13:32:13,8858,335,2154,29704450,0,0,0
AP203,20220218,20220218,133211000,13:32:14,8858,335,2154,29704450,0,0,0
AP203,20220218,20220218,133213000,13:32:15,8858,335,2154,29704450,0,0,0
AP203,20220218,20220218,133213500,13:32:15,8858,335,2154,29704450,0,0,0
AP203,20220218,20220218,133214000,13:32:15,8858,335,2154,29704450,0,0,0
AP203,20220218,20220218,133215000,13:32:16,8858,335,2154,29704450,0,0,0
AP203,20220218,20220218,133216000,13:32:17,8858,335,2154,29704450,0,0,0
AP203,20220218,20220218,133216500,13:32:17,8858,335,2154,29704450,0,0,0
AP203,20220218,20220218,133218500,13:32:18,8858,335,2154,29704450,0,0,0
AP203,20220218,20220218,133219000,13:32:20,8858,335,2154,29704450,0,0,0
AP203,20220218,20220218,133220500,13:32:21,8858,335,2154,29704450,0,0,0
AP203,20220218,20220218,133221000,13:32:21,8858,335,2154,29704450,0,0,0
AP203,20220218,20220218,133223000,13:32:24,8858,335,2154,29704450,0,0,0
AP203,20220218,20220218,133223500,13:32:24,8858,335,2154,29704450,0,0,0
AP203,20220218,20220218,133224000,13:32:24,8858,335,2154,29704450,0,0,0
AP203,20220218,20220218,133224500,13:32:24,8858,335,2154,29704450,0,0,0
AP203,20220218,20220218,133226500,13:32:27,8858,335,2154,29704450,0,0,0
AP203,20220218,20220218,133227000,13:32:27,8858,335,2154,29704450,0,0,0
AP203,20220218,20220218,133227500,13:32:27,8858,335,2154,29704450,0,0,0
AP203,20220218,20220218,133232000,13:32:34,8858,335,2154,29704450,0,0,0
AP203,20220218,20220218,133232500,13:32:35,8858,335,2154,29704450,0,0,0
AP203,20220218,20220218,133234500,13:32:35,8858,335,2154,29704450,0,0,0
AP203,20220218,20220218,133236000,13:32:36,8858,335,2154,29704450,0,0,0
AP203,20220218,20220218,133238500,13:32:39,8858,335,2154,29704450,0,0,0
AP203,20220218,20220218,133239500,13:32:40,8858,335,2154,29704450,0,0,0
AP203,20220218,20220218,133241000,13:32:41,8858,335,2154,29704450,0,0,0
AP203,20220218,20220218,133246500,13:32:47,8858,335,2154,29704450,0,0,0
AP203,20220218,20220218,133250000,13:32:50,8858,335,2154,29704450,0,0,0
AP203,20220218,20220218,133251500,13:32:53,8858,335,2154,29704450,0,0,0
AP203,20220218,20220218,133255500,13:32:55,8858,335,2154,29704450,0,0,0
AP203,20220218,20220218,133257500,13:33:00,8858,335,2154,29704450,0,0,0
AP203,20220218,20220218,133259500,13:33:00,8858,335,2154,29704450,0,0,0
AP203,20220218,20220218,133300000,13:33:01,8858,335,2154,29704450,0,0,0
AP203,20220218,20220218,133302000,13:33:03,8858,335,2154,29704450,0,0,0
AP203,20220218,20220218,133302500,13:33:03,8858,335,2154,29704450,0,0,0
AP203,20220218,20220218,133303000,13:33:03,8858,335,2154,29704450,0,0,0
AP203,20220218,20220218,133306000,13:33:06,8858,335,2154,29704450,0,0,0
AP203,20220218,20220218,133307000,13:33:07,8858,335,2154,29704450,0,0,0
AP203,20220218,20220218,133308500,13:33:08,8858,335,2154,29704450,0,0,0
AP203,20220218,20220218,133309000,13:33:09,8858,335,2154,29704450,0,0,0
AP203,20220218,20220218,133309500,13:33:10,8858,335,2154,29704450,0,0,0
AP203,20220218,20220218,133310000,13:33:11,8858,335,2154,29704450,0,0,0
AP203,20220218,20220218,133312500,13:33:14,8858,335,2154,29704450,0,0,0
AP203,20220218,20220218,133313000,13:33:14,8858,335,2154,29704450,0,0,0
AP203,20220218,20220218,133315000,13:33:18,8858,335,2154,29704450,0,0,0
AP203,20220218,20220218,133317500,13:33:18,8858,335,2154,29704450,0,0,0
AP203,20220218,20220218,133318000,13:33:19,8858,335,2154,29704450,0,0,0
AP203,20220218,20220218,133318500,13:33:19,8858,335,2154,29704450,0,0,0
AP203,20220218,20220218,133321500,13:33:22,8858,335,2154,29704450,0,0,0
AP203,20220218,20220218,133323000,13:33:23,8858,335,2154,29704450,0,0,0
AP203,20220218,20220218,133323500,13:33:24,8858,335,2154,29704450,0,0,0
AP203,20220218,20220218,133324000,13:33:24,8858,335,2154,29704450,0,0,0
AP203,20220218,20220218,133329000,13:33:30,8858,335,2154,29704450,0,0,0
AP203,20220218,20220218,133329500,13:33:30,8858,335,2154,29704450,0,0,0
AP203,20220218,20220218,133330000,13:33:30,8858,335,2154,29704450,0,0,0
AP203,20220218,20220218,133330500,13:33:31,8858,335,2154,29704450,0,0,0
AP203,20220218,20220218,133331000,13:33:32,8858,335,2154,29704450,0,0,0
AP203,20220218,20220218,133332500,13:33:32,8858,335,2154,29704450,0,0,0
AP203,20220218,20220218,133334000,13:33:34,8858,335,2154,29704450,0,0,0
AP203,20220218,20220218,133335500,13:33:35,8858,335,2154,29704450,0,0,0
AP203,20220218,20220218,133336000,13:33:36,8858,335,2154,29704450,0,0,0
AP203,20220218,20220218,133336500,13:33:36,8858,335,2154,29704450,0,0,0
AP203,20220218,20220218,133337000,13:33:37,8858,335,2154,29704450,0,0,0
AP203,20220218,20220218,133338000,13:33:38,8858,335,2154,29704450,0,0,0
AP203,20220218,20220218,133340000,13:33:40,8858,335,2154,29704450,0,0,0
AP203,20220218,20220218,133342000,13:33:42,8858,335,2154,29704450,0,0,0
AP203,20220218,20220218,133342500,13:33:42,8858,335,2154,29704450,0,0,0
AP203,20220218,20220218,133349000,13:33:50,8858,335,2154,29704450,0,0,0
AP203,20220218,20220218,133350000,13:33:50,8858,335,2154,29704450,0,0,0
AP203,20220218,20220218,133352500,13:33:52,8858,335,2154,29704450,0,0,0
AP203,20220218,20220218,133353000,13:33:53,8858,335,2154,29704450,0,0,0
AP203,20220218,20220218,133409500,13:34:11,8858,335,2154,29704450,0,0,0
AP203,20220218,20220218,133411000,13:34:12,8858,335,2154,29704450,0,0,0
AP203,20220218,20220218,133411500,13:34:12,8858,335,2154,29704450,0,0,0
AP203,20220218,20220218,133412000,13:34:12,8858,335,2154,29704450,0,0,0
AP203,20220218,20220218,133412500,13:34:13,8858,335,2154,29704450,0,0,0
AP203,20220218,20220218,133413000,13:34:13,8858,335,2154,29704450,0,0,0
AP203,20220218,20220218,133416000,13:34:16,8858,335,2154,29704450,0,0,0
AP203,20220218,20220218,133420000,13:34:20,8858,335,2154,29704450,0,0,0
AP203,20220218,20220218,133421000,13:34:23,8858,335,2154,29704450,0,0,0
AP203,20220218,20220218,133426000,13:34:26,8858,335,2154,29704450,0,0,0
AP203,20220218,20220218,133429000,13:34:29,8858,335,2154,29704450,0,0,0
AP203,20220218,20220218,133432500,13:34:32,8858,335,2154,29704450,0,0,0
AP203,20220218,20220218,133434500,13:34:35,8858,335,2154,29704450,0,0,0
AP203,20220218,20220218,133436500,13:34:36,8858,335,2154,29704450,0,0,0
AP203,20220218,20220218,133437500,13:34:38,8858,335,2154,29704450,0,0,0
AP203,20220218,20220218,133443500,13:34:45,8858,335,2154,29704450,0,0,0
AP203,20220218,20220218,133448500,13:34:49,8858,335,2154,29704450,0,0,0
AP203,20220218,20220218,133451500,13:34:51,8858,335,2154,29704450,0,0,0
AP203,20220218,20220218,133458500,13:34:59,8858,335,2154,29704450,0,0,0
AP203,20220218,20220218,133459000,13:34:59,8858,335,2154,29704450,0,0,0
AP203,20220218,20220218,133459500,13:34:59,8858,335,2154,29704450,0,0,0
AP203,20220218,20220218,133500000,13:35:00,8858,335,2154,29704450,0,0,0
AP203,20220218,20220218,133500500,13:35:00,8858,335,2154,29704450,0,0,0
AP203,20220218,20220218,133501500,13:35:04,8858,335,2154,29704450,0,0,0
AP203,20220218,20220218,133502000,13:35:10,8858,335,2154,29704450,0,0,0
AP203,20220218,20220218,133509500,13:35:10,8858,335,2154,29704450,0,0,0
AP203,20220218,20220218,133510500,13:35:11,8858,335,2154,29704450,0,0,0
AP203,20220218,20220218,133511000,13:35:11,8858,335,2154,29704450,0,0,0
AP203,20220218,20220218,133512500,13:35:13,8858,335,2154,29704450,0,0,0
AP203,20220218,20220218,133515500,13:35:15,8858,335,2154,29704450,0,0,0
AP203,20220218,20220218,133523500,13:35:23,8858,335,2154,29704450,0,0,0
AP203,20220218,20220218,133524000,13:35:24,8858,335,2154,29704450,0,0,0
AP203,20220218,20220218,133525000,13:35:25,8858,335,2154,29704450,0,0,0
AP203,20220218,20220218,133526000,13:35:26,8858,335,2154,29704450,0,0,0
AP203,20220218,20220218,133527000,13:35:27,8858,335,2154,29704450,0,0,0
AP203,20220218,20220218,133539000,13:35:43,8858,335,2154,29704450,0,0,0
AP203,20220218,20220218,133545000,13:35:45,8858,335,2154,29704450,0,0,0
AP203,20220218,20220218,133545500,13:35:46,8858,335,2154,29704450,0,0,0
AP203,20220218,20220218,133546000,13:35:46,8858,335,2154,29704450,0,0,0
AP203,20220218,20220218,133548500,13:35:48,8858,335,2154,29704450,0,0,0
AP203,20220218,20220218,133549000,13:35:49,8858,335,2154,29704450,0,0,0
AP203,20220218,20220218,133550500,13:35:50,8858,335,2154,29704450,0,0,0
AP203,20220218,20220218,133553500,13:35:55,8858,335,2154,29704450,0,0,0
AP203,20220218,20220218,133554500,13:35:55,8860,338,2155,29970460,3,1,266010
AP203,20220218,20220218,133555500,13:35:56,8860,338,2155,29970460,0,0,0
AP203,20220218,20220218,133558500,13:36:02,8860,338,2155,29970460,0,0,0
AP203,20220218,20220218,133601500,13:36:03,8860,338,2155,29970460,0,0,0
AP203,20220218,20220218,133602000,13:36:03,8860,338,2155,29970460,0,0,0
AP203,20220218,20220218,133603500,13:36:05,8860,338,2155,29970460,0,0,0
AP203,20220218,20220218,133606000,13:36:07,8860,338,2155,29970460,0,0,0
AP203,20220218,20220218,133607000,13:36:07,8860,338,2155,29970460,0,0,0
AP203,20220218,20220218,133608000,13:36:08,8860,338,2155,29970460,0,0,0
AP203,20220218,20220218,133609000,13:36:09,8860,338,2155,29970460,0,0,0
AP203,20220218,20220218,133613500,13:36:14,8860,338,2155,29970460,0,0,0
AP203,20220218,20220218,133616500,13:36:17,8860,338,2155,29970460,0,0,0
AP203,20220218,20220218,133617000,13:36:17,8860,338,2155,29970460,0,0,0
AP203,20220218,20220218,133629000,13:36:29,8860,338,2155,29970460,0,0,0
AP203,20220218,20220218,133636500,13:36:36,8860,338,2155,29970460,0,0,0
AP203,20220218,20220218,133640000,13:36:40,8860,338,2155,29970460,0,0,0
AP203,20220218,20220218,133651500,13:36:51,8860,338,2155,29970460,0,0,0
AP203,20220218,20220218,133654500,13:36:54,8860,338,2155,29970460,0,0,0
AP203,20220218,20220218,133659000,13:36:59,8860,338,2155,29970460,0,0,0
AP203,20220218,20220218,133706500,13:37:08,8860,338,2155,29970460,0,0,0
AP203,20220218,20220218,133715000,13:37:15,8860,338,2155,29970460,0,0,0
AP203,20220218,20220218,133718500,13:37:19,8860,338,2155,29970460,0,0,0
AP203,20220218,20220218,133719000,13:37:19,8860,338,2155,29970460,0,0,0
AP203,20220218,20220218,133720500,13:37:21,8860,338,2155,29970460,0,0,0
AP203,20220218,20220218,133721000,13:37:21,8860,338,2155,29970460,0,0,0
AP203,20220218,20220218,133724000,13:37:24,8860,338,2155,29970460,0,0,0
AP203,20220218,20220218,133726000,13:37:26,8860,338,2155,29970460,0,0,0
AP203,20220218,20220218,133726500,13:37:26,8860,338,2155,29970460,0,0,0
AP203,20220218,20220218,133727000,13:37:27,8860,338,2155,29970460,0,0,0
AP203,20220218,20220218,133728500,13:37:28,8860,338,2155,29970460,0,0,0
AP203,20220218,20220218,133740500,13:37:40,8860,338,2155,29970460,0,0,0
AP203,20220218,20220218,133741000,13:37:41,8860,338,2155,29970460,0,0,0
AP203,20220218,20220218,133741500,13:37:41,8860,338,2155,29970460,0,0,0
AP203,20220218,20220218,133742000,13:37:42,8860,338,2155,29970460,0,0,0
AP203,20220218,20220218,133742500,13:37:43,8860,338,2155,29970460,0,0,0
AP203,20220218,20220218,133743000,13:37:43,8860,338,2155,29970460,0,0,0
AP203,20220218,20220218,133743500,13:37:44,8860,338,2155,29970460,0,0,0
AP203,20220218,20220218,133744500,13:37:45,8860,338,2155,29970460,0,0,0
AP203,20220218,20220218,133746500,13:37:47,8860,338,2155,29970460,0,0,0
AP203,20220218,20220218,133747000,13:37:47,8860,338,2155,29970460,0,0,0
AP203,20220218,20220218,133747500,13:37:48,8860,338,2155,29970460,0,0,0
AP203,20220218,20220218,133748000,13:37:48,8860,338,2155,29970460,0,0,0
AP203,20220218,20220218,133749000,13:37:49,8860,338,2155,29970460,0,0,0
AP203,20220218,20220218,133750000,13:37:50,8860,338,2155,29970460,0,0,0
AP203,20220218,20220218,133752000,13:37:53,8860,338,2155,29970460,0,0,0
AP203,20220218,20220218,133752500,13:37:53,8860,338,2155,29970460,0,0,0
AP203,20220218,20220218,133753500,13:37:54,8860,338,2155,29970460,0,0,0
AP203,20220218,20220218,133755000,13:37:55,8860,338,2155,29970460,0,0,0
AP203,20220218,20220218,133755500,13:37:55,8860,338,2155,29970460,0,0,0
AP203,20220218,20220218,133756000,13:37:56,8860,338,2155,29970460,0,0,0
AP203,20220218,20220218,133757000,13:37:57,8860,338,2155,29970460,0,0,0
AP203,20220218,20220218,133757500,13:37:58,8860,338,2155,29970460,0,0,0
AP203,20220218,20220218,133801500,13:38:03,8860,338,2155,29970460,0,0,0
AP203,20220218,20220218,133802000,13:38:03,8860,338,2155,29970460,0,0,0
AP203,20220218,20220218,133802500,13:38:05,8860,338,2155,29970460,0,0,0
AP203,20220218,20220218,133805500,13:38:07,8860,338,2155,29970460,0,0,0
AP203,20220218,20220218,133817000,13:38:18,8860,338,2155,29970460,0,0,0
AP203,20220218,20220218,133820000,13:38:20,8860,338,2155,29970460,0,0,0
AP203,20220218,20220218,133838500,13:38:42,8860,338,2155,29970460,0,0,0
AP203,20220218,20220218,133857000,13:38:57,8860,338,2155,29970460,0,0,0
AP203,20220218,20220218,133859500,13:38:59,8860,338,2155,29970460,0,0,0
AP203,20220218,20220218,133901000,13:39:01,8860,338,2155,29970460,0,0,0
AP203,20220218,20220218,133908500,13:39:08,8860,338,2155,29970460,0,0,0
AP203,20220218,20220218,133909500,13:39:09,8860,338,2155,29970460,0,0,0
AP203,20220218,20220218,133913500,13:39:13,8860,338,2155,29970460,0,0,0
AP203,20220218,20220218,133914000,13:39:14,8860,338,2155,29970460,0,0,0
AP203,20220218,20220218,133914500,13:39:15,8860,338,2155,29970460,0,0,0
AP203,20220218,20220218,133919500,13:39:19,8860,338,2155,29970460,0,0,0
AP203,20220218,20220218,133932500,13:39:33,8860,338,2155,29970460,0,0,0
AP203,20220218,20220218,133939500,13:39:39,8860,338,2155,29970460,0,0,0
AP203,20220218,20220218,133943500,13:39:43,8860,338,2155,29970460,0,0,0
AP203,20220218,20220218,133945500,13:39:46,8860,338,2155,29970460,0,0,0
AP203,20220218,20220218,133946000,13:39:46,8860,338,2155,29970460,0,0,0
AP203,20220218,20220218,133948000,13:39:48,8860,338,2155,29970460,0,0,0
AP203,20220218,20220218,133956000,13:39:56,8860,338,2155,29970460,0,0,0
AP203,20220218,20220218,133956500,13:39:57,8860,338,2155,29970460,0,0,0
AP203,20220218,20220218,133958500,13:40:13,8860,338,2155,29970460,0,0,0
AP203,20220218,20220218,134016000,13:40:16,8860,338,2155,29970460,0,0,0
AP203,20220218,20220218,134019500,13:40:20,8860,338,2155,29970460,0,0,0
AP203,20220218,20220218,134023500,13:40:23,8860,338,2155,29970460,0,0,0
AP203,20220218,20220218,134038000,13:40:38,8860,338,2155,29970460,0,0,0
AP203,20220218,20220218,134038500,13:40:38,8860,338,2155,29970460,0,0,0
AP203,20220218,20220218,134039500,13:40:40,8860,338,2155,29970460,0,0,0
AP203,20220218,20220218,134040000,13:40:41,8860,338,2155,29970460,0,0,0
AP203,20220218,20220218,134046000,13:40:46,8860,338,2155,29970460,0,0,0
AP203,20220218,20220218,134048500,13:40:48,8860,338,2155,29970460,0,0,0
AP203,20220218,20220218,134049000,13:40:49,8860,338,2155,29970460,0,0,0
AP203,20220218,20220218,134051000,13:40:51,8860,338,2155,29970460,0,0,0
AP203,20220218,20220218,134051500,13:40:55,8860,338,2155,29970460,0,0,0
AP203,20220218,20220218,134052000,13:40:55,8860,338,2155,29970460,0,0,0
AP203,20220218,20220218,134055000,13:40:55,8860,338,2155,29970460,0,0,0
AP203,20220218,20220218,134055500,13:40:57,8860,338,2155,29970460,0,0,0
AP203,20220218,20220218,134057000,13:40:58,8860,338,2155,29970460,0,0,0
AP203,20220218,20220218,134057500,13:40:58,8860,338,2155,29970460,0,0,0
AP203,20220218,20220218,134100000,13:41:00,8860,338,2155,29970460,0,0,0
AP203,20220218,20220218,134100500,13:41:00,8860,338,2155,29970460,0,0,0
AP203,20220218,20220218,134101000,13:41:01,8860,338,2155,29970460,0,0,0
AP203,20220218,20220218,134101500,13:41:01,8860,338,2155,29970460,0,0,0
AP203,20220218,20220218,134102000,13:41:02,8860,338,2155,29970460,0,0,0
AP203,20220218,20220218,134104000,13:41:05,8860,338,2155,29970460,0,0,0
AP203,20220218,20220218,134104500,13:41:05,8860,338,2155,29970460,0,0,0
AP203,20220218,20220218,134105000,13:41:06,8860,338,2155,29970460,0,0,0
AP203,20220218,20220218,134105500,13:41:06,8860,338,2155,29970460,0,0,0
AP203,20220218,20220218,134106000,13:41:06,8860,338,2155,29970460,0,0,0
AP203,20220218,20220218,134106500,13:41:07,8860,338,2155,29970460,0,0,0
AP203,20220218,20220218,134107000,13:41:07,8860,338,2155,29970460,0,0,0
AP203,20220218,20220218,134107500,13:41:09,8860,338,2155,29970460,0,0,0
AP203,20220218,20220218,134108000,13:41:09,8860,338,2155,29970460,0,0,0
AP203,20220218,20220218,134108500,13:41:10,8860,338,2155,29970460,0,0,0
AP203,20220218,20220218,134109500,13:41:10,8860,338,2155,29970460,0,0,0
AP203,20220218,20220218,134110500,13:41:10,8860,338,2155,29970460,0,0,0
AP203,20220218,20220218,134111000,13:41:11,8860,338,2155,29970460,0,0,0
AP203,20220218,20220218,134112000,13:41:12,8860,338,2155,29970460,0,0,0
AP203,20220218,20220218,134113000,13:41:13,8860,338,2155,29970460,0,0,0
AP203,20220218,20220218,134114500,13:41:15,8860,338,2155,29970460,0,0,0
AP203,20220218,20220218,134116500,13:41:17,8860,338,2155,29970460,0,0,0
AP203,20220218,20220218,134117000,13:41:17,8860,338,2155,29970460,0,0,0
AP203,20220218,20220218,134117500,13:41:17,8860,338,2155,29970460,0,0,0
AP203,20220218,20220218,134118500,13:41:19,8860,338,2155,29970460,0,0,0
AP203,20220218,20220218,134119000,13:41:19,8860,338,2155,29970460,0,0,0
AP203,20220218,20220218,134120500,13:41:23,8860,338,2155,29970460,0,0,0
AP203,20220218,20220218,134121000,13:41:23,8860,338,2155,29970460,0,0,0
AP203,20220218,20220218,134123000,13:41:24,8860,338,2155,29970460,0,0,0
AP203,20220218,20220218,134123500,13:41:24,8860,338,2155,29970460,0,0,0
AP203,20220218,20220218,134124500,13:41:26,8860,338,2155,29970460,0,0,0
AP203,20220218,20220218,134129000,13:41:29,8860,338,2155,29970460,0,0,0
AP203,20220218,20220218,134129500,13:41:30,8860,338,2155,29970460,0,0,0
AP203,20220218,20220218,134130000,13:41:30,8860,338,2155,29970460,0,0,0
AP203,20220218,20220218,134131000,13:41:31,8860,338,2155,29970460,0,0,0
AP203,20220218,20220218,134132000,13:41:32,8860,338,2155,29970460,0,0,0
AP203,20220218,20220218,134132500,13:41:33,8860,338,2155,29970460,0,0,0
AP203,20220218,20220218,134133500,13:41:33,8860,338,2155,29970460,0,0,0
AP203,20220218,20220218,134134000,13:41:34,8860,338,2155,29970460,0,0,0
AP203,20220218,20220218,134139500,13:41:40,8860,338,2155,29970460,0,0,0
AP203,20220218,20220218,134142000,13:41:42,8860,338,2155,29970460,0,0,0
AP203,20220218,20220218,134145000,13:41:45,8860,338,2155,29970460,0,0,0
AP203,20220218,20220218,134145500,13:41:45,8860,338,2155,29970460,0,0,0
AP203,20220218,20220218,134147500,13:41:48,8860,338,2155,29970460,0,0,0
AP203,20220218,20220218,134150000,13:41:50,8860,338,2155,29970460,0,0,0
AP203,20220218,20220218,134153000,13:41:53,8860,338,2155,29970460,0,0,0
AP203,20220218,20220218,134154000,13:42:01,8860,338,2155,29970460,0,0,0
AP203,20220218,20220218,134202000,13:42:06,8860,338,2155,29970460,0,0,0
AP203,20220218,20220218,134209500,13:42:11,8860,338,2155,29970460,0,0,0
AP203,20220218,20220218,134211000,13:42:12,8860,338,2155,29970460,0,0,0
AP203,20220218,20220218,134214000,13:42:14,8860,338,2155,29970460,0,0,0
AP203,20220218,20220218,134220000,13:42:20,8860,338,2155,29970460,0,0,0
AP203,20220218,20220218,134220500,13:42:21,8860,338,2155,29970460,0,0,0
AP203,20220218,20220218,134222500,13:42:22,8860,338,2155,29970460,0,0,0
AP203,20220218,20220218,134223000,13:42:23,8860,338,2155,29970460,0,0,0
AP203,20220218,20220218,134224000,13:42:24,8860,338,2155,29970460,0,0,0
AP203,20220218,20220218,134229000,13:42:29,8860,338,2155,29970460,0,0,0
AP203,20220218,20220218,134244500,13:42:44,8860,338,2155,29970460,0,0,0
AP203,20220218,20220218,134254000,13:42:54,8860,338,2155,29970460,0,0,0
AP203,20220218,20220218,134256500,13:42:57,8860,338,2155,29970460,0,0,0
AP203,20220218,20220218,134257000,13:42:57,8860,338,2155,29970460,0,0,0
AP203,20220218,20220218,134258000,13:42:59,8860,338,2155,29970460,0,0,0
AP203,20220218,20220218,134259000,13:42:59,8860,338,2155,29970460,0,0,0
AP203,20220218,20220218,134300000,13:43:01,8860,338,2155,29970460,0,0,0
AP203,20220218,20220218,134301000,13:43:02,8860,338,2155,29970460,0,0,0
AP203,20220218,20220218,134301500,13:43:02,8860,338,2155,29970460,0,0,0
AP203,20220218,20220218,134303000,13:43:05,8860,338,2155,29970460,0,0,0
AP203,20220218,20220218,134303500,13:43:11,8860,338,2155,29970460,0,0,0
AP203,20220218,20220218,134309500,13:43:12,8860,338,2155,29970460,0,0,0
AP203,20220218,20220218,134312500,13:43:14,8860,338,2155,29970460,0,0,0
AP203,20220218,20220218,134313000,13:43:14,8860,338,2155,29970460,0,0,0
AP203,20220218,20220218,134313500,13:43:14,8860,338,2155,29970460,0,0,0
AP203,20220218,20220218,134315000,13:43:15,8860,338,2155,29970460,0,0,0
AP203,20220218,20220218,134318000,13:43:18,8860,338,2155,29970460,0,0,0
AP203,20220218,20220218,134321000,13:43:21,8860,338,2155,29970460,0,0,0
AP203,20220218,20220218,134321500,13:43:21,8860,338,2155,29970460,0,0,0
AP203,20220218,20220218,134322000,13:43:22,8860,338,2155,29970460,0,0,0
AP203,20220218,20220218,134324000,13:43:24,8860,338,2155,29970460,0,0,0
AP203,20220218,20220218,134324500,13:43:25,8860,338,2155,29970460,0,0,0
AP203,20220218,20220218,134325000,13:43:25,8860,338,2155,29970460,0,0,0
AP203,20220218,20220218,134327000,13:43:27,8860,338,2155,29970460,0,0,0
AP203,20220218,20220218,134327500,13:43:27,8860,338,2155,29970460,0,0,0
AP203,20220218,20220218,134328000,13:43:29,8860,338,2155,29970460,0,0,0
AP203,20220218,20220218,134328500,13:43:29,8860,338,2155,29970460,0,0,0
AP203,20220218,20220218,134329000,13:43:29,8860,338,2155,29970460,0,0,0
AP203,20220218,20220218,134331000,13:43:31,8860,338,2155,29970460,0,0,0
AP203,20220218,20220218,134333500,13:43:34,8854,339,2156,30059130,1,1,88670
AP203,20220218,20220218,134335000,13:43:35,8854,339,2156,30059130,0,0,0
AP203,20220218,20220218,134336000,13:43:36,8841,340,2157,30147800,1,1,88670
AP203,20220218,20220218,134338000,13:43:38,8840,341,2158,30236470,1,1,88670
AP203,20220218,20220218,134339000,13:43:39,8840,341,2158,30236470,0,0,0
AP203,20220218,20220218,134339500,13:43:55,8840,341,2158,30236470,0,0,0
AP203,20220218,20220218,134340500,13:43:57,8840,341,2158,30236470,0,0,0
AP203,20220218,20220218,134354000,13:44:00,8838,346,2163,30676360,5,5,439890
AP203,20220218,20220218,134357000,13:44:04,8838,346,2163,30676360,0,0,0
AP203,20220218,20220218,134402500,13:44:04,8838,346,2163,30676360,0,0,0
AP203,20220218,20220218,134405000,13:44:05,8838,346,2163,30676360,0,0,0
AP203,20220218,20220218,134406500,13:44:06,8838,346,2163,30676360,0,0,0
AP203,20220218,20220218,134407000,13:44:07,8838,346,2163,30676360,0,0,0
AP203,20220218,20220218,134409000,13:44:09,8838,346,2163,30676360,0,0,0
AP203,20220218,20220218,134410000,13:44:17,8838,346,2163,30676360,0,0,0
AP203,20220218,20220218,134410500,13:44:17,8838,346,2163,30676360,0,0,0
AP203,20220218,20220218,134417000,13:44:17,8838,346,2163,30676360,0,0,0
AP203,20220218,20220218,134418500,13:44:18,8838,346,2163,30676360,0,0,0
AP203,20220218,20220218,134419000,13:44:19,8838,346,2163,30676360,0,0,0
AP203,20220218,20220218,134420500,13:44:23,8838,346,2163,30676360,0,0,0
AP203,20220218,20220218,134421000,13:44:23,8838,346,2163,30676360,0,0,0
AP203,20220218,20220218,134422500,13:44:23,8838,346,2163,30676360,0,0,0
AP203,20220218,20220218,134424500,13:44:24,8838,346,2163,30676360,0,0,0
AP203,20220218,20220218,134425000,13:44:25,8838,346,2163,30676360,0,0,0
AP203,20220218,20220218,134425500,13:44:25,8838,346,2163,30676360,0,0,0
AP203,20220218,20220218,134426000,13:44:26,8838,346,2163,30676360,0,0,0
AP203,20220218,20220218,134427500,13:44:27,8838,346,2163,30676360,0,0,0
AP203,20220218,20220218,134428500,13:44:29,8838,346,2163,30676360,0,0,0
AP203,20220218,20220218,134429000,13:44:29,8838,346,2163,30676360,0,0,0
AP203,20220218,20220218,134429500,13:44:31,8838,346,2163,30676360,0,0,0
AP203,20220218,20220218,134430000,13:44:37,8838,346,2163,30676360,0,0,0
AP203,20220218,20220218,134430500,13:44:37,8838,346,2163,30676360,0,0,0
AP203,20220218,20220218,134431000,13:44:37,8838,346,2163,30676360,0,0,0
AP203,20220218,20220218,134437500,13:44:37,8838,346,2163,30676360,0,0,0
AP203,20220218,20220218,134438500,13:44:38,8838,346,2163,30676360,0,0,0
AP203,20220218,20220218,134443500,13:44:44,8838,346,2163,30676360,0,0,0
AP203,20220218,20220218,134447000,13:44:47,8838,346,2163,30676360,0,0,0
AP203,20220218,20220218,134451000,13:44:51,8838,346,2163,30676360,0,0,0
AP203,20220218,20220218,134453000,13:44:53,8838,346,2163,30676360,0,0,0
AP203,20220218,20220218,134454000,13:44:54,8838,346,2163,30676360,0,0,0
AP203,20220218,20220218,134454500,13:44:55,8838,346,2163,30676360,0,0,0
AP203,20220218,20220218,134456500,13:44:56,8838,346,2163,30676360,0,0,0
AP203,20220218,20220218,134500000,13:45:00,8838,346,2163,30676360,0,0,0
AP203,20220218,20220218,134500500,13:45:01,8838,346,2163,30676360,0,0,0
AP203,20220218,20220218,134501000,13:45:01,8838,346,2163,30676360,0,0,0
AP203,20220218,20220218,134501500,13:45:01,8838,346,2163,30676360,0,0,0
AP203,20220218,20220218,134502000,13:45:02,8838,346,2163,30676360,0,0,0
AP203,20220218,20220218,134502500,13:45:03,8838,346,2163,30676360,0,0,0
AP203,20220218,20220218,134503500,13:45:04,8838,346,2163,30676360,0,0,0
AP203,20220218,20220218,134506000,13:45:09,8838,346,2163,30676360,0,0,0
AP203,20220218,20220218,134509000,13:45:10,8838,346,2163,30676360,0,0,0
AP203,20220218,20220218,134509500,13:45:10,8838,346,2163,30676360,0,0,0
AP203,20220218,20220218,134510500,13:45:10,8838,346,2163,30676360,0,0,0
AP203,20220218,20220218,134512000,13:45:12,8838,346,2163,30676360,0,0,0
AP203,20220218,20220218,134516000,13:45:17,8838,346,2163,30676360,0,0,0
AP203,20220218,20220218,134518000,13:45:20,8838,346,2163,30676360,0,0,0
AP203,20220218,20220218,134520000,13:45:22,8838,346,2163,30676360,0,0,0
AP203,20220218,20220218,134522500,13:45:23,8838,346,2163,30676360,0,0,0
AP203,20220218,20220218,134523500,13:45:24,8838,346,2163,30676360,0,0,0
AP203,20220218,20220218,134525500,13:45:27,8838,346,2163,30676360,0,0,0
AP203,20220218,20220218,134526000,13:45:27,8838,346,2163,30676360,0,0,0
AP203,20220218,20220218,134536500,13:45:37,8838,346,2163,30676360,0,0,0
AP203,20220218,20220218,134537000,13:45:37,8838,346,2163,30676360,0,0,0
AP203,20220218,20220218,134538000,13:45:38,8838,346,2163,30676360,0,0,0
AP203,20220218,20220218,134539000,13:45:39,8838,346,2163,30676360,0,0,0
AP203,20220218,20220218,134542500,13:45:46,8838,346,2163,30676360,0,0,0
AP203,20220218,20220218,134544000,13:45:46,8838,346,2163,30676360,0,0,0
AP203,20220218,20220218,134547500,13:45:47,8838,346,2163,30676360,0,0,0
AP203,20220218,20220218,134553500,13:45:54,8838,346,2163,30676360,0,0,0
AP203,20220218,20220218,134554500,13:45:55,8838,346,2163,30676360,0,0,0
AP203,20220218,20220218,134555000,13:45:55,8838,346,2163,30676360,0,0,0
AP203,20220218,20220218,134556000,13:45:58,8838,346,2163,30676360,0,0,0
AP203,20220218,20220218,134556500,13:46:00,8838,346,2163,30676360,0,0,0
AP203,20220218,20220218,134557000,13:46:00,8838,346,2163,30676360,0,0,0
AP203,20220218,20220218,134559500,13:46:01,8838,346,2163,30676360,0,0,0
AP203,20220218,20220218,134601500,13:46:02,8838,346,2163,30676360,0,0,0
AP203,20220218,20220218,134602500,13:46:04,8838,346,2163,30676360,0,0,0
AP203,20220218,20220218,134603000,13:46:04,8838,346,2163,30676360,0,0,0
AP203,20220218,20220218,134603500,13:46:04,8838,346,2163,30676360,0,0,0
AP203,20220218,20220218,134604500,13:46:05,8838,346,2163,30676360,0,0,0
AP203,20220218,20220218,134605000,13:46:05,8838,346,2163,30676360,0,0,0
AP203,20220218,20220218,134605500,13:46:05,8838,346,2163,30676360,0,0,0
AP203,20220218,20220218,134607000,13:46:07,8838,346,2163,30676360,0,0,0
AP203,20220218,20220218,134607500,13:46:07,8838,346,2163,30676360,0,0,0
AP203,20220218,20220218,134616000,13:46:17,8838,346,2163,30676360,0,0,0
AP203,20220218,20220218,134616500,13:46:18,8838,346,2163,30676360,0,0,0
AP203,20220218,20220218,134617500,13:46:18,8838,346,2163,30676360,0,0,0
AP203,20220218,20220218,134620500,13:46:21,8838,346,2163,30676360,0,0,0
AP203,20220218,20220218,134630000,13:46:30,8838,346,2163,30676360,0,0,0
AP203,20220218,20220218,134630500,13:46:31,8838,346,2163,30676360,0,0,0
AP203,20220218,20220218,134631000,13:46:31,8838,346,2163,30676360,0,0,0
AP203,20220218,20220218,134637000,13:46:37,8838,346,2163,30676360,0,0,0
AP203,20220218,20220218,134639500,13:46:40,8838,346,2163,30676360,0,0,0
AP203,20220218,20220218,134641000,13:46:42,8838,346,2163,30676360,0,0,0
AP203,20220218,20220218,134644500,13:46:47,8838,346,2163,30676360,0,0,0
AP203,20220218,20220218,134645000,13:46:47,8838,346,2163,30676360,0,0,0
AP203,20220218,20220218,134647500,13:46:47,8838,346,2163,30676360,0,0,0
AP203,20220218,20220218,134648000,13:46:48,8838,346,2163,30676360,0,0,0
AP203,20220218,20220218,134648500,13:46:48,8838,346,2163,30676360,0,0,0
AP203,20220218,20220218,134650000,13:46:50,8838,346,2163,30676360,0,0,0
AP203,20220218,20220218,134652000,13:46:52,8838,346,2163,30676360,0,0,0
AP203,20220218,20220218,134652500,13:46:52,8838,346,2163,30676360,0,0,0
AP203,20220218,20220218,134654000,13:46:55,8838,346,2163,30676360,0,0,0
AP203,20220218,20220218,134655000,13:46:55,8838,346,2163,30676360,0,0,0
AP203,20220218,20220218,134656000,13:46:56,8838,346,2163,30676360,0,0,0
AP203,20220218,20220218,134659500,13:46:59,8838,346,2163,30676360,0,0,0
AP203,20220218,20220218,134705500,13:47:06,8838,346,2163,30676360,0,0,0
AP203,20220218,20220218,134706000,13:47:07,8838,346,2163,30676360,0,0,0
AP203,20220218,20220218,134709000,13:47:11,8838,346,2163,30676360,0,0,0
AP203,20220218,20220218,134711500,13:47:16,8838,346,2163,30676360,0,0,0
AP203,20220218,20220218,134716000,13:47:16,8838,346,2163,30676360,0,0,0
AP203,20220218,20220218,134728000,13:47:28,8838,346,2163,30676360,0,0,0
AP203,20220218,20220218,134729500,13:47:29,8838,346,2163,30676360,0,0,0
AP203,20220218,20220218,134743500,13:47:43,8838,346,2163,30676360,0,0,0
AP203,20220218,20220218,134804000,13:48:04,8838,346,2163,30676360,0,0,0
AP203,20220218,20220218,134810500,13:48:10,8838,346,2163,30676360,0,0,0
AP203,20220218,20220218,134817500,13:48:18,8838,346,2163,30676360,0,0,0
AP203,20220218,20220218,134818000,13:48:19,8838,346,2163,30676360,0,0,0
AP203,20220218,20220218,134818500,13:48:20,8868,347,2163,30765020,1,0,88660
AP203,20220218,20220218,134820500,13:48:22,8868,347,2163,30765020,0,0,0
AP203,20220218,20220218,134822500,13:48:23,8868,347,2163,30765020,0,0,0
AP203,20220218,20220218,134826000,13:48:27,8868,347,2163,30765020,0,0,0
AP203,20220218,20220218,134829500,13:48:29,8868,347,2163,30765020,0,0,0
AP203,20220218,20220218,134830000,13:48:30,8868,347,2163,30765020,0,0,0
AP203,20220218,20220218,134832000,13:48:32,8868,347,2163,30765020,0,0,0
AP203,20220218,20220218,134833500,13:48:33,8868,347,2163,30765020,0,0,0
AP203,20220218,20220218,134837500,13:48:37,8868,347,2163,30765020,0,0,0
AP203,20220218,20220218,134838000,13:48:38,8868,347,2163,30765020,0,0,0
AP203,20220218,20220218,134849000,13:48:49,8868,347,2163,30765020,0,0,0
AP203,20220218,20220218,134854000,13:48:55,8868,347,2163,30765020,0,0,0
AP203,20220218,20220218,134855500,13:48:56,8868,347,2163,30765020,0,0,0
AP203,20220218,20220218,134856000,13:48:56,8868,347,2163,30765020,0,0,0
AP203,20220218,20220218,134856500,13:48:57,8868,347,2163,30765020,0,0,0
AP203,20220218,20220218,134859000,13:48:59,8868,347,2163,30765020,0,0,0
AP203,20220218,20220218,134859500,13:49:00,8868,347,2163,30765020,0,0,0
AP203,20220218,20220218,134900500,13:49:00,8868,347,2163,30765020,0,0,0
AP203,20220218,20220218,134901000,13:49:01,8868,347,2163,30765020,0,0,0
AP203,20220218,20220218,134901500,13:49:02,8868,347,2163,30765020,0,0,0
AP203,20220218,20220218,134903000,13:49:03,8868,347,2163,30765020,0,0,0
AP203,20220218,20220218,134903500,13:49:04,8868,347,2163,30765020,0,0,0
AP203,20220218,20220218,134905000,13:49:05,8868,347,2163,30765020,0,0,0
AP203,20220218,20220218,134905500,13:49:05,8868,347,2163,30765020,0,0,0
AP203,20220218,20220218,134910000,13:49:10,8868,347,2163,30765020,0,0,0
AP203,20220218,20220218,134911500,13:49:12,8868,347,2163,30765020,0,0,0
AP203,20220218,20220218,134913500,13:49:13,8868,347,2163,30765020,0,0,0
AP203,20220218,20220218,134914500,13:49:14,8868,347,2163,30765020,0,0,0
AP203,20220218,20220218,134923000,13:49:23,8868,347,2163,30765020,0,0,0
AP203,20220218,20220218,134930500,13:49:31,8868,347,2163,30765020,0,0,0
AP203,20220218,20220218,134932500,13:49:32,8868,347,2163,30765020,0,0,0
AP203,20220218,20220218,134940000,13:49:40,8868,347,2163,30765020,0,0,0
AP203,20220218,20220218,134940500,13:49:40,8868,347,2163,30765020,0,0,0
AP203,20220218,20220218,134941500,13:49:42,8868,347,2163,30765020,0,0,0
AP203,20220218,20220218,134943000,13:49:43,8868,347,2163,30765020,0,0,0
AP203,20220218,20220218,134947000,13:49:47,8868,347,2163,30765020,0,0,0
AP203,20220218,20220218,134948500,13:49:48,8868,347,2163,30765020,0,0,0
AP203,20220218,20220218,134959000,13:49:59,8868,347,2163,30765020,0,0,0
AP203,20220218,20220218,135003500,13:50:03,8868,347,2163,30765020,0,0,0
AP203,20220218,20220218,135005500,13:50:06,8868,347,2163,30765020,0,0,0
AP203,20220218,20220218,135006500,13:50:06,8868,347,2163,30765020,0,0,0
AP203,20220218,20220218,135020500,13:50:26,8868,347,2163,30765020,0,0,0
AP203,20220218,20220218,135033000,13:50:37,8868,347,2163,30765020,0,0,0
AP203,20220218,20220218,135035000,13:50:37,8868,347,2163,30765020,0,0,0
AP203,20220218,20220218,135043000,13:50:43,8868,347,2163,30765020,0,0,0
AP203,20220218,20220218,135044000,13:50:45,8868,347,2163,30765020,0,0,0
AP203,20220218,20220218,135044500,13:50:45,8868,347,2163,30765020,0,0,0
AP203,20220218,20220218,135051000,13:50:51,8868,347,2163,30765020,0,0,0
AP203,20220218,20220218,135051500,13:50:51,8868,347,2163,30765020,0,0,0
AP203,20220218,20220218,135057500,13:50:57,8868,347,2163,30765020,0,0,0
AP203,20220218,20220218,135058000,13:50:58,8868,347,2163,30765020,0,0,0
AP203,20220218,20220218,135102000,13:51:02,8868,347,2163,30765020,0,0,0
AP203,20220218,20220218,135103000,13:51:03,8868,347,2163,30765020,0,0,0
AP203,20220218,20220218,135107500,13:51:20,8840,348,2164,30853680,1,1,88660
AP203,20220218,20220218,135120000,13:51:21,8840,348,2164,30853680,0,0,0
AP203,20220218,20220218,135122000,13:51:22,8839,353,2169,31296980,5,5,443300
AP203,20220218,20220218,135123000,13:51:23,8839,353,2169,31296980,0,0,0
AP203,20220218,20220218,135125000,13:51:25,8839,354,2170,31385640,1,1,88660
AP203,20220218,20220218,135126500,13:51:27,8839,354,2170,31385640,0,0,0
AP203,20220218,20220218,135127000,13:51:27,8839,354,2170,31385640,0,0,0
AP203,20220218,20220218,135127500,13:51:27,8839,355,2171,31474300,1,1,88660
AP203,20220218,20220218,135128500,13:51:29,8839,355,2171,31474300,0,0,0
AP203,20220218,20220218,135129500,13:51:29,8839,356,2172,31559400,1,1,85100
AP203,20220218,20220218,135132500,13:51:32,8839,357,2173,31648050,1,1,88650
AP203,20220218,20220218,135134000,13:51:34,8839,357,2173,31648050,0,0,0
AP203,20220218,20220218,135142500,13:51:42,8839,358,2174,31736700,1,1,88650
AP203,20220218,20220218,135154000,13:51:54,8839,359,2175,31825350,1,1,88650
AP203,20220218,20220218,135159500,13:51:59,8839,359,2175,31825350,0,0,0
AP203,20220218,20220218,135202000,13:52:03,8839,359,2175,31825350,0,0,0
AP203,20220218,20220218,135202500,13:52:03,8839,359,2175,31825350,0,0,0
AP203,20220218,20220218,135203000,13:52:03,8839,359,2175,31825350,0,0,0
AP203,20220218,20220218,135203500,13:52:04,8839,359,2175,31825350,0,0,0
AP203,20220218,20220218,135205000,13:52:05,8839,359,2175,31825350,0,0,0
AP203,20220218,20220218,135205500,13:52:06,8839,359,2175,31825350,0,0,0
AP203,20220218,20220218,135210000,13:52:11,8839,359,2175,31825350,0,0,0
AP203,20220218,20220218,135221500,13:52:24,8839,359,2175,31825350,0,0,0
AP203,20220218,20220218,135223000,13:52:24,8839,359,2175,31825350,0,0,0
AP203,20220218,20220218,135226000,13:52:26,8839,359,2175,31825350,0,0,0
AP203,20220218,20220218,135235500,13:52:36,8839,359,2175,31825350,0,0,0
AP203,20220218,20220218,135244000,13:52:45,8839,359,2175,31825350,0,0,0
AP203,20220218,20220218,135245500,13:52:48,8839,359,2175,31825350,0,0,0
AP203,20220218,20220218,135246500,13:52:48,8839,359,2175,31825350,0,0,0
AP203,20220218,20220218,135248500,13:52:49,8839,359,2175,31825350,0,0,0
AP203,20220218,20220218,135253500,13:52:54,8839,359,2175,31825350,0,0,0
AP203,20220218,20220218,135302500,13:53:02,8839,359,2175,31825350,0,0,0
AP203,20220218,20220218,135303000,13:53:03,8839,359,2175,31825350,0,0,0
AP203,20220218,20220218,135309000,13:53:09,8839,359,2175,31825350,0,0,0
AP203,20220218,20220218,135324000,13:53:25,8839,359,2175,31825350,0,0,0
AP203,20220218,20220218,135326000,13:53:26,8839,359,2175,31825350,0,0,0
AP203,20220218,20220218,135343000,13:53:45,8839,359,2175,31825350,0,0,0
AP203,20220218,20220218,135345000,13:53:46,8839,359,2175,31825350,0,0,0
AP203,20220218,20220218,135346500,13:53:47,8839,359,2175,31825350,0,0,0
AP203,20220218,20220218,135352000,13:53:53,8839,359,2175,31825350,0,0,0
AP203,20220218,20220218,135355000,13:53:55,8839,359,2175,31825350,0,0,0
AP203,20220218,20220218,135400500,13:54:08,8839,359,2175,31825350,0,0,0
AP203,20220218,20220218,135407500,13:54:09,8839,359,2175,31825350,0,0,0
AP203,20220218,20220218,135412000,13:54:12,8839,359,2175,31825350,0,0,0
AP203,20220218,20220218,135412500,13:54:12,8839,359,2175,31825350,0,0,0
AP203,20220218,20220218,135417000,13:54:17,8839,359,2175,31825350,0,0,0
AP203,20220218,20220218,135421000,13:54:21,8839,359,2175,31825350,0,0,0
AP203,20220218,20220218,135421500,13:54:21,8839,359,2175,31825350,0,0,0
AP203,20220218,20220218,135423500,13:54:23,8839,359,2175,31825350,0,0,0
AP203,20220218,20220218,135424500,13:54:24,8839,359,2175,31825350,0,0,0
AP203,20220218,20220218,135426000,13:54:26,8839,359,2175,31825350,0,0,0
AP203,20220218,20220218,135427500,13:54:28,8839,359,2175,31825350,0,0,0
AP203,20220218,20220218,135429500,13:54:31,8839,359,2175,31825350,0,0,0
AP203,20220218,20220218,135430000,13:54:31,8839,359,2175,31825350,0,0,0
AP203,20220218,20220218,135430500,13:54:31,8839,359,2175,31825350,0,0,0
AP203,20220218,20220218,135432500,13:54:33,8839,359,2175,31825350,0,0,0
AP203,20220218,20220218,135435500,13:54:35,8839,359,2175,31825350,0,0,0
AP203,20220218,20220218,135441000,13:54:41,8839,359,2175,31825350,0,0,0
AP203,20220218,20220218,135441500,13:54:42,8839,359,2175,31825350,0,0,0
AP203,20220218,20220218,135442000,13:54:42,8839,359,2175,31825350,0,0,0
AP203,20220218,20220218,135442500,13:54:43,8839,359,2175,31825350,0,0,0
AP203,20220218,20220218,135445500,13:54:45,8839,359,2175,31825350,0,0,0
AP203,20220218,20220218,135446500,13:54:47,8839,359,2175,31825350,0,0,0
AP203,20220218,20220218,135447000,13:54:47,8839,359,2175,31825350,0,0,0
AP203,20220218,20220218,135447500,13:54:47,8839,359,2175,31825350,0,0,0
AP203,20220218,20220218,135448000,13:54:48,8839,359,2175,31825350,0,0,0
AP203,20220218,20220218,135449500,13:54:49,8839,359,2175,31825350,0,0,0
AP203,20220218,20220218,135451000,13:54:51,8839,359,2175,31825350,0,0,0
AP203,20220218,20220218,135452000,13:54:52,8839,359,2175,31825350,0,0,0
AP203,20220218,20220218,135452500,13:54:52,8839,359,2175,31825350,0,0,0
AP203,20220218,20220218,135453000,13:54:53,8839,359,2175,31825350,0,0,0
AP203,20220218,20220218,135453500,13:54:54,8839,359,2175,31825350,0,0,0
AP203,20220218,20220218,135454000,13:54:54,8839,359,2175,31825350,0,0,0
AP203,20220218,20220218,135454500,13:54:54,8839,359,2175,31825350,0,0,0
AP203,20220218,20220218,135455000,13:54:55,8839,359,2175,31825350,0,0,0
AP203,20220218,20220218,135459500,13:54:59,8839,359,2175,31825350,0,0,0
AP203,20220218,20220218,135500500,13:55:00,8839,359,2175,31825350,0,0,0
AP203,20220218,20220218,135501000,13:55:01,8839,359,2175,31825350,0,0,0
AP203,20220218,20220218,135509500,13:55:12,8839,359,2175,31825350,0,0,0
AP203,20220218,20220218,135515000,13:55:15,8839,359,2175,31825350,0,0,0
AP203,20220218,20220218,135515500,13:55:16,8839,359,2175,31825350,0,0,0
AP203,20220218,20220218,135516000,13:55:16,8839,359,2175,31825350,0,0,0
AP203,20220218,20220218,135518000,13:55:21,8839,359,2175,31825350,0,0,0
AP203,20220218,20220218,135518500,13:55:24,8839,359,2175,31825350,0,0,0
AP203,20220218,20220218,135527000,13:55:28,8839,359,2175,31825350,0,0,0
AP203,20220218,20220218,135527500,13:55:28,8839,359,2175,31825350,0,0,0
AP203,20220218,20220218,135528500,13:55:28,8839,359,2175,31825350,0,0,0
AP203,20220218,20220218,135529000,13:55:29,8839,359,2175,31825350,0,0,0
AP203,20220218,20220218,135529500,13:55:30,8839,359,2175,31825350,0,0,0
AP203,20220218,20220218,135531500,13:55:32,8839,359,2175,31825350,0,0,0
AP203,20220218,20220218,135533000,13:55:33,8839,359,2175,31825350,0,0,0
AP203,20220218,20220218,135538000,13:55:38,8839,359,2175,31825350,0,0,0
AP203,20220218,20220218,135538500,13:55:39,8839,359,2175,31825350,0,0,0
AP203,20220218,20220218,135540500,13:55:41,8839,359,2175,31825350,0,0,0
AP203,20220218,20220218,135616500,13:56:23,8839,359,2175,31825350,0,0,0
AP203,20220218,20220218,135634000,13:56:35,8839,359,2175,31825350,0,0,0
AP203,20220218,20220218,135635500,13:56:35,8839,359,2175,31825350,0,0,0
AP203,20220218,20220218,135642000,13:56:43,8839,359,2175,31825350,0,0,0
AP203,20220218,20220218,135649000,13:56:50,8839,359,2175,31825350,0,0,0
AP203,20220218,20220218,135700500,13:57:01,8839,359,2175,31825350,0,0,0
AP203,20220218,20220218,135701500,13:57:02,8839,359,2175,31825350,0,0,0
AP203,20220218,20220218,135702500,13:57:02,8839,359,2175,31825350,0,0,0
