MA203,20220218,20220218,112002500,11:20:08,2704,1564,13953,41727520,1564,-1199,41727520
MA203,20220218,20220218,112005500,11:20:10,2704,1564,13953,41727520,0,0,0
MA203,20220218,20220218,112016500,11:20:16,2704,1564,13953,41727520,0,0,0
MA203,20220218,20220218,112017000,11:20:17,2704,1564,13953,41727520,0,0,0
MA203,20220218,20220218,112018000,11:20:18,2704,1564,13953,41727520,0,0,0
MA203,20220218,20220218,112018500,11:20:18,2704,1564,13953,41727520,0,0,0
MA203,20220218,20220218,112019500,11:20:20,2704,1564,13953,41727520,0,0,0
MA203,20220218,20220218,112020500,11:20:20,2704,1564,13953,41727520,0,0,0
MA203,20220218,20220218,112021000,11:20:21,2704,1564,13953,41727520,0,0,0
MA203,20220218,20220218,112028500,11:20:28,2704,1564,13953,41727520,0,0,0
MA203,20220218,20220218,112029000,11:20:29,2704,1564,13953,41727520,0,0,0
MA203,20220218,20220218,112029500,11:20:29,2704,1564,13953,41727520,0,0,0
MA203,20220218,20220218,112030000,11:20:31,2704,1564,13953,41727520,0,0,0
MA203,20220218,20220218,112031000,11:20:31,2704,1564,13953,41727520,0,0,0
MA203,20220218,20220218,112031500,11:20:32,2704,1564,13953,41727520,0,0,0
MA203,20220218,20220218,112032000,11:20:32,2704,1564,13953,41727520,0,0,0
MA203,20220218,20220218,112037500,11:20:38,2704,1564,13953,41727520,0,0,0
MA203,20220218,20220218,112038000,11:20:38,2704,1564,13953,41727520,0,0,0
MA203,20220218,20220218,112051000,11:20:51,2704,1564,13953,41727520,0,0,0
MA203,20220218,20220218,112053000,11:20:53,2704,1564,13953,41727520,0,0,0
MA203,20220218,20220218,112053500,11:20:53,2704,1564,13953,41727520,0,0,0
MA203,20220218,20220218,112101000,11:21:01,2704,1564,13953,41727520,0,0,0
MA203,20220218,20220218,112101500,11:21:02,2704,1564,13953,41727520,0,0,0
MA203,20220218,20220218,112103000,11:21:03,2704,1564,13953,41727520,0,0,0
MA203,20220218,20220218,112103500,11:21:04,2704,1564,13953,41727520,0,0,0
MA203,20220218,20220218,112104000,11:21:04,2704,1564,13953,41727520,0,0,0
MA203,20220218,20220218,112104500,11:21:05,2704,1564,13953,41727520,0,0,0
MA203,20220218,20220218,112105000,11:21:05,2704,1564,13953,41727520,0,0,0
MA203,20220218,20220218,112332000,11:23:33,2704,1564,13953,41727520,0,0,0
MA203,20220218,20220218,112341000,11:23:41,2704,1564,13953,41727520,0,0,0
MA203,20220218,20220218,112347500,11:23:48,2704,1564,13953,41727520,0,0,0
MA203,20220218,20220218,112348500,11:23:49,2704,1564,13953,41727520,0,0,0
MA203,20220218,20220218,112349500,11:23:50,2704,1564,13953,41727520,0,0,0
MA203,20220218,20220218,112353000,11:23:53,2704,1564,13953,41727520,0,0,0
MA203,20220218,20220218,112417500,11:24:18,2704,1564,13953,41727520,0,0,0
MA203,20220218,20220218,112423500,11:24:23,2704,1564,13953,41727520,0,0,0
MA203,20220218,20220218,112424000,11:24:24,2704,1564,13953,41727520,0,0,0
MA203,20220218,20220218,112425000,11:24:25,2706,1568,13949,41834240,4,-4,106720
MA203,20220218,20220218,112425500,11:24:25,2706,1568,13949,41834240,0,0,0
MA203,20220218,20220218,112431000,11:24:31,2705,1569,13948,41860920,1,-1,26680
MA203,20220218,20220218,112502000,11:25:05,2705,1569,13948,41860920,0,0,0
MA203,20220218,20220218,112503000,11:25:06,2705,1569,13948,41860920,0,0,0
MA203,20220218,20220218,112504000,11:25:06,2705,1569,13948,41860920,0,0,0
MA203,20220218,20220218,112506000,11:25:07,2705,1569,13948,41860920,0,0,0
MA203,20220218,20220218,112507000,11:25:07,2705,1569,13948,41860920,0,0,0
MA203,20220218,20220218,112508000,11:25:08,2705,1569,13948,41860920,0,0,0
MA203,20220218,20220218,112510000,11:25:10,2705,1569,13948,41860920,0,0,0
MA203,20220218,20220218,112510500,11:25:10,2705,1569,13948,41860920,0,0,0
MA203,20220218,20220218,112517500,11:25:18,2705,1569,13948,41860920,0,0,0
MA203,20220218,20220218,112518000,11:25:18,2705,1569,13948,41860920,0,0,0
MA203,20220218,20220218,112521000,11:25:21,2705,1569,13948,41860920,0,0,0
MA203,20220218,20220218,112530000,11:25:30,2707,1570,13947,41887600,1,-1,26680
MA203,20220218,20220218,112530500,11:25:31,2707,1570,13947,41887600,0,0,0
MA203,20220218,20220218,112531000,11:25:31,2707,1570,13947,41887600,0,0,0
MA203,20220218,20220218,112533000,11:25:33,2707,1570,13947,41887600,0,0,0
MA203,20220218,20220218,112533500,11:25:33,2707,1570,13947,41887600,0,0,0
MA203,20220218,20220218,112539000,11:25:39,2707,1570,13947,41887600,0,0,0
MA203,20220218,20220218,112545000,11:25:45,2707,1570,13947,41887600,0,0,0
MA203,20220218,20220218,112546500,11:25:48,2707,1570,13947,41887600,0,0,0
MA203,20220218,20220218,112547000,11:25:48,2707,1570,13947,41887600,0,0,0
MA203,20220218,20220218,112547500,11:25:48,2707,1570,13947,41887600,0,0,0
MA203,20220218,20220218,112548000,11:25:48,2707,1570,13947,41887600,0,0,0
MA203,20220218,20220218,112548500,11:25:48,2707,1570,13947,41887600,0,0,0
MA203,20220218,20220218,112549500,11:25:49,2707,1570,13947,41887600,0,0,0
MA203,20220218,20220218,112601000,11:26:01,2707,1570,13947,41887600,0,0,0
MA203,20220218,20220218,112602000,11:26:03,2707,1570,13947,41887600,0,0,0
MA203,20220218,20220218,112603000,11:26:03,2707,1570,13947,41887600,0,0,0
MA203,20220218,20220218,112604500,11:26:05,2707,1570,13947,41887600,0,0,0
MA203,20220218,20220218,112605000,11:26:05,2707,1570,13947,41887600,0,0,0
MA203,20220218,20220218,112609500,11:26:10,2707,1570,13947,41887600,0,0,0
MA203,20220218,20220218,112610000,11:26:10,2707,1570,13947,41887600,0,0,0
MA203,20220218,20220218,112610500,11:26:10,2707,1570,13947,41887600,0,0,0
MA203,20220218,20220218,112611000,11:26:11,2707,1570,13947,41887600,0,0,0
MA203,20220218,20220218,112611500,11:26:11,2707,1570,13947,41887600,0,0,0
MA203,20220218,20220218,112612000,11:26:14,2707,1570,13947,41887600,0,0,0
MA203,20220218,20220218,112612500,11:26:14,2707,1570,13947,41887600,0,0,0
MA203,20220218,20220218,112613000,11:26:15,2707,1570,13947,41887600,0,0,0
MA203,20220218,20220218,112614000,11:26:15,2707,1570,13947,41887600,0,0,0
MA203,20220218,20220218,112614500,11:26:15,2707,1570,13947,41887600,0,0,0
MA203,20220218,20220218,112615000,11:26:16,2707,1570,13947,41887600,0,0,0
MA203,20220218,20220218,112615500,11:26:16,2707,1570,13947,41887600,0,0,0
MA203,20220218,20220218,112616000,11:26:16,2707,1570,13947,41887600,0,0,0
MA203,20220218,20220218,112616500,11:26:16,2707,1570,13947,41887600,0,0,0
MA203,20220218,20220218,112617000,11:26:17,2707,1570,13947,41887600,0,0,0
MA203,20220218,20220218,112620000,11:26:20,2707,1570,13947,41887600,0,0,0
MA203,20220218,20220218,112620500,11:26:20,2707,1570,13947,41887600,0,0,0
MA203,20220218,20220218,112621000,11:26:21,2707,1570,13947,41887600,0,0,0
MA203,20220218,20220218,112621500,11:26:21,2707,1570,13947,41887600,0,0,0
MA203,20220218,20220218,112622000,11:26:22,2707,1570,13947,41887600,0,0,0
MA203,20220218,20220218,112622500,11:26:22,2707,1570,13947,41887600,0,0,0
MA203,20220218,20220218,112629000,11:26:29,2707,1570,13947,41887600,0,0,0
MA203,20220218,20220218,112629500,11:26:30,2707,1570,13947,41887600,0,0,0
MA203,20220218,20220218,112630000,11:26:31,2707,1570,13947,41887600,0,0,0
MA203,20220218,20220218,112631000,11:26:31,2707,1570,13947,41887600,0,0,0
MA203,20220218,20220218,112631500,11:26:31,2707,1570,13947,41887600,0,0,0
MA203,20220218,20220218,112633000,11:26:33,2707,1570,13947,41887600,0,0,0
MA203,20220218,20220218,112634500,11:26:37,2707,1570,13947,41887600,0,0,0
MA203,20220218,20220218,112635000,11:26:37,2707,1570,13947,41887600,0,0,0
MA203,20220218,20220218,112638000,11:27:10,2707,1570,13947,41887600,0,0,0
MA203,20220218,20220218,112638500,11:27:10,2707,1570,13947,41887600,0,0,0
MA203,20220218,20220218,112653000,11:27:10,2707,1570,13947,41887600,0,0,0
MA203,20220218,20220218,112710000,11:27:12,2707,1570,13947,41887600,0,0,0
MA203,20220218,20220218,112710500,11:27:12,2707,1570,13947,41887600,0,0,0
MA203,20220218,20220218,112712000,11:27:12,2707,1570,13947,41887600,0,0,0
MA203,20220218,20220218,112712500,11:27:13,2707,1570,13947,41887600,0,0,0
MA203,20220218,20220218,112713000,11:27:13,2707,1570,13947,41887600,0,0,0
MA203,20220218,20220218,112713500,11:27:14,2707,1570,13947,41887600,0,0,0
MA203,20220218,20220218,112714500,11:27:15,2707,1570,13947,41887600,0,0,0
MA203,20220218,20220218,112715000,11:27:15,2707,1570,13947,41887600,0,0,0
MA203,20220218,20220218,112715500,11:27:16,2707,1570,13947,41887600,0,0,0
MA203,20220218,20220218,112716000,11:27:17,2707,1570,13947,41887600,0,0,0
MA203,20220218,20220218,112716500,11:27:17,2707,1570,13947,41887600,0,0,0
MA203,20220218,20220218,112717000,11:27:17,2707,1570,13947,41887600,0,0,0
MA203,20220218,20220218,112717500,11:27:17,2707,1570,13947,41887600,0,0,0
MA203,20220218,20220218,112718000,11:27:18,2707,1570,13947,41887600,0,0,0
MA203,20220218,20220218,112718500,11:27:19,2707,1570,13947,41887600,0,0,0
MA203,20220218,20220218,112719000,11:27:19,2707,1570,13947,41887600,0,0,0
MA203,20220218,20220218,112719500,11:27:20,2707,1570,13947,41887600,0,0,0
MA203,20220218,20220218,112726500,11:27:27,2707,1570,13947,41887600,0,0,0
MA203,20220218,20220218,112730500,11:27:31,2707,1570,13947,41887600,0,0,0
MA203,20220218,20220218,112731000,11:27:32,2707,1570,13947,41887600,0,0,0
MA203,20220218,20220218,112731500,11:27:35,2707,1570,13947,41887600,0,0,0
MA203,20220218,20220218,112732000,11:27:35,2707,1570,13947,41887600,0,0,0
MA203,20220218,20220218,112732500,11:27:36,2707,1570,13947,41887600,0,0,0
MA203,20220218,20220218,112735000,11:27:36,2707,1570,13947,41887600,0,0,0
MA203,20220218,20220218,112742500,11:27:43,2707,1570,13947,41887600,0,0,0
MA203,20220218,20220218,112748000,11:27:48,2707,1570,13947,41887600,0,0,0
MA203,20220218,20220218,112753500,11:27:54,2707,1570,13947,41887600,0,0,0
MA203,20220218,20220218,112754500,11:27:55,2707,1570,13947,41887600,0,0,0
MA203,20220218,20220218,112755000,11:27:55,2707,1570,13947,41887600,0,0,0
MA203,20220218,20220218,112755500,11:27:55,2707,1570,13947,41887600,0,0,0
MA203,20220218,20220218,112758000,11:27:58,2709,1580,13937,42170200,10,-10,282600
MA203,20220218,20220218,112758500,11:27:59,2709,1580,13937,42170200,0,0,0
MA203,20220218,20220218,112759500,11:27:59,2709,1580,13937,42170200,0,0,0
MA203,20220218,20220218,112800000,11:28:00,2709,1580,13937,42170200,0,0,0
MA203,20220218,20220218,112800500,11:28:01,2709,1580,13937,42170200,0,0,0
MA203,20220218,20220218,112801000,11:28:01,2709,1580,13937,42170200,0,0,0
MA203,20220218,20220218,112801500,11:28:02,2709,1580,13937,42170200,0,0,0
MA203,20220218,20220218,112802000,11:28:03,2710,1601,13922,42730690,21,-15,560490
MA203,20220218,20220218,112802500,11:28:03,2710,1607,13916,42890830,6,-6,160140
MA203,20220218,20220218,112803000,11:28:03,2710,1607,13916,42890830,0,0,0
MA203,20220218,20220218,112803500,11:28:04,2710,1607,13916,42890830,0,0,0
MA203,20220218,20220218,112804000,11:28:04,2710,1607,13916,42890830,0,0,0
MA203,20220218,20220218,112804500,11:28:05,2710,1607,13916,42890830,0,0,0
MA203,20220218,20220218,112805000,11:28:06,2710,1607,13916,42890830,0,0,0
MA203,20220218,20220218,112805500,11:28:06,2710,1607,13916,42890830,0,0,0
MA203,20220218,20220218,112806000,11:28:08,2710,1607,13916,42890830,0,0,0
MA203,20220218,20220218,112806500,11:28:10,2710,1607,13916,42890830,0,0,0
MA203,20220218,20220218,112807000,11:28:10,2710,1607,13916,42890830,0,0,0
MA203,20220218,20220218,112807500,11:28:11,2710,1607,13916,42890830,0,0,0
MA203,20220218,20220218,112809500,11:28:11,2710,1607,13916,42890830,0,0,0
MA203,20220218,20220218,112813000,11:28:13,2710,1607,13916,42890830,0,0,0
MA203,20220218,20220218,112813500,11:28:13,2710,1607,13916,42890830,0,0,0
MA203,20220218,20220218,112815500,11:28:15,2710,1607,13916,42890830,0,0,0
MA203,20220218,20220218,112816000,11:28:16,2710,1607,13916,42890830,0,0,0
MA203,20220218,20220218,112816500,11:28:16,2710,1607,13916,42890830,0,0,0
MA203,20220218,20220218,112817000,11:28:17,2710,1607,13916,42890830,0,0,0
MA203,20220218,20220218,112817500,11:28:17,2710,1607,13916,42890830,0,0,0
MA203,20220218,20220218,112819500,11:28:19,2710,1607,13916,42890830,0,0,0
MA203,20220218,20220218,112820000,11:28:20,2710,1607,13916,42890830,0,0,0
MA203,20220218,20220218,112820500,11:28:20,2710,1607,13916,42890830,0,0,0
MA203,20220218,20220218,112821500,11:28:22,2710,1607,13916,42890830,0,0,0
MA203,20220218,20220218,112822000,11:28:22,2710,1607,13916,42890830,0,0,0
MA203,20220218,20220218,112822500,11:28:22,2710,1607,13916,42890830,0,0,0
MA203,20220218,20220218,112826500,11:28:26,2710,1607,13916,42890830,0,0,0
MA203,20220218,20220218,112828500,11:28:28,2710,1607,13916,42890830,0,0,0
MA203,20220218,20220218,112829500,11:28:29,2710,1607,13916,42890830,0,0,0
MA203,20220218,20220218,112830000,11:28:30,2710,1607,13916,42890830,0,0,0
MA203,20220218,20220218,112830500,11:28:31,2710,1607,13916,42890830,0,0,0
MA203,20220218,20220218,112831000,11:28:31,2710,1607,13916,42890830,0,0,0
MA203,20220218,20220218,112831500,11:28:31,2710,1607,13916,42890830,0,0,0
MA203,20220218,20220218,112832000,11:28:32,2710,1607,13916,42890830,0,0,0
MA203,20220218,20220218,112832500,11:28:33,2710,1607,13916,42890830,0,0,0
MA203,20220218,20220218,112833000,11:28:33,2710,1607,13916,42890830,0,0,0
MA203,20220218,20220218,112833500,11:28:33,2710,1607,13916,42890830,0,0,0
MA203,20220218,20220218,112835000,11:28:35,2710,1607,13916,42890830,0,0,0
MA203,20220218,20220218,112835500,11:28:36,2710,1607,13916,42890830,0,0,0
MA203,20220218,20220218,112836000,11:28:37,2710,1607,13916,42890830,0,0,0
MA203,20220218,20220218,112836500,11:28:37,2710,1607,13916,42890830,0,0,0
MA203,20220218,20220218,112837500,11:28:37,2710,1607,13916,42890830,0,0,0
MA203,20220218,20220218,112838000,11:28:38,2710,1607,13916,42890830,0,0,0
MA203,20220218,20220218,112838500,11:28:38,2710,1607,13916,42890830,0,0,0
MA203,20220218,20220218,112839000,11:28:39,2710,1607,13916,42890830,0,0,0
MA203,20220218,20220218,112839500,11:28:40,2710,1607,13916,42890830,0,0,0
MA203,20220218,20220218,112840000,11:28:40,2710,1607,13916,42890830,0,0,0
MA203,20220218,20220218,112840500,11:28:40,2710,1607,13916,42890830,0,0,0
MA203,20220218,20220218,112841500,11:28:41,2710,1607,13916,42890830,0,0,0
MA203,20220218,20220218,112842000,11:28:42,2710,1607,13916,42890830,0,0,0
MA203,20220218,20220218,112842500,11:28:42,2710,1607,13916,42890830,0,0,0
MA203,20220218,20220218,112843000,11:28:43,2710,1607,13916,42890830,0,0,0
MA203,20220218,20220218,112843500,11:28:44,2710,1607,13916,42890830,0,0,0
MA203,20220218,20220218,112844500,11:28:44,2710,1607,13916,42890830,0,0,0
MA203,20220218,20220218,112845000,11:28:45,2710,1607,13916,42890830,0,0,0
MA203,20220218,20220218,112845500,11:28:45,2710,1607,13916,42890830,0,0,0
MA203,20220218,20220218,112846000,11:28:46,2710,1607,13916,42890830,0,0,0
MA203,20220218,20220218,112847500,11:28:47,2710,1607,13916,42890830,0,0,0
MA203,20220218,20220218,112849500,11:28:50,2710,1607,13916,42890830,0,0,0
MA203,20220218,20220218,112851000,11:28:51,2710,1607,13916,42890830,0,0,0
MA203,20220218,20220218,112853000,11:28:54,2710,1607,13916,42890830,0,0,0
MA203,20220218,20220218,112853500,11:28:54,2710,1607,13916,42890830,0,0,0
MA203,20220218,20220218,112854000,11:28:54,2710,1607,13916,42890830,0,0,0
MA203,20220218,20220218,112854500,11:28:54,2710,1607,13916,42890830,0,0,0
MA203,20220218,20220218,112855500,11:28:56,2710,1607,13916,42890830,0,0,0
MA203,20220218,20220218,112856000,11:28:56,2710,1607,13916,42890830,0,0,0
MA203,20220218,20220218,112856500,11:28:56,2710,1607,13916,42890830,0,0,0
MA203,20220218,20220218,112858500,11:28:59,2710,1607,13916,42890830,0,0,0
MA203,20220218,20220218,112859000,11:28:59,2710,1607,13916,42890830,0,0,0
MA203,20220218,20220218,112900000,11:29:00,2710,1607,13916,42890830,0,0,0
MA203,20220218,20220218,112901000,11:29:01,2710,1607,13916,42890830,0,0,0
MA203,20220218,20220218,112907000,11:29:07,2710,1607,13916,42890830,0,0,0
MA203,20220218,20220218,112911500,11:29:12,2710,1607,13916,42890830,0,0,0
MA203,20220218,20220218,112912000,11:29:12,2708,1608,13915,42917520,1,-1,26690
MA203,20220218,20220218,112912500,11:29:12,2708,1608,13915,42917520,0,0,0
MA203,20220218,20220218,112920500,11:29:21,2708,1608,13915,42917520,0,0,0
MA203,20220218,20220218,112926000,11:29:26,2708,1608,13915,42917520,0,0,0
MA203,20220218,20220218,112926500,11:29:26,2708,1608,13915,42917520,0,0,0
MA203,20220218,20220218,112928000,11:29:28,2708,1608,13915,42917520,0,0,0
MA203,20220218,20220218,112928500,11:29:28,2708,1608,13915,42917520,0,0,0
MA203,20220218,20220218,112929500,11:29:29,2708,1608,13915,42917520,0,0,0
MA203,20220218,20220218,112930500,11:29:30,2708,1608,13915,42917520,0,0,0
MA203,20220218,20220218,112931000,11:29:32,2708,1608,13915,42917520,0,0,0
MA203,20220218,20220218,112931500,11:29:32,2708,1608,13915,42917520,0,0,0
MA203,20220218,20220218,112932000,11:29:32,2708,1608,13915,42917520,0,0,0
MA203,20220218,20220218,112933000,11:29:37,2708,1608,13915,42917520,0,0,0
MA203,20220218,20220218,112936500,11:29:38,2708,1608,13915,42917520,0,0,0
MA203,20220218,20220218,112939500,11:29:39,2708,1608,13915,42917520,0,0,0
MA203,20220218,20220218,112940000,11:29:40,2708,1608,13915,42917520,0,0,0
MA203,20220218,20220218,112940500,11:29:40,2708,1608,13915,42917520,0,0,0
MA203,20220218,20220218,112942000,11:29:42,2708,1608,13915,42917520,0,0,0
MA203,20220218,20220218,112944500,11:29:45,2708,1608,13915,42917520,0,0,0
MA203,20220218,20220218,112945000,11:29:46,2708,1608,13915,42917520,0,0,0
MA203,20220218,20220218,112945500,11:29:46,2708,1608,13915,42917520,0,0,0
MA203,20220218,20220218,112946000,11:29:46,2708,1608,13915,42917520,0,0,0
MA203,20220218,20220218,112947500,11:29:48,2708,1608,13915,42917520,0,0,0
MA203,20220218,20220218,112948000,11:29:48,2708,1608,13915,42917520,0,0,0
MA203,20220218,20220218,112949500,11:29:50,2708,1608,13915,42917520,0,0,0
MA203,20220218,20220218,112951000,11:29:52,2708,1608,13915,42917520,0,0,0
MA203,20220218,20220218,112952000,11:29:52,2708,1608,13915,42917520,0,0,0
MA203,20220218,20220218,112953000,11:29:53,2708,1608,13915,42917520,0,0,0
MA203,20220218,20220218,112954500,11:29:54,2708,1608,13915,42917520,0,0,0
MA203,20220218,20220218,112957000,11:30:00,2708,1608,13915,42917520,0,0,0
MA203,20220218,20220218,112957500,11:30:02,2708,1608,13915,42917520,0,0,0
MA203,20220218,20220218,112959500,11:30:02,2708,1608,13915,42917520,0,0,0
MA203,20220218,20220218,113000000,11:30:03,2708,1608,13915,42917520,0,0,0
MA203,20220218,20220218,133001000,13:30:01,2708,1608,13915,42917520,0,0,0
MA203,20220218,20220218,133002000,13:30:08,2708,1608,13915,42917520,0,0,0
MA203,20220218,20220218,133002500,13:30:08,2709,1609,13915,42944210,1,0,26690
MA203,20220218,20220218,133008500,13:30:10,2709,1609,13915,42944210,0,0,0
MA203,20220218,20220218,133009500,13:30:10,2709,1609,13915,42944210,0,0,0
MA203,20220218,20220218,133010000,13:30:11,2709,1609,13915,42944210,0,0,0
MA203,20220218,20220218,133010500,13:30:12,2709,1609,13915,42944210,0,0,0
MA203,20220218,20220218,133011000,13:30:12,2709,1609,13915,42944210,0,0,0
MA203,20220218,20220218,133011500,13:30:13,2709,1609,13915,42944210,0,0,0
MA203,20220218,20220218,133012500,13:30:13,2709,1609,13915,42944210,0,0,0
MA203,20220218,20220218,133013000,13:30:13,2709,1609,13915,42944210,0,0,0
MA203,20220218,20220218,133013500,13:30:14,2709,1609,13915,42944210,0,0,0
MA203,20220218,20220218,133014000,13:30:15,2709,1609,13915,42944210,0,0,0
MA203,20220218,20220218,133015000,13:30:17,2709,1609,13915,42944210,0,0,0
MA203,20220218,20220218,133016000,13:30:18,2709,1609,13915,42944210,0,0,0
MA203,20220218,20220218,133017000,13:30:18,2709,1609,13915,42944210,0,0,0
MA203,20220218,20220218,133017500,13:30:18,2709,1609,13915,42944210,0,0,0
MA203,20220218,20220218,133018000,13:30:19,2709,1609,13915,42944210,0,0,0
MA203,20220218,20220218,133018500,13:30:19,2709,1609,13915,42944210,0,0,0
MA203,20220218,20220218,133019000,13:30:20,2709,1609,13915,42944210,0,0,0
MA203,20220218,20220218,133020500,13:30:21,2709,1609,13915,42944210,0,0,0
MA203,20220218,20220218,133021000,13:30:21,2709,1609,13915,42944210,0,0,0
MA203,20220218,20220218,133021500,13:30:22,2709,1609,13915,42944210,0,0,0
MA203,20220218,20220218,133022000,13:30:22,2709,1609,13915,42944210,0,0,0
MA203,20220218,20220218,133022500,13:30:38,2709,1609,13915,42944210,0,0,0
MA203,20220218,20220218,133023000,13:30:38,2709,1609,13915,42944210,0,0,0
MA203,20220218,20220218,133038000,13:30:40,2709,1609,13915,42944210,0,0,0
MA203,20220218,20220218,133040500,13:30:42,2709,1609,13915,42944210,0,0,0
MA203,20220218,20220218,133042000,13:30:44,2709,1609,13915,42944210,0,0,0
MA203,20220218,20220218,133043000,13:30:44,2709,1609,13915,42944210,0,0,0
MA203,20220218,20220218,133043500,13:30:44,2709,1609,13915,42944210,0,0,0
MA203,20220218,20220218,133045000,13:30:46,2709,1609,13915,42944210,0,0,0
MA203,20220218,20220218,133045500,13:30:47,2709,1609,13915,42944210,0,0,0
MA203,20220218,20220218,133046000,13:30:47,2709,1609,13915,42944210,0,0,0
MA203,20220218,20220218,133046500,13:30:47,2709,1609,13915,42944210,0,0,0
MA203,20220218,20220218,133047000,13:30:47,2709,1609,13915,42944210,0,0,0
MA203,20220218,20220218,133047500,13:30:48,2709,1609,13915,42944210,0,0,0
MA203,20220218,20220218,133048000,13:30:48,2709,1609,13915,42944210,0,0,0
MA203,20220218,20220218,133048500,13:30:49,2709,1609,13915,42944210,0,0,0
MA203,20220218,20220218,133049000,13:30:50,2709,1609,13915,42944210,0,0,0
MA203,20220218,20220218,133049500,13:30:50,2709,1609,13915,42944210,0,0,0
MA203,20220218,20220218,133050000,13:30:50,2709,1609,13915,42944210,0,0,0
MA203,20220218,20220218,133050500,13:30:51,2709,1609,13915,42944210,0,0,0
MA203,20220218,20220218,133051000,13:30:52,2709,1609,13915,42944210,0,0,0
MA203,20220218,20220218,133051500,13:30:52,2709,1609,13915,42944210,0,0,0
MA203,20220218,20220218,133052000,13:30:53,2709,1609,13915,42944210,0,0,0
MA203,20220218,20220218,133052500,13:30:53,2709,1609,13915,42944210,0,0,0
MA203,20220218,20220218,133053500,13:30:54,2709,1609,13915,42944210,0,0,0
MA203,20220218,20220218,133054000,13:30:54,2709,1609,13915,42944210,0,0,0
MA203,20220218,20220218,133054500,13:30:55,2709,1609,13915,42944210,0,0,0
MA203,20220218,20220218,133055000,13:30:55,2709,1609,13915,42944210,0,0,0
MA203,20220218,20220218,133055500,13:30:56,2709,1609,13915,42944210,0,0,0
MA203,20220218,20220218,133056000,13:30:57,2709,1609,13915,42944210,0,0,0
MA203,20220218,20220218,133057000,13:30:57,2709,1609,13915,42944210,0,0,0
MA203,20220218,20220218,133100000,13:31:00,2709,1609,13915,42944210,0,0,0
MA203,20220218,20220218,133101000,13:31:01,2709,1609,13915,42944210,0,0,0
MA203,20220218,20220218,133101500,13:31:01,2709,1609,13915,42944210,0,0,0
MA203,20220218,20220218,133102000,13:31:02,2709,1609,13915,42944210,0,0,0
MA203,20220218,20220218,133103000,13:31:03,2709,1609,13915,42944210,0,0,0
MA203,20220218,20220218,133105500,13:31:07,2709,1609,13915,42944210,0,0,0
MA203,20220218,20220218,133106000,13:31:08,2709,1609,13915,42944210,0,0,0
MA203,20220218,20220218,133107500,13:31:08,2709,1609,13915,42944210,0,0,0
MA203,20220218,20220218,133108500,13:31:09,2709,1609,13915,42944210,0,0,0
MA203,20220218,20220218,133109500,13:31:10,2709,1609,13915,42944210,0,0,0
MA203,20220218,20220218,133111000,13:31:11,2709,1609,13915,42944210,0,0,0
MA203,20220218,20220218,133111500,13:31:12,2709,1609,13915,42944210,0,0,0
MA203,20220218,20220218,133113000,13:31:13,2709,1609,13915,42944210,0,0,0
MA203,20220218,20220218,133113500,13:31:14,2709,1609,13915,42944210,0,0,0
MA203,20220218,20220218,133114500,13:31:15,2709,1609,13915,42944210,0,0,0
MA203,20220218,20220218,133116500,13:31:17,2709,1609,13915,42944210,0,0,0
MA203,20220218,20220218,133117500,13:31:18,2709,1609,13915,42944210,0,0,0
MA203,20220218,20220218,133119500,13:31:20,2709,1609,13915,42944210,0,0,0
MA203,20220218,20220218,133122000,13:31:22,2709,1609,13915,42944210,0,0,0
MA203,20220218,20220218,133159500,13:32:00,2709,1609,13915,42944210,0,0,0
MA203,20220218,20220218,133200000,13:32:00,2709,1609,13915,42944210,0,0,0
MA203,20220218,20220218,133209000,13:32:10,2709,1609,13915,42944210,0,0,0
MA203,20220218,20220218,133209500,13:32:10,2709,1609,13915,42944210,0,0,0
MA203,20220218,20220218,133210000,13:32:10,2709,1609,13915,42944210,0,0,0
MA203,20220218,20220218,133210500,13:32:13,2709,1609,13915,42944210,0,0,0
MA203,20220218,20220218,133211000,13:32:14,2709,1609,13915,42944210,0,0,0
MA203,20220218,20220218,133213000,13:32:15,2709,1609,13915,42944210,0,0,0
MA203,20220218,20220218,133214000,13:32:15,2709,1609,13915,42944210,0,0,0
MA203,20220218,20220218,133216000,13:32:17,2709,1609,13915,42944210,0,0,0
MA203,20220218,20220218,133216500,13:32:17,2709,1609,13915,42944210,0,0,0
MA203,20220218,20220218,133217000,13:32:17,2709,1609,13915,42944210,0,0,0
MA203,20220218,20220218,133218000,13:32:18,2709,1609,13915,42944210,0,0,0
MA203,20220218,20220218,133219000,13:32:20,2709,1609,13915,42944210,0,0,0
MA203,20220218,20220218,133220000,13:32:20,2709,1609,13915,42944210,0,0,0
MA203,20220218,20220218,133221500,13:32:22,2709,1609,13915,42944210,0,0,0
MA203,20220218,20220218,133222000,13:32:22,2709,1609,13915,42944210,0,0,0
MA203,20220218,20220218,133222500,13:32:23,2709,1609,13915,42944210,0,0,0
MA203,20220218,20220218,133224500,13:32:24,2709,1609,13915,42944210,0,0,0
MA203,20220218,20220218,133225000,13:32:25,2709,1609,13915,42944210,0,0,0
MA203,20220218,20220218,133225500,13:32:25,2709,1609,13915,42944210,0,0,0
MA203,20220218,20220218,133226000,13:32:27,2709,1609,13915,42944210,0,0,0
MA203,20220218,20220218,133229000,13:32:33,2709,1609,13915,42944210,0,0,0
MA203,20220218,20220218,133231000,13:32:34,2709,1609,13915,42944210,0,0,0
MA203,20220218,20220218,133234500,13:32:35,2709,1609,13915,42944210,0,0,0
MA203,20220218,20220218,133235000,13:32:36,2709,1609,13915,42944210,0,0,0
MA203,20220218,20220218,133239500,13:32:40,2709,1609,13915,42944210,0,0,0
MA203,20220218,20220218,133240000,13:32:40,2709,1609,13915,42944210,0,0,0
MA203,20220218,20220218,133240500,13:32:40,2709,1609,13915,42944210,0,0,0
MA203,20220218,20220218,133244000,13:32:44,2709,1609,13915,42944210,0,0,0
MA203,20220218,20220218,133245000,13:32:45,2709,1609,13915,42944210,0,0,0
MA203,20220218,20220218,133245500,13:32:45,2709,1609,13915,42944210,0,0,0
MA203,20220218,20220218,133246000,13:32:46,2709,1609,13915,42944210,0,0,0
MA203,20220218,20220218,133246500,13:32:47,2709,1609,13915,42944210,0,0,0
MA203,20220218,20220218,133247000,13:32:47,2709,1609,13915,42944210,0,0,0
MA203,20220218,20220218,133247500,13:32:48,2709,1609,13915,42944210,0,0,0
MA203,20220218,20220218,133248000,13:32:48,2709,1609,13915,42944210,0,0,0
MA203,20220218,20220218,133248500,13:32:49,2709,1609,13915,42944210,0,0,0
MA203,20220218,20220218,133250500,13:32:52,2703,1611,13914,42997590,2,-1,53380
MA203,20220218,20220218,133251500,13:32:53,2703,1611,13914,42997590,0,0,0
MA203,20220218,20220218,133252000,13:32:53,2703,1611,13914,42997590,0,0,0
MA203,20220218,20220218,133253000,13:32:53,2703,1611,13914,42997590,0,0,0
MA203,20220218,20220218,133254500,13:32:55,2703,1611,13914,42997590,0,0,0
MA203,20220218,20220218,133256000,13:32:56,2703,1611,13914,42997590,0,0,0
MA203,20220218,20220218,133257500,13:33:00,2703,1612,13913,43024280,1,-1,26690
MA203,20220218,20220218,133301000,13:33:02,2703,1612,13913,43024280,0,0,0
MA203,20220218,20220218,133302000,13:33:03,2703,1612,13913,43024280,0,0,0
MA203,20220218,20220218,133302500,13:33:03,2703,1612,13913,43024280,0,0,0
MA203,20220218,20220218,133303000,13:33:03,2703,1612,13913,43024280,0,0,0
MA203,20220218,20220218,133303500,13:33:04,2703,1612,13913,43024280,0,0,0
MA203,20220218,20220218,133306000,13:33:06,2703,1612,13913,43024280,0,0,0
MA203,20220218,20220218,133306500,13:33:06,2703,1612,13913,43024280,0,0,0
MA203,20220218,20220218,133308500,13:33:08,2703,1612,13913,43024280,0,0,0
MA203,20220218,20220218,133309000,13:33:09,2703,1612,13913,43024280,0,0,0
MA203,20220218,20220218,133309500,13:33:10,2703,1612,13913,43024280,0,0,0
MA203,20220218,20220218,133310000,13:33:11,2703,1612,13913,43024280,0,0,0
MA203,20220218,20220218,133310500,13:33:12,2703,1612,13913,43024280,0,0,0
MA203,20220218,20220218,133313500,13:33:14,2703,1612,13913,43024280,0,0,0
MA203,20220218,20220218,133314000,13:33:17,2703,1612,13913,43024280,0,0,0
MA203,20220218,20220218,133314500,13:33:17,2703,1612,13913,43024280,0,0,0
MA203,20220218,20220218,133315500,13:33:18,2703,1612,13913,43024280,0,0,0
MA203,20220218,20220218,133317000,13:33:18,2703,1612,13913,43024280,0,0,0
MA203,20220218,20220218,133321000,13:33:22,2703,1612,13913,43024280,0,0,0
MA203,20220218,20220218,133321500,13:33:22,2703,1612,13913,43024280,0,0,0
MA203,20220218,20220218,133322000,13:33:22,2703,1612,13913,43024280,0,0,0
MA203,20220218,20220218,133323000,13:33:23,2703,1612,13913,43024280,0,0,0
MA203,20220218,20220218,133323500,13:33:24,2703,1612,13913,43024280,0,0,0
MA203,20220218,20220218,133324000,13:33:24,2703,1612,13913,43024280,0,0,0
MA203,20220218,20220218,133324500,13:33:25,2703,1612,13913,43024280,0,0,0
MA203,20220218,20220218,133325000,13:33:26,2703,1612,13913,43024280,0,0,0
MA203,20220218,20220218,133325500,13:33:26,2703,1612,13913,43024280,0,0,0
MA203,20220218,20220218,133326000,13:33:27,2703,1612,13913,43024280,0,0,0
MA203,20220218,20220218,133326500,13:33:29,2703,1612,13913,43024280,0,0,0
MA203,20220218,20220218,133327000,13:33:29,2703,1612,13913,43024280,0,0,0
MA203,20220218,20220218,133327500,13:33:29,2703,1612,13913,43024280,0,0,0
MA203,20220218,20220218,133328500,13:33:30,2703,1612,13913,43024280,0,0,0
MA203,20220218,20220218,133329000,13:33:30,2703,1612,13913,43024280,0,0,0
MA203,20220218,20220218,133329500,13:33:30,2703,1612,13913,43024280,0,0,0
MA203,20220218,20220218,133330000,13:33:30,2703,1612,13913,43024280,0,0,0
MA203,20220218,20220218,133331500,13:33:32,2703,1612,13913,43024280,0,0,0
MA203,20220218,20220218,133332000,13:33:32,2703,1612,13913,43024280,0,0,0
MA203,20220218,20220218,133333500,13:33:33,2703,1612,13913,43024280,0,0,0
MA203,20220218,20220218,133334500,13:33:34,2703,1612,13913,43024280,0,0,0
MA203,20220218,20220218,133347000,13:33:48,2703,1612,13913,43024280,0,0,0
MA203,20220218,20220218,133347500,13:33:49,2703,1612,13913,43024280,0,0,0
MA203,20220218,20220218,133348000,13:33:49,2703,1612,13913,43024280,0,0,0
MA203,20220218,20220218,133348500,13:33:49,2703,1612,13913,43024280,0,0,0
MA203,20220218,20220218,133349000,13:33:50,2703,1612,13913,43024280,0,0,0
MA203,20220218,20220218,133349500,13:33:50,2703,1612,13913,43024280,0,0,0
MA203,20220218,20220218,133350000,13:33:50,2703,1612,13913,43024280,0,0,0
MA203,20220218,20220218,133350500,13:33:50,2703,1612,13913,43024280,0,0,0
MA203,20220218,20220218,133351000,13:33:51,2703,1612,13913,43024280,0,0,0
MA203,20220218,20220218,133351500,13:33:52,2703,1612,13913,43024280,0,0,0
MA203,20220218,20220218,133352000,13:33:52,2703,1612,13913,43024280,0,0,0
MA203,20220218,20220218,133352500,13:33:52,2703,1612,13913,43024280,0,0,0
MA203,20220218,20220218,133353000,13:33:53,2703,1612,13913,43024280,0,0,0
MA203,20220218,20220218,133357000,13:33:58,2703,1612,13913,43024280,0,0,0
MA203,20220218,20220218,133357500,13:33:58,2703,1612,13913,43024280,0,0,0
MA203,20220218,20220218,133358000,13:33:58,2703,1612,13913,43024280,0,0,0
MA203,20220218,20220218,133358500,13:33:58,2703,1612,13913,43024280,0,0,0
MA203,20220218,20220218,133359000,13:33:59,2703,1612,13913,43024280,0,0,0
MA203,20220218,20220218,133400500,13:34:00,2703,1612,13913,43024280,0,0,0
MA203,20220218,20220218,133402500,13:34:10,2703,1612,13913,43024280,0,0,0
MA203,20220218,20220218,133403000,13:34:10,2703,1612,13913,43024280,0,0,0
MA203,20220218,20220218,133410000,13:34:11,2703,1612,13913,43024280,0,0,0
MA203,20220218,20220218,133410500,13:34:12,2703,1612,13913,43024280,0,0,0
MA203,20220218,20220218,133411000,13:34:12,2703,1612,13913,43024280,0,0,0
MA203,20220218,20220218,133411500,13:34:12,2703,1612,13913,43024280,0,0,0
MA203,20220218,20220218,133435500,13:34:36,2703,1612,13913,43024280,0,0,0
MA203,20220218,20220218,133437000,13:34:37,2703,1612,13913,43024280,0,0,0
MA203,20220218,20220218,133437500,13:34:38,2703,1612,13913,43024280,0,0,0
MA203,20220218,20220218,133438000,13:34:38,2703,1612,13913,43024280,0,0,0
MA203,20220218,20220218,133448500,13:34:49,2703,1612,13913,43024280,0,0,0
MA203,20220218,20220218,133449000,13:34:49,2703,1612,13913,43024280,0,0,0
MA203,20220218,20220218,133449500,13:34:49,2703,1612,13913,43024280,0,0,0
MA203,20220218,20220218,133453000,13:34:53,2703,1612,13913,43024280,0,0,0
MA203,20220218,20220218,133453500,13:34:55,2703,1612,13913,43024280,0,0,0
MA203,20220218,20220218,133455000,13:34:56,2703,1612,13913,43024280,0,0,0
MA203,20220218,20220218,133455500,13:34:56,2703,1612,13913,43024280,0,0,0
MA203,20220218,20220218,133500500,13:35:00,2703,1612,13913,43024280,0,0,0
MA203,20220218,20220218,133501000,13:35:04,2703,1612,13913,43024280,0,0,0
MA203,20220218,20220218,133501500,13:35:04,2703,1612,13913,43024280,0,0,0
MA203,20220218,20220218,133504500,13:35:10,2703,1612,13913,43024280,0,0,0
MA203,20220218,20220218,133506500,13:35:10,2703,1612,13913,43024280,0,0,0
MA203,20220218,20220218,133510500,13:35:11,2703,1612,13913,43024280,0,0,0
MA203,20220218,20220218,133515500,13:35:15,2703,1612,13913,43024280,0,0,0
MA203,20220218,20220218,133516000,13:35:16,2703,1612,13913,43024280,0,0,0
MA203,20220218,20220218,133516500,13:35:16,2703,1612,13913,43024280,0,0,0
MA203,20220218,20220218,133517000,13:35:17,2703,1612,13913,43024280,0,0,0
MA203,20220218,20220218,133517500,13:35:18,2703,1612,13913,43024280,0,0,0
MA203,20220218,20220218,133518000,13:35:18,2703,1612,13913,43024280,0,0,0
MA203,20220218,20220218,133519500,13:35:20,2703,1612,13913,43024280,0,0,0
MA203,20220218,20220218,133524500,13:35:25,2703,1612,13913,43024280,0,0,0
MA203,20220218,20220218,133525000,13:35:25,2703,1612,13913,43024280,0,0,0
MA203,20220218,20220218,133525500,13:35:26,2703,1612,13913,43024280,0,0,0
MA203,20220218,20220218,133526000,13:35:26,2703,1612,13913,43024280,0,0,0
MA203,20220218,20220218,133534500,13:35:43,2703,1612,13913,43024280,0,0,0
MA203,20220218,20220218,133547000,13:35:47,2703,1612,13913,43024280,0,0,0
MA203,20220218,20220218,133548000,13:35:48,2703,1612,13913,43024280,0,0,0
MA203,20220218,20220218,133549000,13:35:49,2703,1612,13913,43024280,0,0,0
MA203,20220218,20220218,133549500,13:35:49,2703,1612,13913,43024280,0,0,0
MA203,20220218,20220218,133550000,13:35:50,2703,1612,13913,43024280,0,0,0
MA203,20220218,20220218,133550500,13:35:50,2713,1616,13909,43147200,4,-4,122920
MA203,20220218,20220218,133551000,13:35:51,2713,1616,13909,43147200,0,0,0
MA203,20220218,20220218,133551500,13:35:51,2713,1616,13909,43147200,0,0,0
MA203,20220218,20220218,133552000,13:35:52,2714,1626,13899,43414200,10,-10,267000
MA203,20220218,20220218,133552500,13:35:52,2715,1627,13898,43440900,1,-1,26700
MA203,20220218,20220218,133553000,13:35:53,2715,1627,13898,43440900,0,0,0
MA203,20220218,20220218,133553500,13:35:55,2715,1627,13898,43440900,0,0,0
MA203,20220218,20220218,133554500,13:35:55,2715,1627,13898,43440900,0,0,0
MA203,20220218,20220218,133559500,13:36:03,2715,1627,13898,43440900,0,0,0
MA203,20220218,20220218,133602500,13:36:03,2715,1627,13898,43440900,0,0,0
MA203,20220218,20220218,133603000,13:36:04,2715,1627,13898,43440900,0,0,0
MA203,20220218,20220218,133603500,13:36:05,2715,1627,13898,43440900,0,0,0
MA203,20220218,20220218,133604000,13:36:05,2715,1627,13898,43440900,0,0,0
MA203,20220218,20220218,133605000,13:36:06,2715,1627,13898,43440900,0,0,0
MA203,20220218,20220218,133611500,13:36:12,2715,1627,13898,43440900,0,0,0
MA203,20220218,20220218,133612000,13:36:12,2715,1627,13898,43440900,0,0,0
MA203,20220218,20220218,133612500,13:36:12,2715,1627,13898,43440900,0,0,0
MA203,20220218,20220218,133613000,13:36:13,2715,1627,13898,43440900,0,0,0
MA203,20220218,20220218,133614500,13:36:14,2715,1627,13898,43440900,0,0,0
MA203,20220218,20220218,133618500,13:36:19,2715,1627,13898,43440900,0,0,0
MA203,20220218,20220218,133619000,13:36:19,2715,1627,13898,43440900,0,0,0
MA203,20220218,20220218,133619500,13:36:19,2715,1627,13898,43440900,0,0,0
MA203,20220218,20220218,133620000,13:36:20,2715,1627,13898,43440900,0,0,0
MA203,20220218,20220218,133620500,13:36:20,2715,1627,13898,43440900,0,0,0
MA203,20220218,20220218,133621000,13:36:21,2715,1627,13898,43440900,0,0,0
MA203,20220218,20220218,133621500,13:36:21,2715,1627,13898,43440900,0,0,0
MA203,20220218,20220218,133622000,13:36:22,2715,1627,13898,43440900,0,0,0
MA203,20220218,20220218,133622500,13:36:22,2715,1627,13898,43440900,0,0,0
MA203,20220218,20220218,133623000,13:36:23,2715,1627,13898,43440900,0,0,0
MA203,20220218,20220218,133623500,13:36:23,2715,1627,13898,43440900,0,0,0
MA203,20220218,20220218,133628500,13:36:29,2715,1627,13898,43440900,0,0,0
MA203,20220218,20220218,133629000,13:36:29,2715,1628,13898,43467600,1,0,26700
MA203,20220218,20220218,133632000,13:36:32,2715,1628,13898,43467600,0,0,0
MA203,20220218,20220218,133632500,13:36:32,2715,1628,13898,43467600,0,0,0
MA203,20220218,20220218,133633000,13:36:33,2715,1628,13898,43467600,0,0,0
MA203,20220218,20220218,133633500,13:36:33,2715,1628,13898,43467600,0,0,0
MA203,20220218,20220218,133634000,13:36:34,2715,1628,13898,43467600,0,0,0
MA203,20220218,20220218,133634500,13:36:35,2715,1628,13898,43467600,0,0,0
MA203,20220218,20220218,133637000,13:36:38,2715,1628,13898,43467600,0,0,0
MA203,20220218,20220218,133637500,13:36:38,2715,1628,13898,43467600,0,0,0
MA203,20220218,20220218,133638000,13:36:38,2715,1628,13898,43467600,0,0,0
MA203,20220218,20220218,133638500,13:36:39,2715,1628,13898,43467600,0,0,0
MA203,20220218,20220218,133639000,13:36:39,2715,1628,13898,43467600,0,0,0
MA203,20220218,20220218,133639500,13:36:39,2715,1628,13898,43467600,0,0,0
MA203,20220218,20220218,133640000,13:36:40,2715,1628,13898,43467600,0,0,0
MA203,20220218,20220218,133640500,13:36:40,2715,1628,13898,43467600,0,0,0
MA203,20220218,20220218,133641000,13:36:41,2715,1628,13898,43467600,0,0,0
MA203,20220218,20220218,133642500,13:36:42,2715,1628,13898,43467600,0,0,0
MA203,20220218,20220218,133643000,13:36:43,2715,1628,13898,43467600,0,0,0
MA203,20220218,20220218,133643500,13:36:44,2715,1628,13898,43467600,0,0,0
MA203,20220218,20220218,133644000,13:36:44,2715,1628,13898,43467600,0,0,0
MA203,20220218,20220218,133644500,13:36:44,2715,1628,13898,43467600,0,0,0
MA203,20220218,20220218,133645000,13:36:45,2715,1628,13898,43467600,0,0,0
MA203,20220218,20220218,133645500,13:36:46,2715,1628,13898,43467600,0,0,0
MA203,20220218,20220218,133646000,13:36:46,2715,1628,13898,43467600,0,0,0
MA203,20220218,20220218,133646500,13:36:46,2715,1628,13898,43467600,0,0,0
MA203,20220218,20220218,133647000,13:36:47,2715,1628,13898,43467600,0,0,0
MA203,20220218,20220218,133647500,13:36:47,2715,1628,13898,43467600,0,0,0
MA203,20220218,20220218,133648000,13:36:48,2715,1628,13898,43467600,0,0,0
MA203,20220218,20220218,133648500,13:36:48,2715,1628,13898,43467600,0,0,0
MA203,20220218,20220218,133649000,13:36:49,2715,1628,13898,43467600,0,0,0
MA203,20220218,20220218,133649500,13:36:49,2715,1628,13898,43467600,0,0,0
MA203,20220218,20220218,133650000,13:36:50,2715,1628,13898,43467600,0,0,0
MA203,20220218,20220218,133650500,13:36:50,2715,1628,13898,43467600,0,0,0
MA203,20220218,20220218,133651000,13:36:51,2715,1628,13898,43467600,0,0,0
MA203,20220218,20220218,133651500,13:36:51,2715,1628,13898,43467600,0,0,0
MA203,20220218,20220218,133652000,13:36:52,2715,1628,13898,43467600,0,0,0
MA203,20220218,20220218,133652500,13:36:53,2715,1628,13898,43467600,0,0,0
MA203,20220218,20220218,133653000,13:36:53,2715,1628,13898,43467600,0,0,0
MA203,20220218,20220218,133654000,13:36:54,2715,1628,13898,43467600,0,0,0
MA203,20220218,20220218,133655000,13:36:55,2715,1628,13898,43467600,0,0,0
MA203,20220218,20220218,133655500,13:36:56,2715,1628,13898,43467600,0,0,0
MA203,20220218,20220218,133656000,13:36:56,2715,1628,13898,43467600,0,0,0
MA203,20220218,20220218,133656500,13:36:57,2715,1628,13898,43467600,0,0,0
MA203,20220218,20220218,133657000,13:36:58,2715,1628,13898,43467600,0,0,0
MA203,20220218,20220218,133657500,13:36:58,2715,1628,13898,43467600,0,0,0
MA203,20220218,20220218,133658000,13:36:58,2715,1628,13898,43467600,0,0,0
MA203,20220218,20220218,133658500,13:36:59,2715,1628,13898,43467600,0,0,0
MA203,20220218,20220218,133659000,13:36:59,2715,1628,13898,43467600,0,0,0
MA203,20220218,20220218,133659500,13:36:59,2715,1628,13898,43467600,0,0,0
MA203,20220218,20220218,133700000,13:37:00,2715,1628,13898,43467600,0,0,0
MA203,20220218,20220218,133709500,13:37:10,2715,1628,13898,43467600,0,0,0
MA203,20220218,20220218,133710000,13:37:11,2715,1628,13898,43467600,0,0,0
MA203,20220218,20220218,133710500,13:37:11,2715,1628,13898,43467600,0,0,0
MA203,20220218,20220218,133711000,13:37:11,2715,1628,13898,43467600,0,0,0
MA203,20220218,20220218,133711500,13:37:13,2715,1628,13898,43467600,0,0,0
MA203,20220218,20220218,133712000,13:37:13,2715,1628,13898,43467600,0,0,0
MA203,20220218,20220218,133712500,13:37:13,2715,1628,13898,43467600,0,0,0
MA203,20220218,20220218,133713000,13:37:13,2715,1628,13898,43467600,0,0,0
MA203,20220218,20220218,133714000,13:37:14,2715,1628,13898,43467600,0,0,0
MA203,20220218,20220218,133714500,13:37:14,2715,1628,13898,43467600,0,0,0
MA203,20220218,20220218,133715000,13:37:15,2715,1628,13898,43467600,0,0,0
MA203,20220218,20220218,133718500,13:37:19,2715,1628,13898,43467600,0,0,0
MA203,20220218,20220218,133719000,13:37:19,2715,1628,13898,43467600,0,0,0
MA203,20220218,20220218,133719500,13:37:20,2715,1628,13898,43467600,0,0,0
MA203,20220218,20220218,133720500,13:37:21,2715,1628,13898,43467600,0,0,0
MA203,20220218,20220218,133721000,13:37:21,2715,1628,13898,43467600,0,0,0
MA203,20220218,20220218,133721500,13:37:21,2715,1628,13898,43467600,0,0,0
MA203,20220218,20220218,133722000,13:37:22,2715,1628,13898,43467600,0,0,0
MA203,20220218,20220218,133722500,13:37:23,2715,1628,13898,43467600,0,0,0
MA203,20220218,20220218,133723000,13:37:23,2715,1628,13898,43467600,0,0,0
MA203,20220218,20220218,133723500,13:37:23,2715,1628,13898,43467600,0,0,0
MA203,20220218,20220218,133724000,13:37:24,2715,1628,13898,43467600,0,0,0
MA203,20220218,20220218,133724500,13:37:25,2715,1628,13898,43467600,0,0,0
MA203,20220218,20220218,133725000,13:37:25,2715,1628,13898,43467600,0,0,0
MA203,20220218,20220218,133725500,13:37:25,2715,1628,13898,43467600,0,0,0
MA203,20220218,20220218,133726000,13:37:26,2715,1628,13898,43467600,0,0,0
MA203,20220218,20220218,133726500,13:37:26,2715,1628,13898,43467600,0,0,0
MA203,20220218,20220218,133727000,13:37:27,2715,1628,13898,43467600,0,0,0
MA203,20220218,20220218,133748000,13:37:48,2715,1628,13898,43467600,0,0,0
MA203,20220218,20220218,133757500,13:37:58,2715,1628,13898,43467600,0,0,0
MA203,20220218,20220218,133758000,13:37:58,2715,1628,13898,43467600,0,0,0
MA203,20220218,20220218,133758500,13:37:58,2715,1628,13898,43467600,0,0,0
MA203,20220218,20220218,133759000,13:38:00,2715,1628,13898,43467600,0,0,0
MA203,20220218,20220218,133802500,13:38:05,2716,1629,13898,43494300,1,0,26700
MA203,20220218,20220218,133803000,13:38:06,2716,1629,13898,43494300,0,0,0
MA203,20220218,20220218,133803500,13:38:06,2716,1629,13898,43494300,0,0,0
MA203,20220218,20220218,133804000,13:38:06,2716,1629,13898,43494300,0,0,0
MA203,20220218,20220218,133809000,13:38:09,2716,1629,13898,43494300,0,0,0
MA203,20220218,20220218,133810000,13:38:10,2716,1629,13898,43494300,0,0,0
MA203,20220218,20220218,133810500,13:38:10,2716,1629,13898,43494300,0,0,0
MA203,20220218,20220218,133811000,13:38:14,2716,1629,13898,43494300,0,0,0
MA203,20220218,20220218,133811500,13:38:14,2716,1629,13898,43494300,0,0,0
MA203,20220218,20220218,133812000,13:38:14,2716,1629,13898,43494300,0,0,0
MA203,20220218,20220218,133814500,13:38:17,2716,1629,13898,43494300,0,0,0
MA203,20220218,20220218,133815000,13:38:17,2719,1630,13897,43521000,1,-1,26700
MA203,20220218,20220218,133815500,13:38:17,2719,1630,13897,43521000,0,0,0
MA203,20220218,20220218,133817000,13:38:18,2719,1630,13897,43521000,0,0,0
MA203,20220218,20220218,133822500,13:38:23,2719,1630,13897,43521000,0,0,0
MA203,20220218,20220218,133823000,13:38:24,2719,1630,13897,43521000,0,0,0
MA203,20220218,20220218,133824000,13:38:24,2719,1630,13897,43521000,0,0,0
MA203,20220218,20220218,133824500,13:38:28,2719,1630,13897,43521000,0,0,0
MA203,20220218,20220218,133825000,13:38:41,2719,1630,13897,43521000,0,0,0
MA203,20220218,20220218,133825500,13:38:41,2719,1630,13897,43521000,0,0,0
MA203,20220218,20220218,133831500,13:38:42,2719,1630,13897,43521000,0,0,0
MA203,20220218,20220218,133841000,13:38:43,2719,1630,13897,43521000,0,0,0
MA203,20220218,20220218,133913500,13:39:13,2720,1632,13896,43574400,2,-1,53400
MA203,20220218,20220218,133914000,13:39:14,2720,1632,13896,43574400,0,0,0
MA203,20220218,20220218,133914500,13:39:15,2720,1632,13896,43574400,0,0,0
MA203,20220218,20220218,133918500,13:39:19,2720,1632,13896,43574400,0,0,0
MA203,20220218,20220218,133919000,13:39:19,2720,1632,13896,43574400,0,0,0
MA203,20220218,20220218,133919500,13:39:19,2720,1632,13896,43574400,0,0,0
MA203,20220218,20220218,133924500,13:39:24,2720,1632,13896,43574400,0,0,0
MA203,20220218,20220218,133925000,13:39:25,2720,1632,13896,43574400,0,0,0
MA203,20220218,20220218,133926000,13:39:26,2720,1632,13896,43574400,0,0,0
MA203,20220218,20220218,133928000,13:39:28,2720,1632,13896,43574400,0,0,0
MA203,20220218,20220218,133932500,13:39:33,2720,1632,13896,43574400,0,0,0
MA203,20220218,20220218,133933500,13:39:33,2720,1632,13896,43574400,0,0,0
MA203,20220218,20220218,133934500,13:39:34,2720,1632,13896,43574400,0,0,0
MA203,20220218,20220218,133936000,13:39:36,2720,1632,13896,43574400,0,0,0
MA203,20220218,20220218,133937000,13:39:37,2720,1632,13896,43574400,0,0,0
MA203,20220218,20220218,133938000,13:39:38,2720,1632,13896,43574400,0,0,0
MA203,20220218,20220218,133938500,13:39:38,2720,1632,13896,43574400,0,0,0
MA203,20220218,20220218,133939500,13:39:39,2720,1632,13896,43574400,0,0,0
MA203,20220218,20220218,133943500,13:39:43,2720,1632,13896,43574400,0,0,0
MA203,20220218,20220218,133945000,13:39:45,2720,1632,13896,43574400,0,0,0
MA203,20220218,20220218,133945500,13:39:46,2720,1632,13896,43574400,0,0,0
MA203,20220218,20220218,133946000,13:39:46,2719,1633,13896,43601100,1,0,26700
MA203,20220218,20220218,133947500,13:39:47,2719,1633,13896,43601100,0,0,0
MA203,20220218,20220218,133948000,13:39:48,2719,1633,13896,43601100,0,0,0
MA203,20220218,20220218,133952000,13:39:52,2719,1633,13896,43601100,0,0,0
MA203,20220218,20220218,133952500,13:39:53,2719,1633,13896,43601100,0,0,0
MA203,20220218,20220218,133953000,13:39:53,2719,1633,13896,43601100,0,0,0
MA203,20220218,20220218,133953500,13:39:54,2719,1633,13896,43601100,0,0,0
MA203,20220218,20220218,133954500,13:39:55,2719,1633,13896,43601100,0,0,0
MA203,20220218,20220218,133955000,13:39:55,2719,1633,13896,43601100,0,0,0
MA203,20220218,20220218,133955500,13:39:55,2719,1633,13896,43601100,0,0,0
MA203,20220218,20220218,133956000,13:39:56,2719,1633,13896,43601100,0,0,0
MA203,20220218,20220218,133956500,13:39:57,2719,1633,13896,43601100,0,0,0
MA203,20220218,20220218,133957000,13:39:57,2719,1633,13896,43601100,0,0,0
MA203,20220218,20220218,133957500,13:40:12,2719,1633,13896,43601100,0,0,0
MA203,20220218,20220218,133958000,13:40:13,2719,1633,13896,43601100,0,0,0
MA203,20220218,20220218,133958500,13:40:13,2719,1633,13896,43601100,0,0,0
MA203,20220218,20220218,134009000,13:40:13,2719,1633,13896,43601100,0,0,0
MA203,20220218,20220218,134013500,13:40:13,2719,1633,13896,43601100,0,0,0
MA203,20220218,20220218,134014000,13:40:14,2719,1633,13896,43601100,0,0,0
MA203,20220218,20220218,134014500,13:40:15,2719,1633,13896,43601100,0,0,0
MA203,20220218,20220218,134015000,13:40:16,2719,1633,13896,43601100,0,0,0
MA203,20220218,20220218,134015500,13:40:16,2719,1633,13896,43601100,0,0,0
MA203,20220218,20220218,134016000,13:40:16,2719,1633,13896,43601100,0,0,0
MA203,20220218,20220218,134016500,13:40:17,2719,1633,13896,43601100,0,0,0
MA203,20220218,20220218,134017000,13:40:17,2719,1633,13896,43601100,0,0,0
MA203,20220218,20220218,134017500,13:40:18,2719,1633,13896,43601100,0,0,0
MA203,20220218,20220218,134018000,13:40:18,2719,1633,13896,43601100,0,0,0
MA203,20220218,20220218,134022500,13:40:22,2719,1633,13896,43601100,0,0,0
MA203,20220218,20220218,134023000,13:40:23,2719,1633,13896,43601100,0,0,0
MA203,20220218,20220218,134023500,13:40:23,2719,1633,13896,43601100,0,0,0
MA203,20220218,20220218,134026500,13:40:27,2719,1633,13896,43601100,0,0,0
MA203,20220218,20220218,134028500,13:40:29,2719,1633,13896,43601100,0,0,0
MA203,20220218,20220218,134029000,13:40:30,2719,1633,13896,43601100,0,0,0
MA203,20220218,20220218,134029500,13:40:30,2719,1633,13896,43601100,0,0,0
MA203,20220218,20220218,134030000,13:40:30,2719,1633,13896,43601100,0,0,0
MA203,20220218,20220218,134030500,13:40:30,2719,1633,13896,43601100,0,0,0
MA203,20220218,20220218,134031000,13:40:31,2719,1633,13896,43601100,0,0,0
MA203,20220218,20220218,134034500,13:40:35,2719,1633,13896,43601100,0,0,0
MA203,20220218,20220218,134035000,13:40:35,2719,1633,13896,43601100,0,0,0
MA203,20220218,20220218,134035500,13:40:36,2719,1633,13896,43601100,0,0,0
MA203,20220218,20220218,134037000,13:40:37,2719,1633,13896,43601100,0,0,0
MA203,20220218,20220218,134037500,13:40:37,2719,1633,13896,43601100,0,0,0
MA203,20220218,20220218,134038000,13:40:38,2719,1633,13896,43601100,0,0,0
MA203,20220218,20220218,134038500,13:40:38,2719,1633,13896,43601100,0,0,0
MA203,20220218,20220218,134039000,13:40:39,2719,1633,13896,43601100,0,0,0
MA203,20220218,20220218,134039500,13:40:40,2719,1633,13896,43601100,0,0,0
MA203,20220218,20220218,134040000,13:40:41,2719,1633,13896,43601100,0,0,0
MA203,20220218,20220218,134040500,13:40:41,2719,1633,13896,43601100,0,0,0
MA203,20220218,20220218,134041000,13:40:42,2719,1633,13896,43601100,0,0,0
MA203,20220218,20220218,134041500,13:40:42,2719,1633,13896,43601100,0,0,0
MA203,20220218,20220218,134043000,13:40:43,2719,1633,13896,43601100,0,0,0
MA203,20220218,20220218,134043500,13:40:44,2719,1633,13896,43601100,0,0,0
MA203,20220218,20220218,134044000,13:40:44,2719,1633,13896,43601100,0,0,0
MA203,20220218,20220218,134044500,13:40:44,2719,1633,13896,43601100,0,0,0
MA203,20220218,20220218,134050500,13:40:50,2719,1633,13896,43601100,0,0,0
MA203,20220218,20220218,134051500,13:40:55,2719,1633,13896,43601100,0,0,0
MA203,20220218,20220218,134052000,13:40:55,2719,1633,13896,43601100,0,0,0
MA203,20220218,20220218,134052500,13:40:55,2719,1633,13896,43601100,0,0,0
MA203,20220218,20220218,134053000,13:40:55,2719,1633,13896,43601100,0,0,0
MA203,20220218,20220218,134057000,13:40:58,2719,1633,13896,43601100,0,0,0
MA203,20220218,20220218,134057500,13:40:58,2719,1633,13896,43601100,0,0,0
MA203,20220218,20220218,134100500,13:41:00,2719,1633,13896,43601100,0,0,0
MA203,20220218,20220218,134101000,13:41:01,2719,1633,13896,43601100,0,0,0
MA203,20220218,20220218,134102500,13:41:02,2719,1633,13896,43601100,0,0,0
MA203,20220218,20220218,134103000,13:41:03,2719,1633,13896,43601100,0,0,0
MA203,20220218,20220218,134104000,13:41:05,2719,1633,13896,43601100,0,0,0
MA203,20220218,20220218,134104500,13:41:06,2719,1633,13896,43601100,0,0,0
MA203,20220218,20220218,134105500,13:41:06,2719,1633,13896,43601100,0,0,0
MA203,20220218,20220218,134106000,13:41:06,2719,1633,13896,43601100,0,0,0
MA203,20220218,20220218,134106500,13:41:07,2719,1633,13896,43601100,0,0,0
MA203,20220218,20220218,134107000,13:41:07,2719,1633,13896,43601100,0,0,0
MA203,20220218,20220218,134108000,13:41:09,2719,1633,13896,43601100,0,0,0
MA203,20220218,20220218,134109500,13:41:10,2719,1633,13896,43601100,0,0,0
MA203,20220218,20220218,134110000,13:41:10,2719,1633,13896,43601100,0,0,0
MA203,20220218,20220218,134110500,13:41:10,2719,1633,13896,43601100,0,0,0
MA203,20220218,20220218,134111500,13:41:11,2719,1633,13896,43601100,0,0,0
MA203,20220218,20220218,134112000,13:41:12,2719,1633,13896,43601100,0,0,0
MA203,20220218,20220218,134113000,13:41:13,2719,1633,13896,43601100,0,0,0
MA203,20220218,20220218,134113500,13:41:13,2719,1633,13896,43601100,0,0,0
MA203,20220218,20220218,134114500,13:41:15,2719,1633,13896,43601100,0,0,0
MA203,20220218,20220218,134115000,13:41:16,2719,1633,13896,43601100,0,0,0
MA203,20220218,20220218,134115500,13:41:16,2719,1633,13896,43601100,0,0,0
MA203,20220218,20220218,134116500,13:41:17,2719,1633,13896,43601100,0,0,0
MA203,20220218,20220218,134117000,13:41:17,2719,1633,13896,43601100,0,0,0
MA203,20220218,20220218,134117500,13:41:18,2719,1633,13896,43601100,0,0,0
MA203,20220218,20220218,134118500,13:41:19,2719,1633,13896,43601100,0,0,0
MA203,20220218,20220218,134121000,13:41:23,2719,1633,13896,43601100,0,0,0
MA203,20220218,20220218,134122000,13:41:24,2719,1633,13896,43601100,0,0,0
MA203,20220218,20220218,134123000,13:41:24,2719,1633,13896,43601100,0,0,0
MA203,20220218,20220218,134123500,13:41:24,2719,1633,13896,43601100,0,0,0
MA203,20220218,20220218,134125000,13:41:26,2719,1633,13896,43601100,0,0,0
MA203,20220218,20220218,134126000,13:41:27,2719,1633,13896,43601100,0,0,0
MA203,20220218,20220218,134127000,13:41:27,2719,1633,13896,43601100,0,0,0
MA203,20220218,20220218,134130500,13:41:31,2719,1633,13896,43601100,0,0,0
MA203,20220218,20220218,134131000,13:41:31,2719,1633,13896,43601100,0,0,0
MA203,20220218,20220218,134131500,13:41:31,2719,1633,13896,43601100,0,0,0
MA203,20220218,20220218,134132000,13:41:32,2719,1633,13896,43601100,0,0,0
MA203,20220218,20220218,134132500,13:41:33,2719,1633,13896,43601100,0,0,0
MA203,20220218,20220218,134133500,13:41:33,2719,1633,13896,43601100,0,0,0
MA203,20220218,20220218,134134000,13:41:34,2719,1633,13896,43601100,0,0,0
MA203,20220218,20220218,134134500,13:41:34,2719,1633,13896,43601100,0,0,0
MA203,20220218,20220218,134135000,13:41:35,2719,1633,13896,43601100,0,0,0
MA203,20220218,20220218,134135500,13:41:35,2719,1633,13896,43601100,0,0,0
MA203,20220218,20220218,134139500,13:41:40,2719,1633,13896,43601100,0,0,0
MA203,20220218,20220218,134142500,13:41:42,2719,1633,13896,43601100,0,0,0
MA203,20220218,20220218,134150500,13:41:51,2719,1633,13896,43601100,0,0,0
MA203,20220218,20220218,134153000,13:41:53,2719,1633,13896,43601100,0,0,0
MA203,20220218,20220218,134153500,13:41:54,2719,1633,13896,43601100,0,0,0
MA203,20220218,20220218,134154000,13:42:01,2719,1633,13896,43601100,0,0,0
MA203,20220218,20220218,134154500,13:42:02,2719,1633,13896,43601100,0,0,0
MA203,20220218,20220218,134155000,13:42:04,2719,1633,13896,43601100,0,0,0
MA203,20220218,20220218,134156500,13:42:06,2719,1633,13896,43601100,0,0,0
MA203,20220218,20220218,134208500,13:42:12,2719,1640,13894,43788000,7,-2,186900
MA203,20220218,20220218,134226000,13:42:26,2719,1640,13894,43788000,0,0,0
MA203,20220218,20220218,134226500,13:42:27,2719,1640,13894,43788000,0,0,0
MA203,20220218,20220218,134227000,13:42:28,2719,1640,13894,43788000,0,0,0
MA203,20220218,20220218,134227500,13:42:28,2719,1640,13894,43788000,0,0,0
MA203,20220218,20220218,134228000,13:42:29,2719,1640,13894,43788000,0,0,0
MA203,20220218,20220218,134240500,13:42:40,2719,1640,13894,43788000,0,0,0
MA203,20220218,20220218,134245000,13:42:45,2719,1640,13894,43788000,0,0,0
MA203,20220218,20220218,134248500,13:42:48,2719,1640,13894,43788000,0,0,0
MA203,20220218,20220218,134257000,13:42:59,2719,1640,13894,43788000,0,0,0
MA203,20220218,20220218,134258500,13:42:59,2718,1641,13895,43814700,1,1,26700
MA203,20220218,20220218,134300000,13:43:01,2718,1642,13896,43841400,1,1,26700
MA203,20220218,20220218,134301000,13:43:02,2718,1642,13896,43841400,0,0,0
MA203,20220218,20220218,134302000,13:43:02,2718,1642,13896,43841400,0,0,0
MA203,20220218,20220218,134311000,13:43:14,2718,1642,13896,43841400,0,0,0
MA203,20220218,20220218,134312500,13:43:14,2718,1642,13896,43841400,0,0,0
MA203,20220218,20220218,134314000,13:43:14,2718,1642,13896,43841400,0,0,0
MA203,20220218,20220218,134314500,13:43:15,2718,1642,13896,43841400,0,0,0
MA203,20220218,20220218,134315000,13:43:15,2718,1642,13896,43841400,0,0,0
MA203,20220218,20220218,134322000,13:43:22,2718,1642,13896,43841400,0,0,0
MA203,20220218,20220218,134324000,13:43:24,2718,1642,13896,43841400,0,0,0
MA203,20220218,20220218,134324500,13:43:25,2718,1642,13896,43841400,0,0,0
MA203,20220218,20220218,134325500,13:43:26,2718,1643,13896,43868100,1,0,26700
MA203,20220218,20220218,134326000,13:43:26,2718,1643,13896,43868100,0,0,0
MA203,20220218,20220218,134326500,13:43:26,2718,1643,13896,43868100,0,0,0
MA203,20220218,20220218,134327000,13:43:27,2718,1643,13896,43868100,0,0,0
MA203,20220218,20220218,134327500,13:43:27,2718,1643,13896,43868100,0,0,0
MA203,20220218,20220218,134328000,13:43:29,2718,1643,13896,43868100,0,0,0
MA203,20220218,20220218,134336500,13:43:37,2718,1643,13896,43868100,0,0,0
MA203,20220218,20220218,134337500,13:43:37,2718,1643,13896,43868100,0,0,0
MA203,20220218,20220218,134338000,13:43:38,2718,1643,13896,43868100,0,0,0
MA203,20220218,20220218,134338500,13:43:38,2718,1643,13896,43868100,0,0,0
MA203,20220218,20220218,134339000,13:43:39,2718,1643,13896,43868100,0,0,0
MA203,20220218,20220218,134339500,13:43:55,2718,1643,13896,43868100,0,0,0
MA203,20220218,20220218,134340000,13:43:57,2718,1643,13896,43868100,0,0,0
MA203,20220218,20220218,134350000,13:44:00,2718,1643,13896,43868100,0,0,0
MA203,20220218,20220218,134357000,13:44:04,2718,1643,13896,43868100,0,0,0
MA203,20220218,20220218,134403500,13:44:04,2718,1643,13896,43868100,0,0,0
MA203,20220218,20220218,134404500,13:44:05,2718,1643,13896,43868100,0,0,0
MA203,20220218,20220218,134405000,13:44:05,2718,1643,13896,43868100,0,0,0
MA203,20220218,20220218,134406500,13:44:06,2718,1643,13896,43868100,0,0,0
MA203,20220218,20220218,134407000,13:44:07,2720,1644,13896,43894800,1,0,26700
MA203,20220218,20220218,134407500,13:44:08,2720,1644,13896,43894800,0,0,0
MA203,20220218,20220218,134408000,13:44:08,2720,1644,13896,43894800,0,0,0
MA203,20220218,20220218,134408500,13:44:09,2720,1644,13896,43894800,0,0,0
MA203,20220218,20220218,134409000,13:44:09,2720,1644,13896,43894800,0,0,0
MA203,20220218,20220218,134409500,13:44:17,2720,1644,13896,43894800,0,0,0
MA203,20220218,20220218,134415500,13:44:17,2720,1644,13896,43894800,0,0,0
MA203,20220218,20220218,134423000,13:44:23,2720,1644,13896,43894800,0,0,0
MA203,20220218,20220218,134423500,13:44:24,2720,1644,13896,43894800,0,0,0
MA203,20220218,20220218,134425500,13:44:25,2720,1644,13896,43894800,0,0,0
MA203,20220218,20220218,134426000,13:44:26,2720,1644,13896,43894800,0,0,0
MA203,20220218,20220218,134427000,13:44:27,2720,1644,13896,43894800,0,0,0
MA203,20220218,20220218,134427500,13:44:27,2720,1644,13896,43894800,0,0,0
MA203,20220218,20220218,134428000,13:44:29,2720,1644,13896,43894800,0,0,0
MA203,20220218,20220218,134428500,13:44:29,2720,1644,13896,43894800,0,0,0
MA203,20220218,20220218,134429000,13:44:29,2720,1644,13896,43894800,0,0,0
MA203,20220218,20220218,134429500,13:44:31,2720,1644,13896,43894800,0,0,0
MA203,20220218,20220218,134439000,13:44:39,2720,1644,13896,43894800,0,0,0
MA203,20220218,20220218,134444500,13:44:44,2720,1644,13896,43894800,0,0,0
MA203,20220218,20220218,134445000,13:44:45,2720,1644,13896,43894800,0,0,0
MA203,20220218,20220218,134445500,13:44:45,2720,1644,13896,43894800,0,0,0
MA203,20220218,20220218,134446000,13:44:46,2720,1644,13896,43894800,0,0,0
MA203,20220218,20220218,134450000,13:44:50,2720,1644,13896,43894800,0,0,0
MA203,20220218,20220218,134455000,13:44:55,2720,1644,13896,43894800,0,0,0
MA203,20220218,20220218,134455500,13:44:55,2720,1644,13896,43894800,0,0,0
MA203,20220218,20220218,134456000,13:44:56,2720,1644,13896,43894800,0,0,0
MA203,20220218,20220218,134456500,13:44:56,2720,1644,13896,43894800,0,0,0
MA203,20220218,20220218,134457000,13:44:57,2720,1644,13896,43894800,0,0,0
MA203,20220218,20220218,134458500,13:44:59,2720,1644,13896,43894800,0,0,0
MA203,20220218,20220218,134459000,13:44:59,2720,1644,13896,43894800,0,0,0
MA203,20220218,20220218,134459500,13:44:59,2720,1644,13896,43894800,0,0,0
MA203,20220218,20220218,134500500,13:45:01,2720,1644,13896,43894800,0,0,0
MA203,20220218,20220218,134501000,13:45:01,2720,1644,13896,43894800,0,0,0
MA203,20220218,20220218,134501500,13:45:01,2720,1644,13896,43894800,0,0,0
MA203,20220218,20220218,134503000,13:45:03,2720,1644,13896,43894800,0,0,0
MA203,20220218,20220218,134503500,13:45:04,2720,1644,13896,43894800,0,0,0
MA203,20220218,20220218,134504000,13:45:06,2720,1644,13896,43894800,0,0,0
MA203,20220218,20220218,134504500,13:45:08,2720,1644,13896,43894800,0,0,0
MA203,20220218,20220218,134505000,13:45:09,2720,1644,13896,43894800,0,0,0
MA203,20220218,20220218,134508000,13:45:09,2720,1644,13896,43894800,0,0,0
MA203,20220218,20220218,134508500,13:45:09,2720,1644,13896,43894800,0,0,0
MA203,20220218,20220218,134509000,13:45:10,2720,1644,13896,43894800,0,0,0
MA203,20220218,20220218,134509500,13:45:10,2720,1644,13896,43894800,0,0,0
MA203,20220218,20220218,134510000,13:45:10,2720,1644,13896,43894800,0,0,0
MA203,20220218,20220218,134510500,13:45:10,2720,1644,13896,43894800,0,0,0
MA203,20220218,20220218,134511000,13:45:11,2720,1644,13896,43894800,0,0,0
MA203,20220218,20220218,134511500,13:45:11,2720,1644,13896,43894800,0,0,0
MA203,20220218,20220218,134513500,13:45:14,2720,1644,13896,43894800,0,0,0
MA203,20220218,20220218,134514000,13:45:15,2720,1644,13896,43894800,0,0,0
MA203,20220218,20220218,134515000,13:45:16,2720,1644,13896,43894800,0,0,0
MA203,20220218,20220218,134516000,13:45:17,2720,1644,13896,43894800,0,0,0
MA203,20220218,20220218,134518000,13:45:20,2720,1644,13896,43894800,0,0,0
MA203,20220218,20220218,134518500,13:45:22,2720,1644,13896,43894800,0,0,0
MA203,20220218,20220218,134519500,13:45:22,2720,1644,13896,43894800,0,0,0
MA203,20220218,20220218,134523000,13:45:23,2720,1644,13896,43894800,0,0,0
MA203,20220218,20220218,134523500,13:45:24,2720,1644,13896,43894800,0,0,0
MA203,20220218,20220218,134525000,13:45:26,2720,1644,13896,43894800,0,0,0
MA203,20220218,20220218,134525500,13:45:27,2720,1644,13896,43894800,0,0,0
MA203,20220218,20220218,134526000,13:45:27,2720,1644,13896,43894800,0,0,0
MA203,20220218,20220218,134532500,13:45:33,2720,1644,13896,43894800,0,0,0
MA203,20220218,20220218,134533000,13:45:33,2720,1644,13896,43894800,0,0,0
MA203,20220218,20220218,134533500,13:45:34,2720,1644,13896,43894800,0,0,0
MA203,20220218,20220218,134534000,13:45:35,2720,1644,13896,43894800,0,0,0
MA203,20220218,20220218,134536500,13:45:37,2720,1644,13896,43894800,0,0,0
MA203,20220218,20220218,134541000,13:45:41,2720,1644,13896,43894800,0,0,0
MA203,20220218,20220218,134541500,13:45:41,2720,1644,13896,43894800,0,0,0
MA203,20220218,20220218,134542000,13:45:45,2720,1644,13896,43894800,0,0,0
MA203,20220218,20220218,134543000,13:45:46,2720,1644,13896,43894800,0,0,0
MA203,20220218,20220218,134543500,13:45:46,2720,1644,13896,43894800,0,0,0
MA203,20220218,20220218,134546000,13:45:47,2720,1644,13896,43894800,0,0,0
MA203,20220218,20220218,134546500,13:45:47,2720,1644,13896,43894800,0,0,0
MA203,20220218,20220218,134547000,13:45:47,2720,1644,13896,43894800,0,0,0
MA203,20220218,20220218,134547500,13:45:47,2720,1644,13896,43894800,0,0,0
MA203,20220218,20220218,134548000,13:45:48,2720,1644,13896,43894800,0,0,0
MA203,20220218,20220218,134548500,13:45:48,2720,1644,13896,43894800,0,0,0
MA203,20220218,20220218,134551000,13:45:54,2720,1644,13896,43894800,0,0,0
MA203,20220218,20220218,134555000,13:45:55,2720,1644,13896,43894800,0,0,0
MA203,20220218,20220218,134555500,13:45:56,2720,1644,13896,43894800,0,0,0
MA203,20220218,20220218,134556500,13:46:00,2720,1644,13896,43894800,0,0,0
MA203,20220218,20220218,134617500,13:46:18,2720,1644,13896,43894800,0,0,0
MA203,20220218,20220218,134618000,13:46:18,2720,1644,13896,43894800,0,0,0
MA203,20220218,20220218,134618500,13:46:18,2720,1644,13896,43894800,0,0,0
MA203,20220218,20220218,134619000,13:46:19,2720,1644,13896,43894800,0,0,0
MA203,20220218,20220218,134619500,13:46:19,2720,1644,13896,43894800,0,0,0
MA203,20220218,20220218,134620000,13:46:20,2720,1644,13896,43894800,0,0,0
MA203,20220218,20220218,134620500,13:46:21,2720,1644,13896,43894800,0,0,0
MA203,20220218,20220218,134621000,13:46:21,2720,1644,13896,43894800,0,0,0
MA203,20220218,20220218,134623000,13:46:30,2720,1644,13896,43894800,0,0,0
MA203,20220218,20220218,134629500,13:46:30,2720,1644,13896,43894800,0,0,0
MA203,20220218,20220218,134631000,13:46:31,2720,1644,13896,43894800,0,0,0
MA203,20220218,20220218,134631500,13:46:32,2720,1644,13896,43894800,0,0,0
MA203,20220218,20220218,134632000,13:46:32,2720,1644,13896,43894800,0,0,0
MA203,20220218,20220218,134632500,13:46:32,2720,1644,13896,43894800,0,0,0
MA203,20220218,20220218,134634500,13:46:35,2720,1644,13896,43894800,0,0,0
MA203,20220218,20220218,134635000,13:46:35,2720,1644,13896,43894800,0,0,0
MA203,20220218,20220218,134635500,13:46:36,2720,1644,13896,43894800,0,0,0
MA203,20220218,20220218,134636000,13:46:37,2720,1644,13896,43894800,0,0,0
MA203,20220218,20220218,134636500,13:46:37,2720,1644,13896,43894800,0,0,0
MA203,20220218,20220218,134637000,13:46:37,2720,1644,13896,43894800,0,0,0
MA203,20220218,20220218,134637500,13:46:38,2720,1644,13896,43894800,0,0,0
MA203,20220218,20220218,134638000,13:46:38,2720,1644,13896,43894800,0,0,0
MA203,20220218,20220218,134638500,13:46:38,2720,1644,13896,43894800,0,0,0
MA203,20220218,20220218,134639000,13:46:39,2720,1644,13896,43894800,0,0,0
MA203,20220218,20220218,134639500,13:46:40,2720,1644,13896,43894800,0,0,0
MA203,20220218,20220218,134640000,13:46:40,2720,1644,13896,43894800,0,0,0
MA203,20220218,20220218,134640500,13:46:42,2720,1644,13896,43894800,0,0,0
MA203,20220218,20220218,134641000,13:46:42,2720,1644,13896,43894800,0,0,0
MA203,20220218,20220218,134641500,13:46:43,2720,1644,13896,43894800,0,0,0
MA203,20220218,20220218,134642500,13:46:43,2720,1644,13896,43894800,0,0,0
MA203,20220218,20220218,134643000,13:46:43,2720,1644,13896,43894800,0,0,0
MA203,20220218,20220218,134643500,13:46:43,2720,1644,13896,43894800,0,0,0
MA203,20220218,20220218,134644000,13:46:46,2720,1644,13896,43894800,0,0,0
MA203,20220218,20220218,134645000,13:46:47,2720,1644,13896,43894800,0,0,0
MA203,20220218,20220218,134647500,13:46:47,2720,1644,13896,43894800,0,0,0
MA203,20220218,20220218,134650500,13:46:51,2720,1644,13896,43894800,0,0,0
MA203,20220218,20220218,134651000,13:46:51,2720,1644,13896,43894800,0,0,0
MA203,20220218,20220218,134652000,13:46:52,2720,1644,13896,43894800,0,0,0
MA203,20220218,20220218,134653000,13:46:54,2720,1644,13896,43894800,0,0,0
MA203,20220218,20220218,134653500,13:46:54,2720,1644,13896,43894800,0,0,0
MA203,20220218,20220218,134654000,13:46:55,2720,1644,13896,43894800,0,0,0
MA203,20220218,20220218,134654500,13:46:55,2720,1644,13896,43894800,0,0,0
MA203,20220218,20220218,134655000,13:46:55,2720,1644,13896,43894800,0,0,0
MA203,20220218,20220218,134655500,13:46:55,2720,1644,13896,43894800,0,0,0
MA203,20220218,20220218,134656000,13:46:56,2720,1644,13896,43894800,0,0,0
MA203,20220218,20220218,134656500,13:46:56,2720,1644,13896,43894800,0,0,0
MA203,20220218,20220218,134657000,13:46:57,2720,1644,13896,43894800,0,0,0
MA203,20220218,20220218,134701000,13:47:01,2720,1644,13896,43894800,0,0,0
MA203,20220218,20220218,134701500,13:47:02,2720,1644,13896,43894800,0,0,0
MA203,20220218,20220218,134702000,13:47:02,2720,1644,13896,43894800,0,0,0
MA203,20220218,20220218,134702500,13:47:02,2720,1644,13896,43894800,0,0,0
MA203,20220218,20220218,134703000,13:47:03,2720,1644,13896,43894800,0,0,0
MA203,20220218,20220218,134703500,13:47:03,2720,1644,13896,43894800,0,0,0
MA203,20220218,20220218,134704000,13:47:04,2720,1644,13896,43894800,0,0,0
MA203,20220218,20220218,134704500,13:47:05,2720,1644,13896,43894800,0,0,0
MA203,20220218,20220218,134705500,13:47:06,2720,1644,13896,43894800,0,0,0
MA203,20220218,20220218,134709500,13:47:11,2720,1644,13896,43894800,0,0,0
MA203,20220218,20220218,134710000,13:47:12,2720,1644,13896,43894800,0,0,0
MA203,20220218,20220218,134710500,13:47:12,2720,1644,13896,43894800,0,0,0
MA203,20220218,20220218,134711000,13:47:13,2720,1644,13896,43894800,0,0,0
MA203,20220218,20220218,134716500,13:47:16,2720,1644,13896,43894800,0,0,0
MA203,20220218,20220218,134717000,13:47:17,2720,1644,13896,43894800,0,0,0
MA203,20220218,20220218,134717500,13:47:18,2720,1644,13896,43894800,0,0,0
MA203,20220218,20220218,134718500,13:47:19,2720,1644,13896,43894800,0,0,0
MA203,20220218,20220218,134719000,13:47:19,2720,1644,13896,43894800,0,0,0
MA203,20220218,20220218,134719500,13:47:19,2720,1644,13896,43894800,0,0,0
MA203,20220218,20220218,134720000,13:47:20,2720,1644,13896,43894800,0,0,0
MA203,20220218,20220218,134720500,13:47:20,2720,1644,13896,43894800,0,0,0
MA203,20220218,20220218,134721000,13:47:21,2720,1644,13896,43894800,0,0,0
MA203,20220218,20220218,134721500,13:47:22,2720,1644,13896,43894800,0,0,0
MA203,20220218,20220218,134722500,13:47:26,2720,1644,13896,43894800,0,0,0
MA203,20220218,20220218,134723000,13:47:26,2720,1644,13896,43894800,0,0,0
MA203,20220218,20220218,134723500,13:47:26,2720,1644,13896,43894800,0,0,0
MA203,20220218,20220218,134724000,13:47:27,2720,1644,13896,43894800,0,0,0
MA203,20220218,20220218,134726500,13:47:27,2720,1644,13896,43894800,0,0,0
MA203,20220218,20220218,134727000,13:47:27,2720,1644,13896,43894800,0,0,0
MA203,20220218,20220218,134727500,13:47:28,2720,1644,13896,43894800,0,0,0
MA203,20220218,20220218,134728000,13:47:28,2720,1644,13896,43894800,0,0,0
MA203,20220218,20220218,134728500,13:47:28,2720,1644,13896,43894800,0,0,0
MA203,20220218,20220218,134729000,13:47:29,2720,1644,13896,43894800,0,0,0
MA203,20220218,20220218,134729500,13:47:29,2720,1644,13896,43894800,0,0,0
MA203,20220218,20220218,134730000,13:47:30,2720,1644,13896,43894800,0,0,0
MA203,20220218,20220218,134730500,13:47:30,2720,1644,13896,43894800,0,0,0
MA203,20220218,20220218,134731500,13:47:31,2720,1644,13896,43894800,0,0,0
MA203,20220218,20220218,134732000,13:47:32,2720,1644,13896,43894800,0,0,0
MA203,20220218,20220218,134732500,13:47:33,2720,1644,13896,43894800,0,0,0
MA203,20220218,20220218,134733000,13:47:34,2720,1644,13896,43894800,0,0,0
MA203,20220218,20220218,134733500,13:47:34,2720,1644,13896,43894800,0,0,0
MA203,20220218,20220218,134734000,13:47:34,2720,1644,13896,43894800,0,0,0
MA203,20220218,20220218,134737500,13:47:38,2720,1644,13896,43894800,0,0,0
MA203,20220218,20220218,134738000,13:47:38,2720,1644,13896,43894800,0,0,0
MA203,20220218,20220218,134738500,13:47:38,2720,1644,13896,43894800,0,0,0
MA203,20220218,20220218,134739000,13:47:39,2720,1644,13896,43894800,0,0,0
MA203,20220218,20220218,134739500,13:47:40,2720,1644,13896,43894800,0,0,0
MA203,20220218,20220218,134740000,13:47:40,2720,1644,13896,43894800,0,0,0
MA203,20220218,20220218,134740500,13:47:40,2720,1644,13896,43894800,0,0,0
MA203,20220218,20220218,134741000,13:47:41,2720,1644,13896,43894800,0,0,0
MA203,20220218,20220218,134741500,13:47:42,2720,1644,13896,43894800,0,0,0
MA203,20220218,20220218,134742000,13:47:42,2720,1644,13896,43894800,0,0,0
MA203,20220218,20220218,134746500,13:47:47,2720,1644,13896,43894800,0,0,0
MA203,20220218,20220218,134747500,13:47:47,2720,1644,13896,43894800,0,0,0
MA203,20220218,20220218,134748000,13:47:48,2720,1644,13896,43894800,0,0,0
MA203,20220218,20220218,134749000,13:47:50,2720,1644,13896,43894800,0,0,0
MA203,20220218,20220218,134757000,13:47:57,2720,1644,13896,43894800,0,0,0
MA203,20220218,20220218,134758500,13:47:58,2720,1644,13896,43894800,0,0,0
MA203,20220218,20220218,134759500,13:48:00,2720,1644,13896,43894800,0,0,0
MA203,20220218,20220218,134800500,13:48:00,2720,1644,13896,43894800,0,0,0
MA203,20220218,20220218,134804000,13:48:04,2720,1644,13896,43894800,0,0,0
MA203,20220218,20220218,134805500,13:48:05,2720,1644,13896,43894800,0,0,0
MA203,20220218,20220218,134806500,13:48:06,2720,1644,13896,43894800,0,0,0
MA203,20220218,20220218,134809000,13:48:09,2720,1644,13896,43894800,0,0,0
MA203,20220218,20220218,134810500,13:48:10,2720,1644,13896,43894800,0,0,0
MA203,20220218,20220218,134811500,13:48:11,2720,1644,13896,43894800,0,0,0
MA203,20220218,20220218,134816500,13:48:16,2720,1644,13896,43894800,0,0,0
MA203,20220218,20220218,134817000,13:48:17,2720,1644,13896,43894800,0,0,0
MA203,20220218,20220218,134817500,13:48:18,2720,1644,13896,43894800,0,0,0
MA203,20220218,20220218,134818000,13:48:19,2720,1644,13896,43894800,0,0,0
MA203,20220218,20220218,134818500,13:48:20,2720,1644,13896,43894800,0,0,0
MA203,20220218,20220218,134820000,13:48:21,2720,1644,13896,43894800,0,0,0
MA203,20220218,20220218,134820500,13:48:22,2720,1644,13896,43894800,0,0,0
MA203,20220218,20220218,134821000,13:48:22,2720,1644,13896,43894800,0,0,0
MA203,20220218,20220218,134821500,13:48:22,2720,1644,13896,43894800,0,0,0
MA203,20220218,20220218,134822000,13:48:23,2720,1644,13896,43894800,0,0,0
MA203,20220218,20220218,134823500,13:48:24,2720,1644,13896,43894800,0,0,0
MA203,20220218,20220218,134831000,13:48:32,2720,1644,13896,43894800,0,0,0
MA203,20220218,20220218,134831500,13:48:32,2720,1644,13896,43894800,0,0,0
MA203,20220218,20220218,134834500,13:48:36,2720,1644,13896,43894800,0,0,0
MA203,20220218,20220218,134835000,13:48:36,2720,1644,13896,43894800,0,0,0
MA203,20220218,20220218,134835500,13:48:36,2720,1644,13896,43894800,0,0,0
MA203,20220218,20220218,134836000,13:48:37,2720,1644,13896,43894800,0,0,0
MA203,20220218,20220218,134836500,13:48:37,2720,1644,13896,43894800,0,0,0
MA203,20220218,20220218,134837000,13:48:37,2720,1644,13896,43894800,0,0,0
MA203,20220218,20220218,134837500,13:48:37,2720,1644,13896,43894800,0,0,0
MA203,20220218,20220218,134838000,13:48:38,2720,1644,13896,43894800,0,0,0
MA203,20220218,20220218,134838500,13:48:38,2720,1644,13896,43894800,0,0,0
MA203,20220218,20220218,134839000,13:48:39,2720,1644,13896,43894800,0,0,0
MA203,20220218,20220218,134839500,13:48:39,2720,1644,13896,43894800,0,0,0
MA203,20220218,20220218,134840000,13:48:40,2720,1644,13896,43894800,0,0,0
MA203,20220218,20220218,134842000,13:48:42,2720,1644,13896,43894800,0,0,0
MA203,20220218,20220218,134842500,13:48:42,2720,1644,13896,43894800,0,0,0
MA203,20220218,20220218,134843000,13:48:43,2720,1644,13896,43894800,0,0,0
MA203,20220218,20220218,134843500,13:48:43,2720,1644,13896,43894800,0,0,0
MA203,20220218,20220218,134844000,13:48:44,2720,1644,13896,43894800,0,0,0
MA203,20220218,20220218,134844500,13:48:44,2720,1644,13896,43894800,0,0,0
MA203,20220218,20220218,134845000,13:48:45,2720,1644,13896,43894800,0,0,0
MA203,20220218,20220218,134845500,13:48:45,2720,1644,13896,43894800,0,0,0
MA203,20220218,20220218,134846000,13:48:46,2720,1644,13896,43894800,0,0,0
MA203,20220218,20220218,134852000,13:48:52,2720,1644,13896,43894800,0,0,0
MA203,20220218,20220218,134853000,13:48:54,2720,1644,13896,43894800,0,0,0
MA203,20220218,20220218,134853500,13:48:54,2720,1644,13896,43894800,0,0,0
MA203,20220218,20220218,134854000,13:48:55,2720,1644,13896,43894800,0,0,0
MA203,20220218,20220218,134855000,13:48:56,2720,1644,13896,43894800,0,0,0
MA203,20220218,20220218,134902500,13:49:03,2720,1644,13896,43894800,0,0,0
MA203,20220218,20220218,134903000,13:49:03,2720,1644,13896,43894800,0,0,0
MA203,20220218,20220218,134910500,13:49:10,2720,1644,13896,43894800,0,0,0
MA203,20220218,20220218,134911000,13:49:11,2720,1644,13896,43894800,0,0,0
MA203,20220218,20220218,134911500,13:49:12,2720,1644,13896,43894800,0,0,0
MA203,20220218,20220218,134912000,13:49:12,2720,1644,13896,43894800,0,0,0
MA203,20220218,20220218,134920500,13:49:20,2720,1644,13896,43894800,0,0,0
MA203,20220218,20220218,134939500,13:49:39,2720,1644,13896,43894800,0,0,0
MA203,20220218,20220218,134940000,13:49:40,2720,1644,13896,43894800,0,0,0
MA203,20220218,20220218,134940500,13:49:40,2720,1644,13896,43894800,0,0,0
MA203,20220218,20220218,134947500,13:49:47,2720,1644,13896,43894800,0,0,0
MA203,20220218,20220218,134948000,13:49:48,2720,1644,13896,43894800,0,0,0
MA203,20220218,20220218,134949000,13:49:49,2720,1644,13896,43894800,0,0,0
MA203,20220218,20220218,134949500,13:49:50,2720,1644,13896,43894800,0,0,0
MA203,20220218,20220218,134950000,13:49:50,2720,1644,13896,43894800,0,0,0
MA203,20220218,20220218,135003000,13:50:03,2720,1644,13896,43894800,0,0,0
MA203,20220218,20220218,135004000,13:50:04,2720,1644,13896,43894800,0,0,0
MA203,20220218,20220218,135004500,13:50:04,2720,1644,13896,43894800,0,0,0
MA203,20220218,20220218,135006500,13:50:07,2720,1644,13896,43894800,0,0,0
MA203,20220218,20220218,135007000,13:50:07,2720,1644,13896,43894800,0,0,0
MA203,20220218,20220218,135008500,13:50:25,2720,1644,13896,43894800,0,0,0
MA203,20220218,20220218,135009500,13:50:25,2720,1644,13896,43894800,0,0,0
MA203,20220218,20220218,135023500,13:50:26,2720,1644,13896,43894800,0,0,0
MA203,20220218,20220218,135029500,13:50:35,2720,1644,13896,43894800,0,0,0
MA203,20220218,20220218,135044500,13:50:45,2720,1644,13896,43894800,0,0,0
MA203,20220218,20220218,135045000,13:50:45,2720,1644,13896,43894800,0,0,0
MA203,20220218,20220218,135049000,13:50:49,2720,1644,13896,43894800,0,0,0
MA203,20220218,20220218,135101000,13:51:01,2720,1644,13896,43894800,0,0,0
MA203,20220218,20220218,135101500,13:51:01,2720,1644,13896,43894800,0,0,0
MA203,20220218,20220218,135102000,13:51:02,2720,1644,13896,43894800,0,0,0
MA203,20220218,20220218,135102500,13:51:02,2720,1644,13896,43894800,0,0,0
MA203,20220218,20220218,135103000,13:51:03,2720,1644,13896,43894800,0,0,0
MA203,20220218,20220218,135104500,13:51:04,2720,1644,13896,43894800,0,0,0
MA203,20220218,20220218,135105000,13:51:05,2720,1644,13896,43894800,0,0,0
MA203,20220218,20220218,135105500,13:51:05,2720,1644,13896,43894800,0,0,0
MA203,20220218,20220218,135106000,13:51:06,2720,1644,13896,43894800,0,0,0
MA203,20220218,20220218,135106500,13:51:07,2720,1644,13896,43894800,0,0,0
MA203,20220218,20220218,135107000,13:51:20,2720,1644,13896,43894800,0,0,0
MA203,20220218,20220218,135107500,13:51:20,2720,1644,13896,43894800,0,0,0
MA203,20220218,20220218,135108000,13:51:21,2720,1644,13896,43894800,0,0,0
MA203,20220218,20220218,135120500,13:51:21,2720,1644,13896,43894800,0,0,0
MA203,20220218,20220218,135121000,13:51:21,2720,1644,13896,43894800,0,0,0
MA203,20220218,20220218,135121500,13:51:21,2720,1644,13896,43894800,0,0,0
MA203,20220218,20220218,135123000,13:51:23,2713,1645,13896,43921500,1,0,26700
MA203,20220218,20220218,135127500,13:51:27,2713,1645,13896,43921500,0,0,0
MA203,20220218,20220218,135128500,13:51:29,2713,1645,13896,43921500,0,0,0
MA203,20220218,20220218,135129500,13:51:29,2713,1645,13896,43921500,0,0,0
MA203,20220218,20220218,135130000,13:51:30,2713,1645,13896,43921500,0,0,0
MA203,20220218,20220218,135130500,13:51:31,2713,1645,13896,43921500,0,0,0
MA203,20220218,20220218,135131000,13:51:31,2713,1645,13896,43921500,0,0,0
MA203,20220218,20220218,135132000,13:51:32,2713,1645,13896,43921500,0,0,0
MA203,20220218,20220218,135132500,13:51:32,2713,1645,13896,43921500,0,0,0
MA203,20220218,20220218,135134000,13:51:34,2713,1645,13896,43921500,0,0,0
MA203,20220218,20220218,135135500,13:51:35,2713,1645,13896,43921500,0,0,0
MA203,20220218,20220218,135137500,13:51:37,2713,1645,13896,43921500,0,0,0
MA203,20220218,20220218,135141000,13:51:41,2713,1645,13896,43921500,0,0,0
MA203,20220218,20220218,135142500,13:51:42,2713,1645,13896,43921500,0,0,0
MA203,20220218,20220218,135146000,13:51:46,2713,1645,13896,43921500,0,0,0
MA203,20220218,20220218,135147500,13:51:47,2713,1645,13896,43921500,0,0,0
MA203,20220218,20220218,135148500,13:51:49,2713,1645,13896,43921500,0,0,0
MA203,20220218,20220218,135150000,13:51:50,2713,1645,13896,43921500,0,0,0
MA203,20220218,20220218,135156500,13:51:57,2713,1645,13896,43921500,0,0,0
MA203,20220218,20220218,135159500,13:51:59,2713,1645,13896,43921500,0,0,0
MA203,20220218,20220218,135201500,13:52:01,2713,1645,13896,43921500,0,0,0
MA203,20220218,20220218,135202000,13:52:03,2713,1645,13896,43921500,0,0,0
MA203,20220218,20220218,135209500,13:52:11,2713,1645,13896,43921500,0,0,0
MA203,20220218,20220218,135210500,13:52:11,2713,1645,13896,43921500,0,0,0
MA203,20220218,20220218,135211000,13:52:12,2713,1645,13896,43921500,0,0,0
MA203,20220218,20220218,135212000,13:52:12,2713,1645,13896,43921500,0,0,0
MA203,20220218,20220218,135212500,13:52:13,2713,1645,13896,43921500,0,0,0
MA203,20220218,20220218,135213000,13:52:13,2713,1645,13896,43921500,0,0,0
MA203,20220218,20220218,135213500,13:52:13,2713,1645,13896,43921500,0,0,0
MA203,20220218,20220218,135214000,13:52:14,2713,1645,13896,43921500,0,0,0
MA203,20220218,20220218,135214500,13:52:15,2713,1645,13896,43921500,0,0,0
MA203,20220218,20220218,135215000,13:52:15,2713,1645,13896,43921500,0,0,0
MA203,20220218,20220218,135216000,13:52:16,2713,1645,13896,43921500,0,0,0
MA203,20220218,20220218,135216500,13:52:17,2713,1645,13896,43921500,0,0,0
MA203,20220218,20220218,135217000,13:52:17,2713,1645,13896,43921500,0,0,0
MA203,20220218,20220218,135217500,13:52:17,2713,1645,13896,43921500,0,0,0
MA203,20220218,20220218,135227000,13:52:27,2713,1645,13896,43921500,0,0,0
MA203,20220218,20220218,135227500,13:52:27,2713,1645,13896,43921500,0,0,0
MA203,20220218,20220218,135228000,13:52:28,2713,1645,13896,43921500,0,0,0
MA203,20220218,20220218,135228500,13:52:28,2713,1645,13896,43921500,0,0,0
MA203,20220218,20220218,135229000,13:52:29,2713,1645,13896,43921500,0,0,0
MA203,20220218,20220218,135229500,13:52:31,2713,1645,13896,43921500,0,0,0
MA203,20220218,20220218,135230000,13:52:31,2713,1645,13896,43921500,0,0,0
MA203,20220218,20220218,135230500,13:52:31,2713,1645,13896,43921500,0,0,0
MA203,20220218,20220218,135231000,13:52:32,2713,1645,13896,43921500,0,0,0
MA203,20220218,20220218,135231500,13:52:32,2713,1645,13896,43921500,0,0,0
MA203,20220218,20220218,135232000,13:52:32,2713,1645,13896,43921500,0,0,0
MA203,20220218,20220218,135234000,13:52:34,2713,1645,13896,43921500,0,0,0
MA203,20220218,20220218,135234500,13:52:34,2713,1645,13896,43921500,0,0,0
MA203,20220218,20220218,135235500,13:52:36,2713,1645,13896,43921500,0,0,0
MA203,20220218,20220218,135236500,13:52:38,2713,1645,13896,43921500,0,0,0
MA203,20220218,20220218,135247500,13:52:48,2713,1645,13896,43921500,0,0,0
MA203,20220218,20220218,135248500,13:52:49,2713,1645,13896,43921500,0,0,0
MA203,20220218,20220218,135250000,13:52:50,2713,1645,13896,43921500,0,0,0
MA203,20220218,20220218,135250500,13:52:50,2713,1645,13896,43921500,0,0,0
MA203,20220218,20220218,135251000,13:52:51,2713,1645,13896,43921500,0,0,0
MA203,20220218,20220218,135251500,13:52:51,2713,1645,13896,43921500,0,0,0
MA203,20220218,20220218,135252000,13:52:52,2713,1645,13896,43921500,0,0,0
MA203,20220218,20220218,135252500,13:52:53,2713,1645,13896,43921500,0,0,0
MA203,20220218,20220218,135253000,13:52:53,2713,1645,13896,43921500,0,0,0
MA203,20220218,20220218,135253500,13:52:54,2713,1645,13896,43921500,0,0,0
MA203,20220218,20220218,135254000,13:52:54,2713,1645,13896,43921500,0,0,0
MA203,20220218,20220218,135255000,13:52:55,2713,1645,13896,43921500,0,0,0
MA203,20220218,20220218,135255500,13:52:55,2713,1645,13896,43921500,0,0,0
MA203,20220218,20220218,135302500,13:53:03,2713,1645,13896,43921500,0,0,0
MA203,20220218,20220218,135303000,13:53:03,2713,1645,13896,43921500,0,0,0
MA203,20220218,20220218,135303500,13:53:04,2713,1645,13896,43921500,0,0,0
MA203,20220218,20220218,135304000,13:53:05,2713,1645,13896,43921500,0,0,0
MA203,20220218,20220218,135304500,13:53:06,2713,1645,13896,43921500,0,0,0
MA203,20220218,20220218,135305500,13:53:08,2713,1645,13896,43921500,0,0,0
MA203,20220218,20220218,135306000,13:53:08,2713,1645,13896,43921500,0,0,0
MA203,20220218,20220218,135306500,13:53:09,2713,1645,13896,43921500,0,0,0
MA203,20220218,20220218,135308500,13:53:09,2713,1645,13896,43921500,0,0,0
MA203,20220218,20220218,135309000,13:53:09,2713,1645,13896,43921500,0,0,0
MA203,20220218,20220218,135309500,13:53:09,2713,1645,13896,43921500,0,0,0
MA203,20220218,20220218,135310000,13:53:10,2713,1645,13896,43921500,0,0,0
MA203,20220218,20220218,135310500,13:53:10,2713,1645,13896,43921500,0,0,0
MA203,20220218,20220218,135311000,13:53:11,2713,1645,13896,43921500,0,0,0
MA203,20220218,20220218,135317000,13:53:20,2713,1645,13896,43921500,0,0,0
MA203,20220218,20220218,135317500,13:53:20,2713,1645,13896,43921500,0,0,0
MA203,20220218,20220218,135318000,13:53:20,2713,1645,13896,43921500,0,0,0
MA203,20220218,20220218,135319500,13:53:20,2713,1645,13896,43921500,0,0,0
MA203,20220218,20220218,135321000,13:53:21,2713,1645,13896,43921500,0,0,0
MA203,20220218,20220218,135321500,13:53:21,2713,1645,13896,43921500,0,0,0
MA203,20220218,20220218,135323000,13:53:23,2713,1645,13896,43921500,0,0,0
MA203,20220218,20220218,135323500,13:53:23,2713,1645,13896,43921500,0,0,0
MA203,20220218,20220218,135325000,13:53:26,2713,1645,13896,43921500,0,0,0
MA203,20220218,20220218,135325500,13:53:26,2713,1645,13896,43921500,0,0,0
MA203,20220218,20220218,135335500,13:53:36,2713,1645,13896,43921500,0,0,0
MA203,20220218,20220218,135336000,13:53:36,2713,1645,13896,43921500,0,0,0
MA203,20220218,20220218,135336500,13:53:44,2713,1645,13896,43921500,0,0,0
MA203,20220218,20220218,135337000,13:53:44,2713,1645,13896,43921500,0,0,0
MA203,20220218,20220218,135345000,13:53:46,2713,1645,13896,43921500,0,0,0
MA203,20220218,20220218,135345500,13:53:46,2713,1645,13896,43921500,0,0,0
MA203,20220218,20220218,135346000,13:53:47,2713,1645,13896,43921500,0,0,0
MA203,20220218,20220218,135347000,13:53:47,2713,1645,13896,43921500,0,0,0
MA203,20220218,20220218,135347500,13:53:47,2713,1645,13896,43921500,0,0,0
MA203,20220218,20220218,135348000,13:53:48,2713,1645,13896,43921500,0,0,0
MA203,20220218,20220218,135348500,13:53:48,2713,1645,13896,43921500,0,0,0
MA203,20220218,20220218,135349000,13:53:49,2713,1645,13896,43921500,0,0,0
MA203,20220218,20220218,135349500,13:53:50,2713,1645,13896,43921500,0,0,0
MA203,20220218,20220218,135350000,13:53:50,2713,1645,13896,43921500,0,0,0
MA203,20220218,20220218,135351500,13:53:53,2713,1645,13896,43921500,0,0,0
MA203,20220218,20220218,135352000,13:53:53,2713,1645,13896,43921500,0,0,0
MA203,20220218,20220218,135353500,13:53:53,2713,1645,13896,43921500,0,0,0
MA203,20220218,20220218,135354000,13:53:54,2713,1645,13896,43921500,0,0,0
MA203,20220218,20220218,135357000,13:53:57,2713,1645,13896,43921500,0,0,0
MA203,20220218,20220218,135357500,13:53:58,2713,1645,13896,43921500,0,0,0
MA203,20220218,20220218,135358000,13:53:58,2713,1645,13896,43921500,0,0,0
MA203,20220218,20220218,135359000,13:54:00,2713,1645,13896,43921500,0,0,0
MA203,20220218,20220218,135405000,13:54:09,2713,1645,13896,43921500,0,0,0
MA203,20220218,20220218,135412500,13:54:13,2713,1645,13896,43921500,0,0,0
MA203,20220218,20220218,135413000,13:54:13,2713,1645,13896,43921500,0,0,0
MA203,20220218,20220218,135414500,13:54:14,2713,1645,13896,43921500,0,0,0
MA203,20220218,20220218,135417000,13:54:17,2713,1645,13896,43921500,0,0,0
MA203,20220218,20220218,135426500,13:54:27,2713,1645,13896,43921500,0,0,0
MA203,20220218,20220218,135427000,13:54:28,2713,1645,13896,43921500,0,0,0
MA203,20220218,20220218,135428000,13:54:30,2713,1645,13896,43921500,0,0,0
MA203,20220218,20220218,135430000,13:54:31,2713,1645,13896,43921500,0,0,0
MA203,20220218,20220218,135433500,13:54:34,2713,1645,13896,43921500,0,0,0
MA203,20220218,20220218,135434000,13:54:34,2713,1645,13896,43921500,0,0,0
MA203,20220218,20220218,135434500,13:54:34,2713,1645,13896,43921500,0,0,0
MA203,20220218,20220218,135437000,13:54:37,2713,1645,13896,43921500,0,0,0
MA203,20220218,20220218,135438000,13:54:38,2713,1645,13896,43921500,0,0,0
MA203,20220218,20220218,135439500,13:54:40,2713,1645,13896,43921500,0,0,0
MA203,20220218,20220218,135440500,13:54:40,2713,1645,13896,43921500,0,0,0
MA203,20220218,20220218,135454000,13:54:54,2713,1645,13896,43921500,0,0,0
MA203,20220218,20220218,135501000,13:55:01,2713,1645,13896,43921500,0,0,0
MA203,20220218,20220218,135501500,13:55:02,2713,1645,13896,43921500,0,0,0
MA203,20220218,20220218,135502000,13:55:03,2713,1645,13896,43921500,0,0,0
MA203,20220218,20220218,135502500,13:55:03,2713,1645,13896,43921500,0,0,0
MA203,20220218,20220218,135503000,13:55:03,2713,1645,13896,43921500,0,0,0
MA203,20220218,20220218,135503500,13:55:03,2713,1645,13896,43921500,0,0,0
MA203,20220218,20220218,135504000,13:55:04,2713,1645,13896,43921500,0,0,0
MA203,20220218,20220218,135504500,13:55:05,2713,1645,13896,43921500,0,0,0
MA203,20220218,20220218,135505000,13:55:05,2713,1645,13896,43921500,0,0,0
MA203,20220218,20220218,135505500,13:55:06,2713,1645,13896,43921500,0,0,0
MA203,20220218,20220218,135507000,13:55:08,2713,1645,13896,43921500,0,0,0
MA203,20220218,20220218,135507500,13:55:11,2713,1645,13896,43921500,0,0,0
MA203,20220218,20220218,135508000,13:55:12,2713,1645,13896,43921500,0,0,0
MA203,20220218,20220218,135508500,13:55:12,2713,1645,13896,43921500,0,0,0
MA203,20220218,20220218,135511500,13:55:12,2713,1645,13896,43921500,0,0,0
MA203,20220218,20220218,135512000,13:55:12,2713,1645,13896,43921500,0,0,0
MA203,20220218,20220218,135512500,13:55:13,2713,1645,13896,43921500,0,0,0
MA203,20220218,20220218,135513000,13:55:13,2713,1645,13896,43921500,0,0,0
MA203,20220218,20220218,135513500,13:55:15,2713,1645,13896,43921500,0,0,0
MA203,20220218,20220218,135514000,13:55:15,2713,1645,13896,43921500,0,0,0
MA203,20220218,20220218,135514500,13:55:15,2713,1645,13896,43921500,0,0,0
MA203,20220218,20220218,135515000,13:55:15,2713,1645,13896,43921500,0,0,0
MA203,20220218,20220218,135515500,13:55:16,2713,1645,13896,43921500,0,0,0
MA203,20220218,20220218,135520000,13:55:25,2713,1645,13896,43921500,0,0,0
MA203,20220218,20220218,135521000,13:55:25,2713,1645,13896,43921500,0,0,0
MA203,20220218,20220218,135522000,13:55:25,2713,1645,13896,43921500,0,0,0
MA203,20220218,20220218,135533000,13:55:33,2713,1645,13896,43921500,0,0,0
MA203,20220218,20220218,135536000,13:55:36,2713,1645,13896,43921500,0,0,0
MA203,20220218,20220218,135536500,13:55:37,2713,1645,13896,43921500,0,0,0
MA203,20220218,20220218,135537000,13:55:37,2713,1645,13896,43921500,0,0,0
MA203,20220218,20220218,135537500,13:55:37,2713,1645,13896,43921500,0,0,0
MA203,20220218,20220218,135538000,13:55:38,2713,1645,13896,43921500,0,0,0
MA203,20220218,20220218,135539500,13:55:40,2713,1645,13896,43921500,0,0,0
MA203,20220218,20220218,135541000,13:55:41,2713,1645,13896,43921500,0,0,0
MA203,20220218,20220218,135541500,13:55:41,2713,1645,13896,43921500,0,0,0
MA203,20220218,20220218,135542000,13:55:42,2713,1645,13896,43921500,0,0,0
MA203,20220218,20220218,135543000,13:55:43,2713,1645,13896,43921500,0,0,0
MA203,20220218,20220218,135543500,13:55:45,2713,1645,13896,43921500,0,0,0
MA203,20220218,20220218,135544000,13:55:45,2713,1645,13896,43921500,0,0,0
MA203,20220218,20220218,135544500,13:55:45,2713,1645,13896,43921500,0,0,0
MA203,20220218,20220218,135545500,13:55:45,2713,1645,13896,43921500,0,0,0
MA203,20220218,20220218,135546000,13:55:46,2713,1645,13896,43921500,0,0,0
MA203,20220218,20220218,135546500,13:55:47,2713,1645,13896,43921500,0,0,0
MA203,20220218,20220218,135547000,13:55:47,2713,1645,13896,43921500,0,0,0
MA203,20220218,20220218,135547500,13:55:47,2713,1645,13896,43921500,0,0,0
MA203,20220218,20220218,135548000,13:55:48,2713,1645,13896,43921500,0,0,0
MA203,20220218,20220218,135548500,13:55:48,2713,1645,13896,43921500,0,0,0
MA203,20220218,20220218,135549000,13:55:50,2713,1645,13896,43921500,0,0,0
MA203,20220218,20220218,135549500,13:55:50,2713,1645,13896,43921500,0,0,0
MA203,20220218,20220218,135550000,13:55:50,2713,1645,13896,43921500,0,0,0
MA203,20220218,20220218,135550500,13:55:50,2713,1645,13896,43921500,0,0,0
MA203,20220218,20220218,135551000,13:55:51,2713,1645,13896,43921500,0,0,0
MA203,20220218,20220218,135552500,13:55:52,2713,1645,13896,43921500,0,0,0
MA203,20220218,20220218,135617000,13:56:23,2713,1645,13896,43921500,0,0,0
MA203,20220218,20220218,135632000,13:56:35,2713,1645,13896,43921500,0,0,0
MA203,20220218,20220218,135642500,13:56:43,2713,1645,13896,43921500,0,0,0
MA203,20220218,20220218,135643500,13:56:44,2713,1645,13896,43921500,0,0,0
MA203,20220218,20220218,135652000,13:56:52,2713,1645,13896,43921500,0,0,0
MA203,20220218,20220218,135652500,13:56:52,2713,1645,13896,43921500,0,0,0
MA203,20220218,20220218,135658500,13:56:59,2713,1645,13896,43921500,0,0,0
MA203,20220218,20220218,135659500,13:57:01,2713,1645,13896,43921500,0,0,0
MA203,20220218,20220218,135702000,13:57:02,2713,1645,13896,43921500,0,0,0
MA203,20220218,20220218,135703500,13:57:04,2713,1645,13896,43921500,0,0,0
MA203,20220218,20220218,135704000,13:57:04,2713,1645,13896,43921500,0,0,0
MA203,20220218,20220218,135704500,13:57:04,2713,1645,13896,43921500,0,0,0
MA203,20220218,20220218,135705500,13:57:05,2713,1645,13896,43921500,0,0,0
MA203,20220218,20220218,135706000,13:57:06,2713,1645,13896,43921500,0,0,0
MA203,20220218,20220218,135707000,13:57:07,2713,1645,13896,43921500,0,0,0
