PF203,20220218,20220218,112003000,11:20:04,7316,79,2013,2878760,79,-41,2878760
PF203,20220218,20220218,112004500,11:20:09,7316,79,2013,2878760,0,0,0
PF203,20220218,20220218,112005000,11:20:10,7316,79,2013,2878760,0,0,0
PF203,20220218,20220218,112006000,11:20:10,7316,79,2013,2878760,0,0,0
PF203,20220218,20220218,112006500,11:20:10,7316,79,2013,2878760,0,0,0
PF203,20220218,20220218,112007000,11:20:10,7316,79,2013,2878760,0,0,0
PF203,20220218,20220218,112007500,11:20:10,7316,79,2013,2878760,0,0,0
PF203,20220218,20220218,112008000,11:20:10,7316,79,2013,2878760,0,0,0
PF203,20220218,20220218,112010500,11:20:10,7316,79,2013,2878760,0,0,0
PF203,20220218,20220218,112011500,11:20:12,7316,79,2013,2878760,0,0,0
PF203,20220218,20220218,112012000,11:20:12,7316,79,2013,2878760,0,0,0
PF203,20220218,20220218,112016500,11:20:16,7316,79,2013,2878760,0,0,0
PF203,20220218,20220218,112017000,11:20:17,7316,79,2013,2878760,0,0,0
PF203,20220218,20220218,112017500,11:20:17,7316,79,2013,2878760,0,0,0
PF203,20220218,20220218,112018000,11:20:18,7316,79,2013,2878760,0,0,0
PF203,20220218,20220218,112018500,11:20:18,7316,79,2013,2878760,0,0,0
PF203,20220218,20220218,112019000,11:20:19,7316,79,2013,2878760,0,0,0
PF203,20220218,20220218,112019500,11:20:20,7316,79,2013,2878760,0,0,0
PF203,20220218,20220218,112020000,11:20:20,7316,79,2013,2878760,0,0,0
PF203,20220218,20220218,112020500,11:20:20,7316,79,2013,2878760,0,0,0
PF203,20220218,20220218,112021000,11:20:21,7316,79,2013,2878760,0,0,0
PF203,20220218,20220218,112021500,11:20:21,7316,79,2013,2878760,0,0,0
PF203,20220218,20220218,112022000,11:20:22,7316,79,2013,2878760,0,0,0
PF203,20220218,20220218,112024500,11:20:24,7316,79,2013,2878760,0,0,0
PF203,20220218,20220218,112026000,11:20:26,7316,79,2013,2878760,0,0,0
PF203,20220218,20220218,112030000,11:20:31,7316,79,2013,2878760,0,0,0
PF203,20220218,20220218,112030500,11:20:31,7316,79,2013,2878760,0,0,0
PF203,20220218,20220218,112031000,11:20:31,7316,79,2013,2878760,0,0,0
PF203,20220218,20220218,112031500,11:20:32,7316,79,2013,2878760,0,0,0
PF203,20220218,20220218,112032000,11:20:32,7316,79,2013,2878760,0,0,0
PF203,20220218,20220218,112032500,11:20:32,7316,79,2013,2878760,0,0,0
PF203,20220218,20220218,112033000,11:20:33,7316,79,2013,2878760,0,0,0
PF203,20220218,20220218,112033500,11:20:33,7316,79,2013,2878760,0,0,0
PF203,20220218,20220218,112036000,11:20:36,7316,79,2013,2878760,0,0,0
PF203,20220218,20220218,112036500,11:20:37,7316,79,2013,2878760,0,0,0
PF203,20220218,20220218,112038500,11:20:38,7316,79,2013,2878760,0,0,0
PF203,20220218,20220218,112039000,11:20:39,7316,79,2013,2878760,0,0,0
PF203,20220218,20220218,112042000,11:20:42,7316,79,2013,2878760,0,0,0
PF203,20220218,20220218,112042500,11:20:42,7316,79,2013,2878760,0,0,0
PF203,20220218,20220218,112044500,11:20:44,7316,79,2013,2878760,0,0,0
PF203,20220218,20220218,112045000,11:20:45,7316,79,2013,2878760,0,0,0
PF203,20220218,20220218,112045500,11:20:46,7316,79,2013,2878760,0,0,0
PF203,20220218,20220218,112046000,11:20:46,7316,79,2013,2878760,0,0,0
PF203,20220218,20220218,112051500,11:20:51,7316,79,2013,2878760,0,0,0
PF203,20220218,20220218,112052000,11:20:53,7316,79,2013,2878760,0,0,0
PF203,20220218,20220218,112052500,11:20:53,7316,79,2013,2878760,0,0,0
PF203,20220218,20220218,112053000,11:20:53,7316,79,2013,2878760,0,0,0
PF203,20220218,20220218,112054000,11:20:54,7316,79,2013,2878760,0,0,0
PF203,20220218,20220218,112056500,11:20:56,7316,79,2013,2878760,0,0,0
PF203,20220218,20220218,112101000,11:21:01,7316,79,2013,2878760,0,0,0
PF203,20220218,20220218,112102500,11:21:03,7316,79,2013,2878760,0,0,0
PF203,20220218,20220218,112103000,11:21:03,7316,79,2013,2878760,0,0,0
PF203,20220218,20220218,112103500,11:21:04,7316,79,2013,2878760,0,0,0
PF203,20220218,20220218,112104000,11:21:04,7316,79,2013,2878760,0,0,0
PF203,20220218,20220218,112106000,11:21:07,7316,79,2013,2878760,0,0,0
PF203,20220218,20220218,112106500,11:21:07,7316,79,2013,2878760,0,0,0
PF203,20220218,20220218,112107500,11:21:10,7316,79,2013,2878760,0,0,0
PF203,20220218,20220218,112109500,11:21:10,7316,79,2013,2878760,0,0,0
PF203,20220218,20220218,112114500,11:21:14,7316,79,2013,2878760,0,0,0
PF203,20220218,20220218,112115000,11:21:15,7316,79,2013,2878760,0,0,0
PF203,20220218,20220218,112116500,11:21:16,7316,79,2013,2878760,0,0,0
PF203,20220218,20220218,112117000,11:21:17,7316,79,2013,2878760,0,0,0
PF203,20220218,20220218,112117500,11:21:18,7316,79,2013,2878760,0,0,0
PF203,20220218,20220218,112118000,11:21:18,7316,79,2013,2878760,0,0,0
PF203,20220218,20220218,112120500,11:21:21,7316,79,2013,2878760,0,0,0
PF203,20220218,20220218,112121500,11:21:22,7316,79,2013,2878760,0,0,0
PF203,20220218,20220218,112122000,11:21:22,7316,79,2013,2878760,0,0,0
PF203,20220218,20220218,112123500,11:21:23,7316,79,2013,2878760,0,0,0
PF203,20220218,20220218,112124500,11:21:24,7316,79,2013,2878760,0,0,0
PF203,20220218,20220218,112125000,11:21:29,7316,79,2013,2878760,0,0,0
PF203,20220218,20220218,112331000,11:23:33,7316,79,2013,2878760,0,0,0
PF203,20220218,20220218,112334000,11:23:34,7316,79,2013,2878760,0,0,0
PF203,20220218,20220218,112338000,11:23:38,7316,79,2013,2878760,0,0,0
PF203,20220218,20220218,112339000,11:23:39,7316,79,2013,2878760,0,0,0
PF203,20220218,20220218,112340000,11:23:40,7316,79,2013,2878760,0,0,0
PF203,20220218,20220218,112341000,11:23:41,7316,79,2013,2878760,0,0,0
PF203,20220218,20220218,112341500,11:23:42,7316,79,2013,2878760,0,0,0
PF203,20220218,20220218,112343000,11:23:43,7316,79,2013,2878760,0,0,0
PF203,20220218,20220218,112343500,11:23:43,7316,79,2013,2878760,0,0,0
PF203,20220218,20220218,112344000,11:23:45,7316,79,2013,2878760,0,0,0
PF203,20220218,20220218,112347000,11:23:48,7316,79,2013,2878760,0,0,0
PF203,20220218,20220218,112349000,11:23:49,7316,79,2013,2878760,0,0,0
PF203,20220218,20220218,112349500,11:23:50,7316,79,2013,2878760,0,0,0
PF203,20220218,20220218,112350000,11:23:50,7316,79,2013,2878760,0,0,0
PF203,20220218,20220218,112350500,11:23:50,7316,79,2013,2878760,0,0,0
PF203,20220218,20220218,112352500,11:23:52,7316,79,2013,2878760,0,0,0
PF203,20220218,20220218,112354500,11:23:55,7316,79,2013,2878760,0,0,0
PF203,20220218,20220218,112356000,11:23:56,7316,79,2013,2878760,0,0,0
PF203,20220218,20220218,112401500,11:24:01,7316,79,2013,2878760,0,0,0
PF203,20220218,20220218,112402000,11:24:02,7316,79,2013,2878760,0,0,0
PF203,20220218,20220218,112404000,11:24:04,7316,79,2013,2878760,0,0,0
PF203,20220218,20220218,112411000,11:24:12,7316,79,2013,2878760,0,0,0
PF203,20220218,20220218,112411500,11:24:12,7316,79,2013,2878760,0,0,0
PF203,20220218,20220218,112412500,11:24:13,7316,79,2013,2878760,0,0,0
PF203,20220218,20220218,112413000,11:24:13,7316,79,2013,2878760,0,0,0
PF203,20220218,20220218,112414500,11:24:14,7316,79,2013,2878760,0,0,0
PF203,20220218,20220218,112418500,11:24:19,7316,79,2013,2878760,0,0,0
PF203,20220218,20220218,112419500,11:24:19,7316,79,2013,2878760,0,0,0
PF203,20220218,20220218,112420000,11:24:20,7316,79,2013,2878760,0,0,0
PF203,20220218,20220218,112420500,11:24:20,7316,79,2013,2878760,0,0,0
PF203,20220218,20220218,112422000,11:24:22,7316,79,2013,2878760,0,0,0
PF203,20220218,20220218,112422500,11:24:23,7316,79,2013,2878760,0,0,0
PF203,20220218,20220218,112423000,11:24:23,7316,79,2013,2878760,0,0,0
PF203,20220218,20220218,112424500,11:24:24,7316,79,2013,2878760,0,0,0
PF203,20220218,20220218,112426500,11:24:26,7316,79,2013,2878760,0,0,0
PF203,20220218,20220218,112427000,11:24:27,7316,79,2013,2878760,0,0,0
PF203,20220218,20220218,112427500,11:24:28,7316,79,2013,2878760,0,0,0
PF203,20220218,20220218,112429500,11:24:29,7316,79,2013,2878760,0,0,0
PF203,20220218,20220218,112430000,11:24:30,7316,79,2013,2878760,0,0,0
PF203,20220218,20220218,112430500,11:24:30,7316,79,2013,2878760,0,0,0
PF203,20220218,20220218,112433000,11:24:33,7316,79,2013,2878760,0,0,0
PF203,20220218,20220218,112435500,11:24:35,7316,79,2013,2878760,0,0,0
PF203,20220218,20220218,112437000,11:24:37,7316,79,2013,2878760,0,0,0
PF203,20220218,20220218,112455000,11:24:55,7316,79,2013,2878760,0,0,0
PF203,20220218,20220218,112455500,11:24:56,7316,79,2013,2878760,0,0,0
PF203,20220218,20220218,112457000,11:24:57,7316,79,2013,2878760,0,0,0
PF203,20220218,20220218,112457500,11:24:57,7316,79,2013,2878760,0,0,0
PF203,20220218,20220218,112459000,11:24:59,7316,79,2013,2878760,0,0,0
PF203,20220218,20220218,112459500,11:24:59,7316,79,2013,2878760,0,0,0
PF203,20220218,20220218,112500500,11:25:01,7316,79,2013,2878760,0,0,0
PF203,20220218,20220218,112501500,11:25:03,7316,79,2013,2878760,0,0,0
PF203,20220218,20220218,112502000,11:25:05,7316,79,2013,2878760,0,0,0
PF203,20220218,20220218,112504500,11:25:06,7316,79,2013,2878760,0,0,0
PF203,20220218,20220218,112505500,11:25:06,7316,79,2013,2878760,0,0,0
PF203,20220218,20220218,112508500,11:25:08,7316,79,2013,2878760,0,0,0
PF203,20220218,20220218,112510500,11:25:10,7316,79,2013,2878760,0,0,0
PF203,20220218,20220218,112511000,11:25:11,7316,79,2013,2878760,0,0,0
PF203,20220218,20220218,112521000,11:25:21,7316,79,2013,2878760,0,0,0
PF203,20220218,20220218,112521500,11:25:22,7316,79,2013,2878760,0,0,0
PF203,20220218,20220218,112522500,11:25:22,7316,79,2013,2878760,0,0,0
PF203,20220218,20220218,112523000,11:25:23,7316,79,2013,2878760,0,0,0
PF203,20220218,20220218,112525000,11:25:25,7316,79,2013,2878760,0,0,0
PF203,20220218,20220218,112525500,11:25:26,7316,79,2013,2878760,0,0,0
PF203,20220218,20220218,112526500,11:25:27,7316,79,2013,2878760,0,0,0
PF203,20220218,20220218,112528000,11:25:28,7316,79,2013,2878760,0,0,0
PF203,20220218,20220218,112530000,11:25:30,7316,79,2013,2878760,0,0,0
PF203,20220218,20220218,112530500,11:25:31,7316,79,2013,2878760,0,0,0
PF203,20220218,20220218,112531000,11:25:31,7316,79,2013,2878760,0,0,0
PF203,20220218,20220218,112533500,11:25:33,7316,79,2013,2878760,0,0,0
PF203,20220218,20220218,112538500,11:25:39,7316,79,2013,2878760,0,0,0
PF203,20220218,20220218,112539000,11:25:39,7316,79,2013,2878760,0,0,0
PF203,20220218,20220218,112541500,11:25:41,7316,79,2013,2878760,0,0,0
PF203,20220218,20220218,112543000,11:25:43,7316,79,2013,2878760,0,0,0
PF203,20220218,20220218,112543500,11:25:43,7316,79,2013,2878760,0,0,0
PF203,20220218,20220218,112544500,11:25:44,7316,79,2013,2878760,0,0,0
PF203,20220218,20220218,112545000,11:25:45,7316,79,2013,2878760,0,0,0
PF203,20220218,20220218,112549000,11:25:49,7316,79,2013,2878760,0,0,0
PF203,20220218,20220218,112553000,11:25:53,7316,79,2013,2878760,0,0,0
PF203,20220218,20220218,112553500,11:25:54,7316,79,2013,2878760,0,0,0
PF203,20220218,20220218,112559000,11:26:00,7316,79,2013,2878760,0,0,0
PF203,20220218,20220218,112600500,11:26:00,7316,79,2013,2878760,0,0,0
PF203,20220218,20220218,112601000,11:26:01,7316,79,2013,2878760,0,0,0
PF203,20220218,20220218,112605000,11:26:05,7316,79,2013,2878760,0,0,0
PF203,20220218,20220218,112605500,11:26:05,7316,79,2013,2878760,0,0,0
PF203,20220218,20220218,112607500,11:26:09,7316,79,2013,2878760,0,0,0
PF203,20220218,20220218,112608000,11:26:09,7316,79,2013,2878760,0,0,0
PF203,20220218,20220218,112609500,11:26:10,7316,79,2013,2878760,0,0,0
PF203,20220218,20220218,112611000,11:26:11,7316,79,2013,2878760,0,0,0
PF203,20220218,20220218,112615500,11:26:16,7316,79,2013,2878760,0,0,0
PF203,20220218,20220218,112620000,11:26:20,7316,79,2013,2878760,0,0,0
PF203,20220218,20220218,112620500,11:26:20,7316,79,2013,2878760,0,0,0
PF203,20220218,20220218,112621000,11:26:21,7316,79,2013,2878760,0,0,0
PF203,20220218,20220218,112624000,11:26:24,7316,79,2013,2878760,0,0,0
PF203,20220218,20220218,112624500,11:26:24,7316,79,2013,2878760,0,0,0
PF203,20220218,20220218,112625000,11:26:25,7316,79,2013,2878760,0,0,0
PF203,20220218,20220218,112625500,11:26:25,7316,79,2013,2878760,0,0,0
PF203,20220218,20220218,112626000,11:26:26,7316,79,2013,2878760,0,0,0
PF203,20220218,20220218,112628000,11:26:28,7316,79,2013,2878760,0,0,0
PF203,20220218,20220218,112628500,11:26:28,7316,79,2013,2878760,0,0,0
PF203,20220218,20220218,112629500,11:26:30,7316,79,2013,2878760,0,0,0
PF203,20220218,20220218,112631500,11:26:31,7316,79,2013,2878760,0,0,0
PF203,20220218,20220218,112632500,11:26:32,7316,79,2013,2878760,0,0,0
PF203,20220218,20220218,112633000,11:26:33,7316,79,2013,2878760,0,0,0
PF203,20220218,20220218,112634000,11:26:34,7316,79,2013,2878760,0,0,0
PF203,20220218,20220218,112637500,11:26:54,7316,79,2013,2878760,0,0,0
PF203,20220218,20220218,112638000,11:27:10,7316,79,2013,2878760,0,0,0
PF203,20220218,20220218,112651000,11:27:10,7316,79,2013,2878760,0,0,0
PF203,20220218,20220218,112706500,11:27:12,7316,79,2013,2878760,0,0,0
PF203,20220218,20220218,112721500,11:27:22,7316,79,2013,2878760,0,0,0
PF203,20220218,20220218,112726500,11:27:27,7316,79,2013,2878760,0,0,0
PF203,20220218,20220218,112727500,11:27:27,7316,79,2013,2878760,0,0,0
PF203,20220218,20220218,112728500,11:27:28,7316,79,2013,2878760,0,0,0
PF203,20220218,20220218,112735500,11:27:36,7316,79,2013,2878760,0,0,0
PF203,20220218,20220218,112736000,11:27:36,7316,79,2013,2878760,0,0,0
PF203,20220218,20220218,112736500,11:27:37,7316,79,2013,2878760,0,0,0
PF203,20220218,20220218,112738000,11:27:38,7316,79,2013,2878760,0,0,0
PF203,20220218,20220218,112738500,11:27:39,7316,79,2013,2878760,0,0,0
PF203,20220218,20220218,112740500,11:27:40,7316,79,2013,2878760,0,0,0
PF203,20220218,20220218,112745000,11:27:45,7316,85,2007,3098250,6,-6,219490
PF203,20220218,20220218,112753500,11:27:54,7316,85,2007,3098250,0,0,0
PF203,20220218,20220218,112756000,11:27:56,7316,85,2007,3098250,0,0,0
PF203,20220218,20220218,112757000,11:27:57,7316,85,2007,3098250,0,0,0
PF203,20220218,20220218,112758500,11:27:59,7316,85,2007,3098250,0,0,0
PF203,20220218,20220218,112759000,11:27:59,7316,85,2007,3098250,0,0,0
PF203,20220218,20220218,112759500,11:27:59,7316,85,2007,3098250,0,0,0
PF203,20220218,20220218,112800000,11:28:00,7316,85,2007,3098250,0,0,0
PF203,20220218,20220218,112801000,11:28:01,7316,85,2007,3098250,0,0,0
PF203,20220218,20220218,112801500,11:28:02,7316,85,2007,3098250,0,0,0
PF203,20220218,20220218,112802000,11:28:03,7316,85,2007,3098250,0,0,0
PF203,20220218,20220218,112802500,11:28:03,7316,85,2007,3098250,0,0,0
PF203,20220218,20220218,112803000,11:28:03,7316,85,2007,3098250,0,0,0
PF203,20220218,20220218,112803500,11:28:04,7316,85,2007,3098250,0,0,0
PF203,20220218,20220218,112806500,11:28:10,7316,85,2007,3098250,0,0,0
PF203,20220218,20220218,112811000,11:28:12,7316,85,2007,3098250,0,0,0
PF203,20220218,20220218,112826000,11:28:26,7316,85,2007,3098250,0,0,0
PF203,20220218,20220218,112829500,11:28:29,7316,85,2007,3098250,0,0,0
PF203,20220218,20220218,112830000,11:28:30,7316,85,2007,3098250,0,0,0
PF203,20220218,20220218,112831000,11:28:31,7316,85,2007,3098250,0,0,0
PF203,20220218,20220218,112833000,11:28:33,7316,85,2007,3098250,0,0,0
PF203,20220218,20220218,112835000,11:28:35,7316,85,2007,3098250,0,0,0
PF203,20220218,20220218,112837500,11:28:37,7316,85,2007,3098250,0,0,0
PF203,20220218,20220218,112839000,11:28:39,7316,85,2007,3098250,0,0,0
PF203,20220218,20220218,112839500,11:28:40,7316,85,2007,3098250,0,0,0
PF203,20220218,20220218,112840500,11:28:40,7316,85,2007,3098250,0,0,0
PF203,20220218,20220218,112842000,11:28:42,7316,85,2007,3098250,0,0,0
PF203,20220218,20220218,112842500,11:28:42,7316,85,2007,3098250,0,0,0
PF203,20220218,20220218,112843000,11:28:43,7316,85,2007,3098250,0,0,0
PF203,20220218,20220218,112843500,11:28:44,7316,85,2007,3098250,0,0,0
PF203,20220218,20220218,112844000,11:28:44,7316,85,2007,3098250,0,0,0
PF203,20220218,20220218,112844500,11:28:44,7316,85,2007,3098250,0,0,0
PF203,20220218,20220218,112846500,11:28:46,7316,85,2007,3098250,0,0,0
PF203,20220218,20220218,112847000,11:28:47,7316,85,2007,3098250,0,0,0
PF203,20220218,20220218,112847500,11:28:47,7316,85,2007,3098250,0,0,0
PF203,20220218,20220218,112849000,11:28:49,7316,85,2007,3098250,0,0,0
PF203,20220218,20220218,112849500,11:28:50,7316,85,2007,3098250,0,0,0
PF203,20220218,20220218,112850000,11:28:50,7316,85,2007,3098250,0,0,0
PF203,20220218,20220218,112850500,11:28:50,7316,85,2007,3098250,0,0,0
PF203,20220218,20220218,112851000,11:28:51,7316,85,2007,3098250,0,0,0
PF203,20220218,20220218,112851500,11:28:51,7316,85,2007,3098250,0,0,0
PF203,20220218,20220218,112852000,11:28:52,7316,85,2007,3098250,0,0,0
PF203,20220218,20220218,112852500,11:28:53,7316,85,2007,3098250,0,0,0
PF203,20220218,20220218,112853000,11:28:54,7316,85,2007,3098250,0,0,0
PF203,20220218,20220218,112853500,11:28:54,7316,85,2007,3098250,0,0,0
PF203,20220218,20220218,112854000,11:28:54,7316,85,2007,3098250,0,0,0
PF203,20220218,20220218,112854500,11:28:54,7316,85,2007,3098250,0,0,0
PF203,20220218,20220218,112855000,11:28:55,7316,85,2007,3098250,0,0,0
PF203,20220218,20220218,112856500,11:28:56,7316,85,2007,3098250,0,0,0
PF203,20220218,20220218,112858000,11:28:58,7316,85,2007,3098250,0,0,0
PF203,20220218,20220218,112858500,11:28:59,7316,85,2007,3098250,0,0,0
PF203,20220218,20220218,112859000,11:28:59,7316,85,2007,3098250,0,0,0
PF203,20220218,20220218,112900500,11:29:01,7316,85,2007,3098250,0,0,0
PF203,20220218,20220218,112901000,11:29:01,7316,85,2007,3098250,0,0,0
PF203,20220218,20220218,112901500,11:29:01,7316,85,2007,3098250,0,0,0
PF203,20220218,20220218,112902000,11:29:02,7316,85,2007,3098250,0,0,0
PF203,20220218,20220218,112902500,11:29:03,7316,85,2007,3098250,0,0,0
PF203,20220218,20220218,112903000,11:29:03,7316,85,2007,3098250,0,0,0
PF203,20220218,20220218,112903500,11:29:03,7316,85,2007,3098250,0,0,0
PF203,20220218,20220218,112904000,11:29:04,7316,85,2007,3098250,0,0,0
PF203,20220218,20220218,112905000,11:29:05,7316,85,2007,3098250,0,0,0
PF203,20220218,20220218,112906500,11:29:06,7316,85,2007,3098250,0,0,0
PF203,20220218,20220218,112907000,11:29:07,7316,85,2007,3098250,0,0,0
PF203,20220218,20220218,112909000,11:29:09,7316,85,2007,3098250,0,0,0
PF203,20220218,20220218,112911000,11:29:11,7316,85,2007,3098250,0,0,0
PF203,20220218,20220218,112912500,11:29:12,7316,85,2007,3098250,0,0,0
PF203,20220218,20220218,112913500,11:29:14,7316,85,2007,3098250,0,0,0
PF203,20220218,20220218,112920500,11:29:21,7316,85,2007,3098250,0,0,0
PF203,20220218,20220218,112924500,11:29:24,7316,85,2007,3098250,0,0,0
PF203,20220218,20220218,112925000,11:29:25,7316,85,2007,3098250,0,0,0
PF203,20220218,20220218,112931500,11:29:32,7316,85,2007,3098250,0,0,0
PF203,20220218,20220218,112932000,11:29:32,7316,85,2007,3098250,0,0,0
PF203,20220218,20220218,112937500,11:29:38,7316,85,2007,3098250,0,0,0
PF203,20220218,20220218,112941500,11:29:42,7316,85,2007,3098250,0,0,0
PF203,20220218,20220218,112942000,11:29:42,7316,85,2007,3098250,0,0,0
PF203,20220218,20220218,112944500,11:29:45,7316,85,2007,3098250,0,0,0
PF203,20220218,20220218,112946500,11:29:47,7316,85,2007,3098250,0,0,0
PF203,20220218,20220218,112948500,11:29:49,7316,85,2007,3098250,0,0,0
PF203,20220218,20220218,112949500,11:29:50,7316,85,2007,3098250,0,0,0
PF203,20220218,20220218,133001500,13:30:02,7316,85,2007,3098250,0,0,0
PF203,20220218,20220218,133002000,13:30:08,7316,85,2007,3098250,0,0,0
PF203,20220218,20220218,133002500,13:30:09,7316,85,2007,3098250,0,0,0
PF203,20220218,20220218,133008500,13:30:10,7316,85,2007,3098250,0,0,0
PF203,20220218,20220218,133009500,13:30:10,7316,85,2007,3098250,0,0,0
PF203,20220218,20220218,133010000,13:30:11,7316,85,2007,3098250,0,0,0
PF203,20220218,20220218,133010500,13:30:12,7316,85,2007,3098250,0,0,0
PF203,20220218,20220218,133011000,13:30:12,7316,85,2007,3098250,0,0,0
PF203,20220218,20220218,133011500,13:30:13,7316,85,2007,3098250,0,0,0
PF203,20220218,20220218,133012500,13:30:13,7316,85,2007,3098250,0,0,0
PF203,20220218,20220218,133013000,13:30:13,7316,85,2007,3098250,0,0,0
PF203,20220218,20220218,133013500,13:30:14,7316,85,2007,3098250,0,0,0
PF203,20220218,20220218,133014000,13:30:15,7316,85,2007,3098250,0,0,0
PF203,20220218,20220218,133014500,13:30:16,7316,85,2007,3098250,0,0,0
PF203,20220218,20220218,133016000,13:30:18,7316,85,2007,3098250,0,0,0
PF203,20220218,20220218,133017000,13:30:18,7316,85,2007,3098250,0,0,0
PF203,20220218,20220218,133017500,13:30:18,7316,85,2007,3098250,0,0,0
PF203,20220218,20220218,133018000,13:30:19,7316,85,2007,3098250,0,0,0
PF203,20220218,20220218,133019000,13:30:20,7316,85,2007,3098250,0,0,0
PF203,20220218,20220218,133019500,13:30:20,7316,85,2007,3098250,0,0,0
PF203,20220218,20220218,133020000,13:30:21,7316,85,2007,3098250,0,0,0
PF203,20220218,20220218,133020500,13:30:21,7316,85,2007,3098250,0,0,0
PF203,20220218,20220218,133021500,13:30:22,7316,85,2007,3098250,0,0,0
PF203,20220218,20220218,133022000,13:30:22,7316,85,2007,3098250,0,0,0
PF203,20220218,20220218,133022500,13:30:38,7316,85,2007,3098250,0,0,0
PF203,20220218,20220218,133023000,13:30:38,7316,85,2007,3098250,0,0,0
PF203,20220218,20220218,133036500,13:30:40,7316,85,2007,3098250,0,0,0
PF203,20220218,20220218,133040000,13:30:42,7316,85,2007,3098250,0,0,0
PF203,20220218,20220218,133041500,13:30:44,7316,85,2007,3098250,0,0,0
PF203,20220218,20220218,133043000,13:30:44,7316,85,2007,3098250,0,0,0
PF203,20220218,20220218,133043500,13:30:44,7316,85,2007,3098250,0,0,0
PF203,20220218,20220218,133047500,13:30:48,7316,85,2007,3098250,0,0,0
PF203,20220218,20220218,133049000,13:30:50,7316,85,2007,3098250,0,0,0
PF203,20220218,20220218,133049500,13:30:50,7316,85,2007,3098250,0,0,0
PF203,20220218,20220218,133050000,13:30:50,7316,85,2007,3098250,0,0,0
PF203,20220218,20220218,133054500,13:30:55,7316,85,2007,3098250,0,0,0
PF203,20220218,20220218,133055500,13:30:56,7316,85,2007,3098250,0,0,0
PF203,20220218,20220218,133056000,13:30:57,7316,85,2007,3098250,0,0,0
PF203,20220218,20220218,133056500,13:30:57,7316,85,2007,3098250,0,0,0
PF203,20220218,20220218,133057000,13:30:57,7316,85,2007,3098250,0,0,0
PF203,20220218,20220218,133057500,13:30:58,7316,85,2007,3098250,0,0,0
PF203,20220218,20220218,133058000,13:30:58,7316,85,2007,3098250,0,0,0
PF203,20220218,20220218,133058500,13:30:59,7316,85,2007,3098250,0,0,0
PF203,20220218,20220218,133059000,13:30:59,7316,85,2007,3098250,0,0,0
PF203,20220218,20220218,133101000,13:31:01,7316,85,2007,3098250,0,0,0
PF203,20220218,20220218,133101500,13:31:01,7316,85,2007,3098250,0,0,0
PF203,20220218,20220218,133103500,13:31:04,7316,85,2007,3098250,0,0,0
PF203,20220218,20220218,133104000,13:31:06,7316,85,2007,3098250,0,0,0
PF203,20220218,20220218,133105500,13:31:07,7316,85,2007,3098250,0,0,0
PF203,20220218,20220218,133106000,13:31:08,7316,85,2007,3098250,0,0,0
PF203,20220218,20220218,133108500,13:31:09,7316,85,2007,3098250,0,0,0
PF203,20220218,20220218,133113000,13:31:13,7316,85,2007,3098250,0,0,0
PF203,20220218,20220218,133113500,13:31:14,7316,85,2007,3098250,0,0,0
PF203,20220218,20220218,133116000,13:31:16,7316,85,2007,3098250,0,0,0
PF203,20220218,20220218,133118000,13:31:18,7316,85,2007,3098250,0,0,0
PF203,20220218,20220218,133119000,13:31:19,7316,85,2007,3098250,0,0,0
PF203,20220218,20220218,133159500,13:32:00,7316,85,2007,3098250,0,0,0
PF203,20220218,20220218,133200000,13:32:00,7312,86,2006,3134700,1,-1,36450
PF203,20220218,20220218,133200500,13:32:01,7312,86,2006,3134700,0,0,0
PF203,20220218,20220218,133201000,13:32:01,7312,86,2006,3134700,0,0,0
PF203,20220218,20220218,133201500,13:32:01,7312,86,2006,3134700,0,0,0
PF203,20220218,20220218,133202000,13:32:03,7312,86,2006,3134700,0,0,0
PF203,20220218,20220218,133202500,13:32:03,7312,86,2006,3134700,0,0,0
PF203,20220218,20220218,133203000,13:32:04,7312,86,2006,3134700,0,0,0
PF203,20220218,20220218,133203500,13:32:05,7312,86,2006,3134700,0,0,0
PF203,20220218,20220218,133213000,13:32:15,7312,86,2006,3134700,0,0,0
PF203,20220218,20220218,133213500,13:32:15,7312,86,2006,3134700,0,0,0
PF203,20220218,20220218,133214000,13:32:15,7312,86,2006,3134700,0,0,0
PF203,20220218,20220218,133214500,13:32:16,7312,86,2006,3134700,0,0,0
PF203,20220218,20220218,133215000,13:32:16,7312,86,2006,3134700,0,0,0
PF203,20220218,20220218,133216000,13:32:17,7312,86,2006,3134700,0,0,0
PF203,20220218,20220218,133216500,13:32:17,7312,86,2006,3134700,0,0,0
PF203,20220218,20220218,133217000,13:32:17,7312,86,2006,3134700,0,0,0
PF203,20220218,20220218,133217500,13:32:18,7312,86,2006,3134700,0,0,0
PF203,20220218,20220218,133218000,13:32:18,7312,86,2006,3134700,0,0,0
PF203,20220218,20220218,133219500,13:32:20,7312,86,2006,3134700,0,0,0
PF203,20220218,20220218,133220000,13:32:20,7312,86,2006,3134700,0,0,0
PF203,20220218,20220218,133221000,13:32:21,7312,86,2006,3134700,0,0,0
PF203,20220218,20220218,133221500,13:32:22,7312,86,2006,3134700,0,0,0
PF203,20220218,20220218,133222000,13:32:22,7312,86,2006,3134700,0,0,0
PF203,20220218,20220218,133222500,13:32:23,7312,86,2006,3134700,0,0,0
PF203,20220218,20220218,133224500,13:32:24,7312,86,2006,3134700,0,0,0
PF203,20220218,20220218,133225000,13:32:25,7312,86,2006,3134700,0,0,0
PF203,20220218,20220218,133226500,13:32:27,7312,86,2006,3134700,0,0,0
PF203,20220218,20220218,133227000,13:32:27,7312,86,2006,3134700,0,0,0
PF203,20220218,20220218,133230500,13:32:34,7312,86,2006,3134700,0,0,0
PF203,20220218,20220218,133235000,13:32:36,7312,86,2006,3134700,0,0,0
PF203,20220218,20220218,133236000,13:32:36,7312,86,2006,3134700,0,0,0
PF203,20220218,20220218,133236500,13:32:37,7312,86,2006,3134700,0,0,0
PF203,20220218,20220218,133238500,13:32:39,7326,87,2005,3172020,1,-1,37320
PF203,20220218,20220218,133239500,13:32:40,7326,87,2005,3172020,0,0,0
PF203,20220218,20220218,133240000,13:32:40,7326,87,2005,3172020,0,0,0
PF203,20220218,20220218,133240500,13:32:40,7326,87,2005,3172020,0,0,0
PF203,20220218,20220218,133244500,13:32:45,7326,87,2005,3172020,0,0,0
PF203,20220218,20220218,133245000,13:32:45,7326,87,2005,3172020,0,0,0
PF203,20220218,20220218,133247000,13:32:47,7326,87,2005,3172020,0,0,0
PF203,20220218,20220218,133247500,13:32:48,7326,87,2005,3172020,0,0,0
PF203,20220218,20220218,133248000,13:32:48,7326,87,2005,3172020,0,0,0
PF203,20220218,20220218,133248500,13:32:49,7326,87,2005,3172020,0,0,0
PF203,20220218,20220218,133249500,13:32:49,7326,87,2005,3172020,0,0,0
PF203,20220218,20220218,133251000,13:32:52,7326,87,2005,3172020,0,0,0
PF203,20220218,20220218,133251500,13:32:53,7326,87,2005,3172020,0,0,0
PF203,20220218,20220218,133252500,13:32:53,7326,87,2005,3172020,0,0,0
PF203,20220218,20220218,133253000,13:32:53,7326,87,2005,3172020,0,0,0
PF203,20220218,20220218,133253500,13:32:54,7326,87,2005,3172020,0,0,0
PF203,20220218,20220218,133254000,13:32:54,7326,87,2005,3172020,0,0,0
PF203,20220218,20220218,133254500,13:32:55,7326,87,2005,3172020,0,0,0
PF203,20220218,20220218,133255000,13:32:55,7326,87,2005,3172020,0,0,0
PF203,20220218,20220218,133257500,13:33:00,7326,87,2005,3172020,0,0,0
PF203,20220218,20220218,133258000,13:33:00,7326,87,2005,3172020,0,0,0
PF203,20220218,20220218,133258500,13:33:00,7326,87,2005,3172020,0,0,0
PF203,20220218,20220218,133259500,13:33:00,7326,87,2005,3172020,0,0,0
PF203,20220218,20220218,133300500,13:33:01,7326,87,2005,3172020,0,0,0
PF203,20220218,20220218,133301000,13:33:02,7326,87,2005,3172020,0,0,0
PF203,20220218,20220218,133301500,13:33:02,7326,87,2005,3172020,0,0,0
PF203,20220218,20220218,133302500,13:33:03,7326,87,2005,3172020,0,0,0
PF203,20220218,20220218,133303000,13:33:03,7326,87,2005,3172020,0,0,0
PF203,20220218,20220218,133306000,13:33:06,7326,87,2005,3172020,0,0,0
PF203,20220218,20220218,133306500,13:33:06,7326,87,2005,3172020,0,0,0
PF203,20220218,20220218,133307000,13:33:07,7326,87,2005,3172020,0,0,0
PF203,20220218,20220218,133308000,13:33:08,7326,87,2005,3172020,0,0,0
PF203,20220218,20220218,133310500,13:33:12,7326,87,2005,3172020,0,0,0
PF203,20220218,20220218,133311000,13:33:13,7326,87,2005,3172020,0,0,0
PF203,20220218,20220218,133312000,13:33:14,7326,87,2005,3172020,0,0,0
PF203,20220218,20220218,133312500,13:33:14,7326,87,2005,3172020,0,0,0
PF203,20220218,20220218,133313500,13:33:14,7326,87,2005,3172020,0,0,0
PF203,20220218,20220218,133314000,13:33:17,7326,87,2005,3172020,0,0,0
PF203,20220218,20220218,133314500,13:33:17,7326,87,2005,3172020,0,0,0
PF203,20220218,20220218,133317000,13:33:18,7326,87,2005,3172020,0,0,0
PF203,20220218,20220218,133317500,13:33:19,7326,87,2005,3172020,0,0,0
PF203,20220218,20220218,133318000,13:33:19,7326,87,2005,3172020,0,0,0
PF203,20220218,20220218,133318500,13:33:19,7326,87,2005,3172020,0,0,0
PF203,20220218,20220218,133319000,13:33:20,7326,87,2005,3172020,0,0,0
PF203,20220218,20220218,133321500,13:33:22,7326,87,2005,3172020,0,0,0
PF203,20220218,20220218,133322000,13:33:22,7326,87,2005,3172020,0,0,0
PF203,20220218,20220218,133323000,13:33:23,7326,87,2005,3172020,0,0,0
PF203,20220218,20220218,133323500,13:33:24,7326,87,2005,3172020,0,0,0
PF203,20220218,20220218,133324000,13:33:24,7326,87,2005,3172020,0,0,0
PF203,20220218,20220218,133326000,13:33:27,7326,87,2005,3172020,0,0,0
PF203,20220218,20220218,133326500,13:33:29,7326,87,2005,3172020,0,0,0
PF203,20220218,20220218,133327000,13:33:29,7326,87,2005,3172020,0,0,0
PF203,20220218,20220218,133328500,13:33:30,7326,87,2005,3172020,0,0,0
PF203,20220218,20220218,133329500,13:33:30,7326,87,2005,3172020,0,0,0
PF203,20220218,20220218,133330000,13:33:30,7326,87,2005,3172020,0,0,0
PF203,20220218,20220218,133332000,13:33:32,7326,87,2005,3172020,0,0,0
PF203,20220218,20220218,133333000,13:33:33,7326,87,2005,3172020,0,0,0
PF203,20220218,20220218,133333500,13:33:33,7326,87,2005,3172020,0,0,0
PF203,20220218,20220218,133334000,13:33:34,7326,87,2005,3172020,0,0,0
PF203,20220218,20220218,133334500,13:33:34,7326,87,2005,3172020,0,0,0
PF203,20220218,20220218,133335500,13:33:35,7326,87,2005,3172020,0,0,0
PF203,20220218,20220218,133336500,13:33:36,7326,87,2005,3172020,0,0,0
PF203,20220218,20220218,133337000,13:33:37,7326,87,2005,3172020,0,0,0
PF203,20220218,20220218,133337500,13:33:37,7326,87,2005,3172020,0,0,0
PF203,20220218,20220218,133339000,13:33:39,7326,87,2005,3172020,0,0,0
PF203,20220218,20220218,133339500,13:33:40,7326,87,2005,3172020,0,0,0
PF203,20220218,20220218,133340000,13:33:40,7326,87,2005,3172020,0,0,0
PF203,20220218,20220218,133341000,13:33:41,7326,87,2005,3172020,0,0,0
PF203,20220218,20220218,133341500,13:33:42,7326,87,2005,3172020,0,0,0
PF203,20220218,20220218,133342000,13:33:42,7326,87,2005,3172020,0,0,0
PF203,20220218,20220218,133343500,13:33:44,7326,87,2005,3172020,0,0,0
PF203,20220218,20220218,133344000,13:33:44,7326,87,2005,3172020,0,0,0
PF203,20220218,20220218,133345500,13:33:46,7326,87,2005,3172020,0,0,0
PF203,20220218,20220218,133354000,13:33:54,7326,87,2005,3172020,0,0,0
PF203,20220218,20220218,133354500,13:33:54,7326,87,2005,3172020,0,0,0
PF203,20220218,20220218,133355000,13:33:56,7326,87,2005,3172020,0,0,0
PF203,20220218,20220218,133358500,13:33:58,7326,87,2005,3172020,0,0,0
PF203,20220218,20220218,133359000,13:33:59,7326,87,2005,3172020,0,0,0
PF203,20220218,20220218,133359500,13:33:59,7326,87,2005,3172020,0,0,0
PF203,20220218,20220218,133400000,13:34:00,7326,87,2005,3172020,0,0,0
PF203,20220218,20220218,133400500,13:34:00,7326,87,2005,3172020,0,0,0
PF203,20220218,20220218,133401000,13:34:01,7326,87,2005,3172020,0,0,0
PF203,20220218,20220218,133402000,13:34:02,7326,87,2005,3172020,0,0,0
PF203,20220218,20220218,133408500,13:34:11,7326,87,2005,3172020,0,0,0
PF203,20220218,20220218,133411000,13:34:12,7326,87,2005,3172020,0,0,0
PF203,20220218,20220218,133411500,13:34:12,7326,87,2005,3172020,0,0,0
PF203,20220218,20220218,133412500,13:34:13,7326,87,2005,3172020,0,0,0
PF203,20220218,20220218,133414500,13:34:14,7326,87,2005,3172020,0,0,0
PF203,20220218,20220218,133415000,13:34:15,7326,87,2005,3172020,0,0,0
PF203,20220218,20220218,133415500,13:34:16,7326,87,2005,3172020,0,0,0
PF203,20220218,20220218,133424500,13:34:24,7326,87,2005,3172020,0,0,0
PF203,20220218,20220218,133425000,13:34:25,7326,87,2005,3172020,0,0,0
PF203,20220218,20220218,133426500,13:34:26,7326,87,2005,3172020,0,0,0
PF203,20220218,20220218,133430500,13:34:30,7326,87,2005,3172020,0,0,0
PF203,20220218,20220218,133431000,13:34:31,7326,87,2005,3172020,0,0,0
PF203,20220218,20220218,133432500,13:34:32,7326,87,2005,3172020,0,0,0
PF203,20220218,20220218,133438000,13:34:38,7326,87,2005,3172020,0,0,0
PF203,20220218,20220218,133439500,13:34:39,7326,87,2005,3172020,0,0,0
PF203,20220218,20220218,133440500,13:34:41,7326,87,2005,3172020,0,0,0
PF203,20220218,20220218,133442000,13:34:44,7326,87,2005,3172020,0,0,0
PF203,20220218,20220218,133443000,13:34:45,7326,87,2005,3172020,0,0,0
PF203,20220218,20220218,133444500,13:34:46,7326,87,2005,3172020,0,0,0
PF203,20220218,20220218,133453500,13:34:55,7326,87,2005,3172020,0,0,0
PF203,20220218,20220218,133456000,13:34:56,7326,87,2005,3172020,0,0,0
PF203,20220218,20220218,133456500,13:34:57,7326,87,2005,3172020,0,0,0
PF203,20220218,20220218,133459000,13:34:59,7326,87,2005,3172020,0,0,0
PF203,20220218,20220218,133459500,13:35:00,7326,87,2005,3172020,0,0,0
PF203,20220218,20220218,133500500,13:35:00,7326,87,2005,3172020,0,0,0
PF203,20220218,20220218,133501000,13:35:04,7326,87,2005,3172020,0,0,0
PF203,20220218,20220218,133502000,13:35:10,7326,87,2005,3172020,0,0,0
PF203,20220218,20220218,133504500,13:35:10,7326,87,2005,3172020,0,0,0
PF203,20220218,20220218,133505000,13:35:10,7326,87,2005,3172020,0,0,0
PF203,20220218,20220218,133510500,13:35:11,7326,87,2005,3172020,0,0,0
PF203,20220218,20220218,133511000,13:35:11,7326,87,2005,3172020,0,0,0
PF203,20220218,20220218,133511500,13:35:11,7326,87,2005,3172020,0,0,0
PF203,20220218,20220218,133513000,13:35:13,7326,87,2005,3172020,0,0,0
PF203,20220218,20220218,133514500,13:35:14,7326,87,2005,3172020,0,0,0
PF203,20220218,20220218,133517500,13:35:18,7326,87,2005,3172020,0,0,0
PF203,20220218,20220218,133518000,13:35:19,7326,87,2005,3172020,0,0,0
PF203,20220218,20220218,133518500,13:35:19,7326,87,2005,3172020,0,0,0
PF203,20220218,20220218,133519000,13:35:19,7326,87,2005,3172020,0,0,0
PF203,20220218,20220218,133522000,13:35:22,7326,87,2005,3172020,0,0,0
PF203,20220218,20220218,133522500,13:35:23,7326,87,2005,3172020,0,0,0
PF203,20220218,20220218,133523000,13:35:23,7326,87,2005,3172020,0,0,0
PF203,20220218,20220218,133524000,13:35:24,7326,87,2005,3172020,0,0,0
PF203,20220218,20220218,133524500,13:35:25,7326,87,2005,3172020,0,0,0
PF203,20220218,20220218,133525000,13:35:25,7326,87,2005,3172020,0,0,0
PF203,20220218,20220218,133525500,13:35:26,7326,87,2005,3172020,0,0,0
PF203,20220218,20220218,133526000,13:35:26,7326,87,2005,3172020,0,0,0
PF203,20220218,20220218,133526500,13:35:27,7326,87,2005,3172020,0,0,0
PF203,20220218,20220218,133527000,13:35:27,7326,87,2005,3172020,0,0,0
PF203,20220218,20220218,133527500,13:35:31,7326,87,2005,3172020,0,0,0
PF203,20220218,20220218,133528000,13:35:31,7326,87,2005,3172020,0,0,0
PF203,20220218,20220218,133528500,13:35:32,7326,87,2005,3172020,0,0,0
PF203,20220218,20220218,133531000,13:35:32,7326,87,2005,3172020,0,0,0
PF203,20220218,20220218,133531500,13:35:41,7326,87,2005,3172020,0,0,0
PF203,20220218,20220218,133532000,13:35:41,7326,87,2005,3172020,0,0,0
PF203,20220218,20220218,133532500,13:35:42,7326,87,2005,3172020,0,0,0
PF203,20220218,20220218,133539500,13:35:43,7326,87,2005,3172020,0,0,0
PF203,20220218,20220218,133542000,13:35:43,7326,87,2005,3172020,0,0,0
PF203,20220218,20220218,133542500,13:35:44,7326,87,2005,3172020,0,0,0
PF203,20220218,20220218,133543500,13:35:44,7326,87,2005,3172020,0,0,0
PF203,20220218,20220218,133544000,13:35:44,7326,87,2005,3172020,0,0,0
PF203,20220218,20220218,133545000,13:35:46,7326,87,2005,3172020,0,0,0
PF203,20220218,20220218,133547000,13:35:47,7326,87,2005,3172020,0,0,0
PF203,20220218,20220218,133547500,13:35:48,7326,87,2005,3172020,0,0,0
PF203,20220218,20220218,133548000,13:35:48,7326,87,2005,3172020,0,0,0
PF203,20220218,20220218,133549500,13:35:49,7326,87,2005,3172020,0,0,0
PF203,20220218,20220218,133550000,13:35:50,7326,87,2005,3172020,0,0,0
PF203,20220218,20220218,133550500,13:35:50,7326,87,2005,3172020,0,0,0
PF203,20220218,20220218,133551000,13:35:51,7326,87,2005,3172020,0,0,0
PF203,20220218,20220218,133552000,13:35:52,7326,87,2005,3172020,0,0,0
PF203,20220218,20220218,133553500,13:35:55,7326,87,2005,3172020,0,0,0
PF203,20220218,20220218,133554500,13:35:55,7326,87,2005,3172020,0,0,0
PF203,20220218,20220218,133555500,13:35:56,7326,87,2005,3172020,0,0,0
PF203,20220218,20220218,133556000,13:35:56,7326,87,2005,3172020,0,0,0
PF203,20220218,20220218,133556500,13:35:56,7326,87,2005,3172020,0,0,0
PF203,20220218,20220218,133558500,13:36:02,7326,87,2005,3172020,0,0,0
PF203,20220218,20220218,133559000,13:36:03,7326,87,2005,3172020,0,0,0
PF203,20220218,20220218,133601500,13:36:03,7326,87,2005,3172020,0,0,0
PF203,20220218,20220218,133602000,13:36:03,7326,87,2005,3172020,0,0,0
PF203,20220218,20220218,133602500,13:36:03,7326,87,2005,3172020,0,0,0
PF203,20220218,20220218,133603000,13:36:05,7326,87,2005,3172020,0,0,0
PF203,20220218,20220218,133603500,13:36:05,7326,87,2005,3172020,0,0,0
PF203,20220218,20220218,133604000,13:36:05,7326,87,2005,3172020,0,0,0
PF203,20220218,20220218,133605000,13:36:06,7326,87,2005,3172020,0,0,0
PF203,20220218,20220218,133606500,13:36:07,7326,87,2005,3172020,0,0,0
PF203,20220218,20220218,133607000,13:36:07,7326,87,2005,3172020,0,0,0
PF203,20220218,20220218,133607500,13:36:08,7326,87,2005,3172020,0,0,0
PF203,20220218,20220218,133608000,13:36:08,7326,87,2005,3172020,0,0,0
PF203,20220218,20220218,133608500,13:36:08,7326,87,2005,3172020,0,0,0
PF203,20220218,20220218,133609000,13:36:09,7326,87,2005,3172020,0,0,0
PF203,20220218,20220218,133610000,13:36:10,7326,87,2005,3172020,0,0,0
PF203,20220218,20220218,133611500,13:36:12,7326,87,2005,3172020,0,0,0
PF203,20220218,20220218,133612000,13:36:12,7326,87,2005,3172020,0,0,0
PF203,20220218,20220218,133612500,13:36:12,7326,87,2005,3172020,0,0,0
PF203,20220218,20220218,133613000,13:36:13,7326,87,2005,3172020,0,0,0
PF203,20220218,20220218,133614500,13:36:14,7326,87,2005,3172020,0,0,0
PF203,20220218,20220218,133615500,13:36:15,7326,87,2005,3172020,0,0,0
PF203,20220218,20220218,133616000,13:36:16,7326,87,2005,3172020,0,0,0
PF203,20220218,20220218,133616500,13:36:17,7326,87,2005,3172020,0,0,0
PF203,20220218,20220218,133617000,13:36:17,7326,87,2005,3172020,0,0,0
PF203,20220218,20220218,133617500,13:36:19,7326,87,2005,3172020,0,0,0
PF203,20220218,20220218,133618000,13:36:19,7326,87,2005,3172020,0,0,0
PF203,20220218,20220218,133619500,13:36:19,7326,87,2005,3172020,0,0,0
PF203,20220218,20220218,133623000,13:36:23,7326,87,2005,3172020,0,0,0
PF203,20220218,20220218,133624500,13:36:24,7326,87,2005,3172020,0,0,0
PF203,20220218,20220218,133625500,13:36:25,7326,87,2005,3172020,0,0,0
PF203,20220218,20220218,133629000,13:36:29,7326,87,2005,3172020,0,0,0
PF203,20220218,20220218,133630000,13:36:30,7326,87,2005,3172020,0,0,0
PF203,20220218,20220218,133630500,13:36:31,7326,87,2005,3172020,0,0,0
PF203,20220218,20220218,133631000,13:36:31,7326,87,2005,3172020,0,0,0
PF203,20220218,20220218,133632500,13:36:32,7326,87,2005,3172020,0,0,0
PF203,20220218,20220218,133633000,13:36:33,7326,87,2005,3172020,0,0,0
PF203,20220218,20220218,133633500,13:36:33,7326,87,2005,3172020,0,0,0
PF203,20220218,20220218,133634000,13:36:34,7326,87,2005,3172020,0,0,0
PF203,20220218,20220218,133635000,13:36:35,7326,87,2005,3172020,0,0,0
PF203,20220218,20220218,133635500,13:36:36,7326,87,2005,3172020,0,0,0
PF203,20220218,20220218,133636000,13:36:36,7326,87,2005,3172020,0,0,0
PF203,20220218,20220218,133637500,13:36:38,7326,87,2005,3172020,0,0,0
PF203,20220218,20220218,133639000,13:36:39,7326,87,2005,3172020,0,0,0
PF203,20220218,20220218,133639500,13:36:39,7326,87,2005,3172020,0,0,0
PF203,20220218,20220218,133642500,13:36:42,7326,87,2005,3172020,0,0,0
PF203,20220218,20220218,133645500,13:36:46,7326,87,2005,3172020,0,0,0
PF203,20220218,20220218,133646000,13:36:46,7326,87,2005,3172020,0,0,0
PF203,20220218,20220218,133646500,13:36:46,7326,87,2005,3172020,0,0,0
PF203,20220218,20220218,133647000,13:36:47,7326,87,2005,3172020,0,0,0
PF203,20220218,20220218,133648500,13:36:48,7326,87,2005,3172020,0,0,0
PF203,20220218,20220218,133649000,13:36:49,7326,87,2005,3172020,0,0,0
PF203,20220218,20220218,133649500,13:36:49,7326,87,2005,3172020,0,0,0
PF203,20220218,20220218,133651000,13:36:51,7326,87,2005,3172020,0,0,0
PF203,20220218,20220218,133651500,13:36:51,7326,87,2005,3172020,0,0,0
PF203,20220218,20220218,133655500,13:36:56,7326,87,2005,3172020,0,0,0
PF203,20220218,20220218,133656000,13:36:56,7326,87,2005,3172020,0,0,0
PF203,20220218,20220218,133657500,13:36:58,7326,87,2005,3172020,0,0,0
PF203,20220218,20220218,133658500,13:36:59,7326,87,2005,3172020,0,0,0
PF203,20220218,20220218,133659500,13:36:59,7326,87,2005,3172020,0,0,0
PF203,20220218,20220218,133700000,13:37:00,7326,87,2005,3172020,0,0,0
PF203,20220218,20220218,133701000,13:37:01,7326,87,2005,3172020,0,0,0
PF203,20220218,20220218,133702000,13:37:02,7326,87,2005,3172020,0,0,0
PF203,20220218,20220218,133702500,13:37:03,7326,87,2005,3172020,0,0,0
PF203,20220218,20220218,133703000,13:37:03,7326,87,2005,3172020,0,0,0
PF203,20220218,20220218,133703500,13:37:03,7326,87,2005,3172020,0,0,0
PF203,20220218,20220218,133705000,13:37:05,7326,87,2005,3172020,0,0,0
PF203,20220218,20220218,133705500,13:37:07,7326,87,2005,3172020,0,0,0
PF203,20220218,20220218,133706000,13:37:08,7326,87,2005,3172020,0,0,0
PF203,20220218,20220218,133709500,13:37:10,7326,87,2005,3172020,0,0,0
PF203,20220218,20220218,133711000,13:37:11,7326,87,2005,3172020,0,0,0
PF203,20220218,20220218,133712000,13:37:13,7326,87,2005,3172020,0,0,0
PF203,20220218,20220218,133715500,13:37:16,7326,87,2005,3172020,0,0,0
PF203,20220218,20220218,133719000,13:37:19,7326,87,2005,3172020,0,0,0
PF203,20220218,20220218,133721000,13:37:21,7326,87,2005,3172020,0,0,0
PF203,20220218,20220218,133723500,13:37:23,7326,87,2005,3172020,0,0,0
PF203,20220218,20220218,133725500,13:37:26,7326,87,2005,3172020,0,0,0
PF203,20220218,20220218,133726500,13:37:27,7326,87,2005,3172020,0,0,0
PF203,20220218,20220218,133729000,13:37:29,7326,87,2005,3172020,0,0,0
PF203,20220218,20220218,133730000,13:37:30,7326,87,2005,3172020,0,0,0
PF203,20220218,20220218,133730500,13:37:30,7326,87,2005,3172020,0,0,0
PF203,20220218,20220218,133732000,13:37:32,7326,87,2005,3172020,0,0,0
PF203,20220218,20220218,133733500,13:37:33,7326,87,2005,3172020,0,0,0
PF203,20220218,20220218,133734000,13:37:34,7326,87,2005,3172020,0,0,0
PF203,20220218,20220218,133736500,13:37:37,7326,87,2005,3172020,0,0,0
PF203,20220218,20220218,133737000,13:37:37,7326,87,2005,3172020,0,0,0
PF203,20220218,20220218,133738500,13:37:39,7326,87,2005,3172020,0,0,0
PF203,20220218,20220218,133739000,13:37:39,7326,87,2005,3172020,0,0,0
PF203,20220218,20220218,133740000,13:37:40,7326,87,2005,3172020,0,0,0
PF203,20220218,20220218,133741500,13:37:41,7326,87,2005,3172020,0,0,0
PF203,20220218,20220218,133742000,13:37:42,7326,87,2005,3172020,0,0,0
PF203,20220218,20220218,133745500,13:37:45,7326,87,2005,3172020,0,0,0
PF203,20220218,20220218,133747000,13:37:47,7326,87,2005,3172020,0,0,0
PF203,20220218,20220218,133750500,13:37:51,7326,87,2005,3172020,0,0,0
PF203,20220218,20220218,133755000,13:37:55,7326,87,2005,3172020,0,0,0
PF203,20220218,20220218,133755500,13:37:55,7326,87,2005,3172020,0,0,0
PF203,20220218,20220218,133802000,13:38:03,7326,87,2005,3172020,0,0,0
PF203,20220218,20220218,133802500,13:38:05,7326,87,2005,3172020,0,0,0
PF203,20220218,20220218,133817500,13:38:18,7326,87,2005,3172020,0,0,0
PF203,20220218,20220218,133818500,13:38:18,7326,87,2005,3172020,0,0,0
PF203,20220218,20220218,133819000,13:38:19,7326,87,2005,3172020,0,0,0
PF203,20220218,20220218,133820000,13:38:20,7326,87,2005,3172020,0,0,0
PF203,20220218,20220218,133820500,13:38:22,7326,87,2005,3172020,0,0,0
PF203,20220218,20220218,133822000,13:38:23,7326,87,2005,3172020,0,0,0
PF203,20220218,20220218,133824000,13:38:24,7326,87,2005,3172020,0,0,0
PF203,20220218,20220218,133824500,13:38:28,7326,89,2003,3244940,2,-2,72920
PF203,20220218,20220218,133825000,13:38:41,7326,89,2003,3244940,0,0,0
PF203,20220218,20220218,133825500,13:38:41,7326,89,2003,3244940,0,0,0
PF203,20220218,20220218,133840500,13:38:42,7326,89,2003,3244940,0,0,0
PF203,20220218,20220218,133856500,13:38:56,7326,89,2003,3244940,0,0,0
PF203,20220218,20220218,133857000,13:38:57,7326,89,2003,3244940,0,0,0
PF203,20220218,20220218,133859500,13:38:59,7326,89,2003,3244940,0,0,0
PF203,20220218,20220218,133901000,13:39:01,7326,89,2003,3244940,0,0,0
PF203,20220218,20220218,133902500,13:39:02,7326,89,2003,3244940,0,0,0
PF203,20220218,20220218,133906000,13:39:06,7326,89,2003,3244940,0,0,0
PF203,20220218,20220218,133907500,13:39:07,7326,89,2003,3244940,0,0,0
PF203,20220218,20220218,133910000,13:39:10,7326,89,2003,3244940,0,0,0
PF203,20220218,20220218,133911500,13:39:11,7326,89,2003,3244940,0,0,0
PF203,20220218,20220218,133913500,13:39:13,7326,89,2003,3244940,0,0,0
PF203,20220218,20220218,133914000,13:39:15,7326,89,2003,3244940,0,0,0
PF203,20220218,20220218,133914500,13:39:15,7326,89,2003,3244940,0,0,0
PF203,20220218,20220218,133916000,13:39:19,7326,89,2003,3244940,0,0,0
PF203,20220218,20220218,133916500,13:39:19,7326,89,2003,3244940,0,0,0
PF203,20220218,20220218,133921000,13:39:21,7326,89,2003,3244940,0,0,0
PF203,20220218,20220218,133924000,13:39:24,7326,89,2003,3244940,0,0,0
PF203,20220218,20220218,133925000,13:39:25,7326,89,2003,3244940,0,0,0
PF203,20220218,20220218,133929000,13:39:29,7326,89,2003,3244940,0,0,0
PF203,20220218,20220218,133938500,13:39:38,7326,89,2003,3244940,0,0,0
PF203,20220218,20220218,133939500,13:39:39,7326,89,2003,3244940,0,0,0
PF203,20220218,20220218,133940000,13:39:40,7326,89,2003,3244940,0,0,0
PF203,20220218,20220218,133941000,13:39:41,7326,89,2003,3244940,0,0,0
PF203,20220218,20220218,133943500,13:39:43,7326,89,2003,3244940,0,0,0
PF203,20220218,20220218,133944500,13:39:44,7326,89,2003,3244940,0,0,0
PF203,20220218,20220218,133945000,13:39:45,7326,89,2003,3244940,0,0,0
PF203,20220218,20220218,133945500,13:39:46,7326,89,2003,3244940,0,0,0
PF203,20220218,20220218,133946000,13:39:46,7326,89,2003,3244940,0,0,0
PF203,20220218,20220218,133946500,13:39:47,7326,89,2003,3244940,0,0,0
PF203,20220218,20220218,133948000,13:39:48,7326,89,2003,3244940,0,0,0
PF203,20220218,20220218,133949000,13:39:49,7326,89,2003,3244940,0,0,0
PF203,20220218,20220218,133949500,13:39:50,7326,89,2003,3244940,0,0,0
PF203,20220218,20220218,133951000,13:39:51,7326,89,2003,3244940,0,0,0
PF203,20220218,20220218,133951500,13:39:51,7326,89,2003,3244940,0,0,0
PF203,20220218,20220218,133952500,13:39:53,7326,89,2003,3244940,0,0,0
PF203,20220218,20220218,133954500,13:39:55,7326,89,2003,3244940,0,0,0
PF203,20220218,20220218,133955000,13:39:55,7326,89,2003,3244940,0,0,0
PF203,20220218,20220218,133955500,13:39:55,7326,89,2003,3244940,0,0,0
PF203,20220218,20220218,133956000,13:39:56,7326,89,2003,3244940,0,0,0
PF203,20220218,20220218,133956500,13:39:57,7326,89,2003,3244940,0,0,0
PF203,20220218,20220218,133957500,13:40:12,7326,89,2003,3244940,0,0,0
PF203,20220218,20220218,133958500,13:40:13,7326,89,2003,3244940,0,0,0
PF203,20220218,20220218,134007500,13:40:13,7326,89,2003,3244940,0,0,0
PF203,20220218,20220218,134020500,13:40:21,7326,89,2003,3244940,0,0,0
PF203,20220218,20220218,134021000,13:40:21,7326,89,2003,3244940,0,0,0
PF203,20220218,20220218,134023500,13:40:23,7326,89,2003,3244940,0,0,0
PF203,20220218,20220218,134024000,13:40:24,7326,89,2003,3244940,0,0,0
PF203,20220218,20220218,134024500,13:40:25,7326,89,2003,3244940,0,0,0
PF203,20220218,20220218,134025500,13:40:26,7326,89,2003,3244940,0,0,0
PF203,20220218,20220218,134026000,13:40:26,7326,89,2003,3244940,0,0,0
PF203,20220218,20220218,134027000,13:40:27,7326,89,2003,3244940,0,0,0
PF203,20220218,20220218,134027500,13:40:27,7326,89,2003,3244940,0,0,0
PF203,20220218,20220218,134028500,13:40:29,7326,89,2003,3244940,0,0,0
PF203,20220218,20220218,134029500,13:40:30,7326,89,2003,3244940,0,0,0
PF203,20220218,20220218,134031500,13:40:31,7326,89,2003,3244940,0,0,0
PF203,20220218,20220218,134032000,13:40:32,7326,89,2003,3244940,0,0,0
PF203,20220218,20220218,134032500,13:40:32,7326,89,2003,3244940,0,0,0
PF203,20220218,20220218,134033000,13:40:33,7326,89,2003,3244940,0,0,0
PF203,20220218,20220218,134034500,13:40:35,7326,89,2003,3244940,0,0,0
PF203,20220218,20220218,134035500,13:40:36,7326,89,2003,3244940,0,0,0
PF203,20220218,20220218,134036000,13:40:36,7326,89,2003,3244940,0,0,0
PF203,20220218,20220218,134041000,13:40:42,7326,89,2003,3244940,0,0,0
PF203,20220218,20220218,134041500,13:40:42,7326,89,2003,3244940,0,0,0
PF203,20220218,20220218,134042000,13:40:42,7326,89,2003,3244940,0,0,0
PF203,20220218,20220218,134042500,13:40:42,7326,89,2003,3244940,0,0,0
PF203,20220218,20220218,134043000,13:40:43,7326,89,2003,3244940,0,0,0
PF203,20220218,20220218,134043500,13:40:44,7326,89,2003,3244940,0,0,0
PF203,20220218,20220218,134045500,13:40:45,7326,89,2003,3244940,0,0,0
PF203,20220218,20220218,134046000,13:40:46,7326,89,2003,3244940,0,0,0
PF203,20220218,20220218,134046500,13:40:46,7326,89,2003,3244940,0,0,0
PF203,20220218,20220218,134047500,13:40:47,7326,89,2003,3244940,0,0,0
PF203,20220218,20220218,134048500,13:40:48,7326,89,2003,3244940,0,0,0
PF203,20220218,20220218,134049000,13:40:49,7326,89,2003,3244940,0,0,0
PF203,20220218,20220218,134050500,13:40:50,7326,89,2003,3244940,0,0,0
PF203,20220218,20220218,134055000,13:40:55,7326,89,2003,3244940,0,0,0
PF203,20220218,20220218,134055500,13:40:57,7326,89,2003,3244940,0,0,0
PF203,20220218,20220218,134057500,13:40:58,7326,89,2003,3244940,0,0,0
PF203,20220218,20220218,134107000,13:41:07,7326,89,2003,3244940,0,0,0
PF203,20220218,20220218,134108000,13:41:09,7326,89,2003,3244940,0,0,0
PF203,20220218,20220218,134108500,13:41:10,7326,89,2003,3244940,0,0,0
PF203,20220218,20220218,134111500,13:41:11,7326,89,2003,3244940,0,0,0
PF203,20220218,20220218,134112000,13:41:12,7326,89,2003,3244940,0,0,0
PF203,20220218,20220218,134113000,13:41:13,7326,89,2003,3244940,0,0,0
PF203,20220218,20220218,134113500,13:41:13,7326,89,2003,3244940,0,0,0
PF203,20220218,20220218,134114500,13:41:15,7326,89,2003,3244940,0,0,0
PF203,20220218,20220218,134117000,13:41:17,7326,89,2003,3244940,0,0,0
PF203,20220218,20220218,134117500,13:41:18,7326,89,2003,3244940,0,0,0
PF203,20220218,20220218,134120000,13:41:20,7326,89,2003,3244940,0,0,0
PF203,20220218,20220218,134120500,13:41:23,7326,89,2003,3244940,0,0,0
PF203,20220218,20220218,134121500,13:41:24,7326,89,2003,3244940,0,0,0
PF203,20220218,20220218,134122000,13:41:24,7326,89,2003,3244940,0,0,0
PF203,20220218,20220218,134123000,13:41:24,7326,89,2003,3244940,0,0,0
PF203,20220218,20220218,134128000,13:41:28,7326,89,2003,3244940,0,0,0
PF203,20220218,20220218,134128500,13:41:28,7326,89,2003,3244940,0,0,0
PF203,20220218,20220218,134129500,13:41:30,7326,89,2003,3244940,0,0,0
PF203,20220218,20220218,134130000,13:41:30,7326,89,2003,3244940,0,0,0
PF203,20220218,20220218,134130500,13:41:31,7326,89,2003,3244940,0,0,0
PF203,20220218,20220218,134131000,13:41:31,7326,89,2003,3244940,0,0,0
PF203,20220218,20220218,134134000,13:41:34,7326,89,2003,3244940,0,0,0
PF203,20220218,20220218,134135000,13:41:35,7326,89,2003,3244940,0,0,0
PF203,20220218,20220218,134135500,13:41:35,7326,89,2003,3244940,0,0,0
PF203,20220218,20220218,134136000,13:41:39,7326,89,2003,3244940,0,0,0
PF203,20220218,20220218,134136500,13:41:39,7326,89,2003,3244940,0,0,0
PF203,20220218,20220218,134137000,13:41:40,7326,89,2003,3244940,0,0,0
PF203,20220218,20220218,134139500,13:41:41,7326,89,2003,3244940,0,0,0
PF203,20220218,20220218,134141000,13:41:42,7326,89,2003,3244940,0,0,0
PF203,20220218,20220218,134142500,13:41:42,7326,89,2003,3244940,0,0,0
PF203,20220218,20220218,134143000,13:41:43,7326,89,2003,3244940,0,0,0
PF203,20220218,20220218,134144000,13:41:44,7326,89,2003,3244940,0,0,0
PF203,20220218,20220218,134145000,13:41:45,7326,89,2003,3244940,0,0,0
PF203,20220218,20220218,134145500,13:41:45,7326,89,2003,3244940,0,0,0
PF203,20220218,20220218,134147000,13:41:47,7326,89,2003,3244940,0,0,0
PF203,20220218,20220218,134147500,13:41:48,7326,89,2003,3244940,0,0,0
PF203,20220218,20220218,134148000,13:41:48,7326,89,2003,3244940,0,0,0
PF203,20220218,20220218,134148500,13:41:48,7326,89,2003,3244940,0,0,0
PF203,20220218,20220218,134149000,13:41:49,7326,89,2003,3244940,0,0,0
PF203,20220218,20220218,134149500,13:41:50,7326,89,2003,3244940,0,0,0
PF203,20220218,20220218,134151000,13:41:51,7326,89,2003,3244940,0,0,0
PF203,20220218,20220218,134151500,13:41:52,7326,89,2003,3244940,0,0,0
PF203,20220218,20220218,134152000,13:41:52,7326,89,2003,3244940,0,0,0
PF203,20220218,20220218,134152500,13:41:52,7326,89,2003,3244940,0,0,0
PF203,20220218,20220218,134153000,13:41:53,7326,89,2003,3244940,0,0,0
PF203,20220218,20220218,134153500,13:41:54,7326,89,2003,3244940,0,0,0
PF203,20220218,20220218,134154000,13:42:01,7326,89,2003,3244940,0,0,0
PF203,20220218,20220218,134201500,13:42:06,7326,89,2003,3244940,0,0,0
PF203,20220218,20220218,134209500,13:42:12,7326,89,2003,3244940,0,0,0
PF203,20220218,20220218,134211000,13:42:12,7326,89,2003,3244940,0,0,0
PF203,20220218,20220218,134212000,13:42:12,7326,89,2003,3244940,0,0,0
PF203,20220218,20220218,134212500,13:42:13,7326,89,2003,3244940,0,0,0
PF203,20220218,20220218,134213500,13:42:13,7326,89,2003,3244940,0,0,0
PF203,20220218,20220218,134214500,13:42:15,7326,89,2003,3244940,0,0,0
PF203,20220218,20220218,134215000,13:42:15,7326,89,2003,3244940,0,0,0
PF203,20220218,20220218,134215500,13:42:16,7326,89,2003,3244940,0,0,0
PF203,20220218,20220218,134216000,13:42:16,7326,89,2003,3244940,0,0,0
PF203,20220218,20220218,134216500,13:42:17,7326,89,2003,3244940,0,0,0
PF203,20220218,20220218,134217000,13:42:18,7326,89,2003,3244940,0,0,0
PF203,20220218,20220218,134219500,13:42:20,7326,89,2003,3244940,0,0,0
PF203,20220218,20220218,134220000,13:42:20,7326,89,2003,3244940,0,0,0
PF203,20220218,20220218,134223000,13:42:23,7326,89,2003,3244940,0,0,0
PF203,20220218,20220218,134225000,13:42:25,7326,89,2003,3244940,0,0,0
PF203,20220218,20220218,134225500,13:42:25,7326,89,2003,3244940,0,0,0
PF203,20220218,20220218,134227000,13:42:28,7326,89,2003,3244940,0,0,0
PF203,20220218,20220218,134229000,13:42:29,7326,89,2003,3244940,0,0,0
PF203,20220218,20220218,134239500,13:42:39,7326,89,2003,3244940,0,0,0
PF203,20220218,20220218,134241000,13:42:41,7326,89,2003,3244940,0,0,0
PF203,20220218,20220218,134245000,13:42:45,7326,89,2003,3244940,0,0,0
PF203,20220218,20220218,134256500,13:42:57,7326,89,2003,3244940,0,0,0
PF203,20220218,20220218,134257000,13:42:59,7326,89,2003,3244940,0,0,0
PF203,20220218,20220218,134259000,13:42:59,7326,89,2003,3244940,0,0,0
PF203,20220218,20220218,134301000,13:43:02,7326,89,2003,3244940,0,0,0
PF203,20220218,20220218,134302000,13:43:02,7326,89,2003,3244940,0,0,0
PF203,20220218,20220218,134303000,13:43:05,7326,89,2003,3244940,0,0,0
PF203,20220218,20220218,134309000,13:43:12,7326,89,2003,3244940,0,0,0
PF203,20220218,20220218,134311000,13:43:14,7326,89,2003,3244940,0,0,0
PF203,20220218,20220218,134312500,13:43:14,7326,89,2003,3244940,0,0,0
PF203,20220218,20220218,134313000,13:43:14,7326,89,2003,3244940,0,0,0
PF203,20220218,20220218,134314000,13:43:14,7326,89,2003,3244940,0,0,0
PF203,20220218,20220218,134317500,13:43:17,7326,89,2003,3244940,0,0,0
PF203,20220218,20220218,134318500,13:43:18,7326,89,2003,3244940,0,0,0
PF203,20220218,20220218,134321500,13:43:21,7326,89,2003,3244940,0,0,0
PF203,20220218,20220218,134322000,13:43:22,7326,89,2003,3244940,0,0,0
PF203,20220218,20220218,134323000,13:43:23,7326,89,2003,3244940,0,0,0
PF203,20220218,20220218,134323500,13:43:23,7326,89,2003,3244940,0,0,0
PF203,20220218,20220218,134324000,13:43:24,7326,89,2003,3244940,0,0,0
PF203,20220218,20220218,134324500,13:43:25,7326,89,2003,3244940,0,0,0
PF203,20220218,20220218,134327000,13:43:27,7326,89,2003,3244940,0,0,0
PF203,20220218,20220218,134329000,13:43:29,7326,89,2003,3244940,0,0,0
PF203,20220218,20220218,134330000,13:43:30,7326,89,2003,3244940,0,0,0
PF203,20220218,20220218,134332500,13:43:32,7326,89,2003,3244940,0,0,0
PF203,20220218,20220218,134333000,13:43:33,7326,89,2003,3244940,0,0,0
PF203,20220218,20220218,134336000,13:43:36,7326,89,2003,3244940,0,0,0
PF203,20220218,20220218,134339000,13:43:39,7326,89,2003,3244940,0,0,0
PF203,20220218,20220218,134352500,13:44:00,7326,89,2003,3244940,0,0,0
PF203,20220218,20220218,134357000,13:44:04,7326,89,2003,3244940,0,0,0
PF203,20220218,20220218,134402500,13:44:04,7326,89,2003,3244940,0,0,0
PF203,20220218,20220218,134404000,13:44:04,7326,89,2003,3244940,0,0,0
PF203,20220218,20220218,134405000,13:44:05,7326,89,2003,3244940,0,0,0
PF203,20220218,20220218,134406500,13:44:06,7326,89,2003,3244940,0,0,0
PF203,20220218,20220218,134408000,13:44:08,7326,89,2003,3244940,0,0,0
PF203,20220218,20220218,134408500,13:44:09,7326,89,2003,3244940,0,0,0
PF203,20220218,20220218,134409000,13:44:09,7326,89,2003,3244940,0,0,0
PF203,20220218,20220218,134409500,13:44:17,7326,89,2003,3244940,0,0,0
PF203,20220218,20220218,134410500,13:44:17,7326,89,2003,3244940,0,0,0
PF203,20220218,20220218,134411000,13:44:17,7326,89,2003,3244940,0,0,0
PF203,20220218,20220218,134417000,13:44:17,7326,89,2003,3244940,0,0,0
PF203,20220218,20220218,134417500,13:44:18,7326,89,2003,3244940,0,0,0
PF203,20220218,20220218,134418500,13:44:18,7326,89,2003,3244940,0,0,0
PF203,20220218,20220218,134419500,13:44:23,7326,89,2003,3244940,0,0,0
PF203,20220218,20220218,134421000,13:44:23,7326,89,2003,3244940,0,0,0
PF203,20220218,20220218,134422000,13:44:23,7326,89,2003,3244940,0,0,0
PF203,20220218,20220218,134423500,13:44:24,7326,89,2003,3244940,0,0,0
PF203,20220218,20220218,134424000,13:44:24,7326,89,2003,3244940,0,0,0
PF203,20220218,20220218,134424500,13:44:24,7326,89,2003,3244940,0,0,0
PF203,20220218,20220218,134425000,13:44:25,7326,89,2003,3244940,0,0,0
PF203,20220218,20220218,134425500,13:44:25,7326,89,2003,3244940,0,0,0
PF203,20220218,20220218,134426000,13:44:26,7326,89,2003,3244940,0,0,0
PF203,20220218,20220218,134427000,13:44:27,7326,89,2003,3244940,0,0,0
PF203,20220218,20220218,134428500,13:44:29,7326,89,2003,3244940,0,0,0
PF203,20220218,20220218,134429500,13:44:31,7326,89,2003,3244940,0,0,0
PF203,20220218,20220218,134430500,13:44:37,7326,89,2003,3244940,0,0,0
PF203,20220218,20220218,134431000,13:44:37,7326,89,2003,3244940,0,0,0
PF203,20220218,20220218,134437500,13:44:37,7326,89,2003,3244940,0,0,0
PF203,20220218,20220218,134440000,13:44:40,7326,89,2003,3244940,0,0,0
PF203,20220218,20220218,134440500,13:44:40,7326,89,2003,3244940,0,0,0
PF203,20220218,20220218,134441500,13:44:41,7326,89,2003,3244940,0,0,0
PF203,20220218,20220218,134442000,13:44:42,7326,89,2003,3244940,0,0,0
PF203,20220218,20220218,134442500,13:44:43,7326,89,2003,3244940,0,0,0
PF203,20220218,20220218,134443000,13:44:43,7326,89,2003,3244940,0,0,0
PF203,20220218,20220218,134444500,13:44:44,7326,89,2003,3244940,0,0,0
PF203,20220218,20220218,134445500,13:44:45,7326,89,2003,3244940,0,0,0
PF203,20220218,20220218,134447500,13:44:47,7326,89,2003,3244940,0,0,0
PF203,20220218,20220218,134448000,13:44:48,7326,89,2003,3244940,0,0,0
PF203,20220218,20220218,134448500,13:44:48,7326,89,2003,3244940,0,0,0
PF203,20220218,20220218,134449000,13:44:49,7326,89,2003,3244940,0,0,0
PF203,20220218,20220218,134449500,13:44:50,7326,89,2003,3244940,0,0,0
PF203,20220218,20220218,134450500,13:44:50,7326,89,2003,3244940,0,0,0
PF203,20220218,20220218,134451000,13:44:51,7326,89,2003,3244940,0,0,0
PF203,20220218,20220218,134451500,13:44:51,7326,89,2003,3244940,0,0,0
PF203,20220218,20220218,134452500,13:44:53,7326,89,2003,3244940,0,0,0
PF203,20220218,20220218,134453000,13:44:53,7326,89,2003,3244940,0,0,0
PF203,20220218,20220218,134455500,13:44:55,7326,89,2003,3244940,0,0,0
PF203,20220218,20220218,134457000,13:44:57,7326,89,2003,3244940,0,0,0
PF203,20220218,20220218,134459500,13:44:59,7326,89,2003,3244940,0,0,0
PF203,20220218,20220218,134500000,13:45:00,7326,89,2003,3244940,0,0,0
PF203,20220218,20220218,134500500,13:45:01,7326,89,2003,3244940,0,0,0
PF203,20220218,20220218,134501000,13:45:01,7326,89,2003,3244940,0,0,0
PF203,20220218,20220218,134501500,13:45:01,7326,89,2003,3244940,0,0,0
PF203,20220218,20220218,134502000,13:45:02,7326,89,2003,3244940,0,0,0
PF203,20220218,20220218,134502500,13:45:03,7326,89,2003,3244940,0,0,0
PF203,20220218,20220218,134503000,13:45:03,7326,89,2003,3244940,0,0,0
PF203,20220218,20220218,134503500,13:45:04,7326,89,2003,3244940,0,0,0
PF203,20220218,20220218,134504000,13:45:08,7326,89,2003,3244940,0,0,0
PF203,20220218,20220218,134505000,13:45:09,7326,89,2003,3244940,0,0,0
PF203,20220218,20220218,134508000,13:45:09,7326,89,2003,3244940,0,0,0
PF203,20220218,20220218,134508500,13:45:09,7326,89,2003,3244940,0,0,0
PF203,20220218,20220218,134509000,13:45:10,7326,89,2003,3244940,0,0,0
PF203,20220218,20220218,134509500,13:45:10,7326,89,2003,3244940,0,0,0
PF203,20220218,20220218,134510000,13:45:10,7326,89,2003,3244940,0,0,0
PF203,20220218,20220218,134510500,13:45:10,7326,89,2003,3244940,0,0,0
PF203,20220218,20220218,134511000,13:45:11,7326,89,2003,3244940,0,0,0
PF203,20220218,20220218,134511500,13:45:11,7326,89,2003,3244940,0,0,0
PF203,20220218,20220218,134512000,13:45:12,7326,89,2003,3244940,0,0,0
PF203,20220218,20220218,134514000,13:45:15,7326,89,2003,3244940,0,0,0
PF203,20220218,20220218,134514500,13:45:16,7326,89,2003,3244940,0,0,0
PF203,20220218,20220218,134515000,13:45:16,7326,89,2003,3244940,0,0,0
PF203,20220218,20220218,134515500,13:45:17,7326,89,2003,3244940,0,0,0
PF203,20220218,20220218,134516000,13:45:17,7326,89,2003,3244940,0,0,0
PF203,20220218,20220218,134516500,13:45:17,7326,89,2003,3244940,0,0,0
PF203,20220218,20220218,134517000,13:45:19,7326,89,2003,3244940,0,0,0
PF203,20220218,20220218,134517500,13:45:20,7326,89,2003,3244940,0,0,0
PF203,20220218,20220218,134518000,13:45:20,7326,89,2003,3244940,0,0,0
PF203,20220218,20220218,134520500,13:45:22,7326,89,2003,3244940,0,0,0
PF203,20220218,20220218,134521000,13:45:23,7326,89,2003,3244940,0,0,0
PF203,20220218,20220218,134521500,13:45:23,7326,89,2003,3244940,0,0,0
PF203,20220218,20220218,134523000,13:45:24,7326,89,2003,3244940,0,0,0
PF203,20220218,20220218,134523500,13:45:24,7326,89,2003,3244940,0,0,0
PF203,20220218,20220218,134524500,13:45:25,7326,89,2003,3244940,0,0,0
PF203,20220218,20220218,134525000,13:45:26,7326,89,2003,3244940,0,0,0
PF203,20220218,20220218,134525500,13:45:27,7326,89,2003,3244940,0,0,0
PF203,20220218,20220218,134526000,13:45:27,7326,89,2003,3244940,0,0,0
PF203,20220218,20220218,134526500,13:45:28,7326,89,2003,3244940,0,0,0
PF203,20220218,20220218,134527000,13:45:30,7326,89,2003,3244940,0,0,0
PF203,20220218,20220218,134527500,13:45:30,7326,89,2003,3244940,0,0,0
PF203,20220218,20220218,134528000,13:45:30,7326,89,2003,3244940,0,0,0
PF203,20220218,20220218,134529500,13:45:30,7326,89,2003,3244940,0,0,0
PF203,20220218,20220218,134530500,13:45:30,7326,89,2003,3244940,0,0,0
PF203,20220218,20220218,134531000,13:45:31,7326,89,2003,3244940,0,0,0
PF203,20220218,20220218,134531500,13:45:31,7326,89,2003,3244940,0,0,0
PF203,20220218,20220218,134532000,13:45:32,7326,89,2003,3244940,0,0,0
PF203,20220218,20220218,134532500,13:45:33,7326,89,2003,3244940,0,0,0
PF203,20220218,20220218,134533000,13:45:33,7326,89,2003,3244940,0,0,0
PF203,20220218,20220218,134533500,13:45:34,7326,89,2003,3244940,0,0,0
PF203,20220218,20220218,134534000,13:45:35,7326,89,2003,3244940,0,0,0
PF203,20220218,20220218,134535000,13:45:35,7326,89,2003,3244940,0,0,0
PF203,20220218,20220218,134535500,13:45:35,7326,89,2003,3244940,0,0,0
PF203,20220218,20220218,134536000,13:45:36,7326,89,2003,3244940,0,0,0
PF203,20220218,20220218,134536500,13:45:37,7326,89,2003,3244940,0,0,0
PF203,20220218,20220218,134538000,13:45:38,7326,89,2003,3244940,0,0,0
PF203,20220218,20220218,134539000,13:45:40,7326,89,2003,3244940,0,0,0
PF203,20220218,20220218,134540500,13:45:40,7326,89,2003,3244940,0,0,0
PF203,20220218,20220218,134541000,13:45:41,7326,89,2003,3244940,0,0,0
PF203,20220218,20220218,134542500,13:45:46,7326,89,2003,3244940,0,0,0
PF203,20220218,20220218,134544500,13:45:46,7326,89,2003,3244940,0,0,0
PF203,20220218,20220218,134546500,13:45:47,7326,89,2003,3244940,0,0,0
PF203,20220218,20220218,134548000,13:45:48,7326,89,2003,3244940,0,0,0
PF203,20220218,20220218,134548500,13:45:48,7326,89,2003,3244940,0,0,0
PF203,20220218,20220218,134549000,13:45:49,7326,89,2003,3244940,0,0,0
PF203,20220218,20220218,134550500,13:45:54,7326,89,2003,3244940,0,0,0
PF203,20220218,20220218,134551000,13:45:54,7326,89,2003,3244940,0,0,0
PF203,20220218,20220218,134554000,13:45:54,7326,89,2003,3244940,0,0,0
PF203,20220218,20220218,134601500,13:46:02,7326,89,2003,3244940,0,0,0
PF203,20220218,20220218,134602000,13:46:02,7326,89,2003,3244940,0,0,0
PF203,20220218,20220218,134602500,13:46:04,7326,89,2003,3244940,0,0,0
PF203,20220218,20220218,134603000,13:46:04,7326,89,2003,3244940,0,0,0
PF203,20220218,20220218,134603500,13:46:04,7326,89,2003,3244940,0,0,0
PF203,20220218,20220218,134604000,13:46:04,7326,89,2003,3244940,0,0,0
PF203,20220218,20220218,134619000,13:46:19,7326,89,2003,3244940,0,0,0
PF203,20220218,20220218,134629500,13:46:31,7326,89,2003,3244940,0,0,0
PF203,20220218,20220218,134631500,13:46:32,7326,89,2003,3244940,0,0,0
PF203,20220218,20220218,134635000,13:46:35,7326,89,2003,3244940,0,0,0
PF203,20220218,20220218,134636500,13:46:37,7326,89,2003,3244940,0,0,0
PF203,20220218,20220218,134639500,13:46:40,7326,89,2003,3244940,0,0,0
PF203,20220218,20220218,134640000,13:46:40,7326,89,2003,3244940,0,0,0
PF203,20220218,20220218,134641000,13:46:42,7326,89,2003,3244940,0,0,0
PF203,20220218,20220218,134641500,13:46:43,7326,89,2003,3244940,0,0,0
PF203,20220218,20220218,134642500,13:46:43,7326,89,2003,3244940,0,0,0
PF203,20220218,20220218,134643000,13:46:43,7326,89,2003,3244940,0,0,0
PF203,20220218,20220218,134643500,13:46:44,7326,89,2003,3244940,0,0,0
PF203,20220218,20220218,134644000,13:46:46,7326,89,2003,3244940,0,0,0
PF203,20220218,20220218,134644500,13:46:47,7326,89,2003,3244940,0,0,0
PF203,20220218,20220218,134645500,13:46:47,7326,89,2003,3244940,0,0,0
PF203,20220218,20220218,134650000,13:46:50,7326,89,2003,3244940,0,0,0
PF203,20220218,20220218,134650500,13:46:51,7326,89,2003,3244940,0,0,0
PF203,20220218,20220218,134654500,13:46:55,7326,89,2003,3244940,0,0,0
PF203,20220218,20220218,134657500,13:46:57,7326,89,2003,3244940,0,0,0
PF203,20220218,20220218,134658500,13:46:59,7326,89,2003,3244940,0,0,0
PF203,20220218,20220218,134659500,13:46:59,7326,89,2003,3244940,0,0,0
PF203,20220218,20220218,134700500,13:47:00,7326,89,2003,3244940,0,0,0
PF203,20220218,20220218,134703000,13:47:03,7326,89,2003,3244940,0,0,0
PF203,20220218,20220218,134704000,13:47:04,7326,89,2003,3244940,0,0,0
PF203,20220218,20220218,134706000,13:47:07,7326,89,2003,3244940,0,0,0
PF203,20220218,20220218,134707500,13:47:10,7326,89,2003,3244940,0,0,0
PF203,20220218,20220218,134710500,13:47:12,7326,89,2003,3244940,0,0,0
PF203,20220218,20220218,134711000,13:47:13,7326,89,2003,3244940,0,0,0
PF203,20220218,20220218,134716500,13:47:16,7326,89,2003,3244940,0,0,0
PF203,20220218,20220218,134717000,13:47:17,7326,89,2003,3244940,0,0,0
PF203,20220218,20220218,134717500,13:47:18,7326,89,2003,3244940,0,0,0
PF203,20220218,20220218,134718000,13:47:19,7326,89,2003,3244940,0,0,0
PF203,20220218,20220218,134718500,13:47:19,7326,89,2003,3244940,0,0,0
PF203,20220218,20220218,134719000,13:47:19,7326,89,2003,3244940,0,0,0
PF203,20220218,20220218,134720000,13:47:20,7326,89,2003,3244940,0,0,0
PF203,20220218,20220218,134721000,13:47:21,7326,89,2003,3244940,0,0,0
PF203,20220218,20220218,134724000,13:47:27,7326,89,2003,3244940,0,0,0
PF203,20220218,20220218,134726000,13:47:27,7326,89,2003,3244940,0,0,0
PF203,20220218,20220218,134728000,13:47:28,7326,89,2003,3244940,0,0,0
PF203,20220218,20220218,134728500,13:47:28,7326,89,2003,3244940,0,0,0
PF203,20220218,20220218,134729000,13:47:29,7326,89,2003,3244940,0,0,0
PF203,20220218,20220218,134729500,13:47:29,7326,89,2003,3244940,0,0,0
PF203,20220218,20220218,134730000,13:47:30,7326,89,2003,3244940,0,0,0
PF203,20220218,20220218,134731500,13:47:31,7326,89,2003,3244940,0,0,0
PF203,20220218,20220218,134732500,13:47:33,7326,89,2003,3244940,0,0,0
PF203,20220218,20220218,134734500,13:47:36,7326,89,2003,3244940,0,0,0
PF203,20220218,20220218,134736500,13:47:36,7326,89,2003,3244940,0,0,0
PF203,20220218,20220218,134738000,13:47:38,7326,89,2003,3244940,0,0,0
PF203,20220218,20220218,134739500,13:47:40,7326,89,2003,3244940,0,0,0
PF203,20220218,20220218,134740500,13:47:40,7326,89,2003,3244940,0,0,0
PF203,20220218,20220218,134741000,13:47:41,7326,89,2003,3244940,0,0,0
PF203,20220218,20220218,134744500,13:47:45,7326,89,2003,3244940,0,0,0
PF203,20220218,20220218,134748000,13:47:48,7326,89,2003,3244940,0,0,0
PF203,20220218,20220218,134749000,13:47:50,7326,89,2003,3244940,0,0,0
PF203,20220218,20220218,134749500,13:47:50,7326,89,2003,3244940,0,0,0
PF203,20220218,20220218,134752000,13:47:52,7326,89,2003,3244940,0,0,0
PF203,20220218,20220218,134755000,13:47:55,7326,89,2003,3244940,0,0,0
PF203,20220218,20220218,134756000,13:47:56,7326,89,2003,3244940,0,0,0
PF203,20220218,20220218,134807000,13:48:07,7326,89,2003,3244940,0,0,0
PF203,20220218,20220218,134808000,13:48:08,7326,89,2003,3244940,0,0,0
PF203,20220218,20220218,134811500,13:48:11,7326,89,2003,3244940,0,0,0
PF203,20220218,20220218,134816500,13:48:16,7326,89,2003,3244940,0,0,0
PF203,20220218,20220218,134817000,13:48:17,7326,89,2003,3244940,0,0,0
PF203,20220218,20220218,134817500,13:48:18,7326,89,2003,3244940,0,0,0
PF203,20220218,20220218,134818000,13:48:19,7326,89,2003,3244940,0,0,0
PF203,20220218,20220218,134818500,13:48:20,7326,89,2003,3244940,0,0,0
PF203,20220218,20220218,134824000,13:48:24,7326,89,2003,3244940,0,0,0
PF203,20220218,20220218,134824500,13:48:24,7326,89,2003,3244940,0,0,0
PF203,20220218,20220218,134825000,13:48:25,7326,89,2003,3244940,0,0,0
PF203,20220218,20220218,134825500,13:48:27,7326,89,2003,3244940,0,0,0
PF203,20220218,20220218,134833000,13:48:33,7326,89,2003,3244940,0,0,0
PF203,20220218,20220218,134833500,13:48:34,7326,89,2003,3244940,0,0,0
PF203,20220218,20220218,134834500,13:48:36,7326,89,2003,3244940,0,0,0
PF203,20220218,20220218,134836000,13:48:37,7326,89,2003,3244940,0,0,0
PF203,20220218,20220218,134836500,13:48:37,7326,89,2003,3244940,0,0,0
PF203,20220218,20220218,134837000,13:48:37,7326,89,2003,3244940,0,0,0
PF203,20220218,20220218,134840500,13:48:40,7326,89,2003,3244940,0,0,0
PF203,20220218,20220218,134854500,13:48:56,7326,89,2003,3244940,0,0,0
PF203,20220218,20220218,134858500,13:48:59,7326,89,2003,3244940,0,0,0
PF203,20220218,20220218,134859000,13:48:59,7326,89,2003,3244940,0,0,0
PF203,20220218,20220218,134859500,13:49:00,7326,89,2003,3244940,0,0,0
PF203,20220218,20220218,134900000,13:49:00,7326,89,2003,3244940,0,0,0
PF203,20220218,20220218,134902500,13:49:03,7326,89,2003,3244940,0,0,0
PF203,20220218,20220218,134903000,13:49:03,7326,89,2003,3244940,0,0,0
PF203,20220218,20220218,134904000,13:49:04,7326,89,2003,3244940,0,0,0
PF203,20220218,20220218,134904500,13:49:04,7326,89,2003,3244940,0,0,0
PF203,20220218,20220218,134905500,13:49:05,7326,89,2003,3244940,0,0,0
PF203,20220218,20220218,134907000,13:49:07,7326,89,2003,3244940,0,0,0
PF203,20220218,20220218,134914500,13:49:14,7326,89,2003,3244940,0,0,0
PF203,20220218,20220218,134915000,13:49:15,7326,89,2003,3244940,0,0,0
PF203,20220218,20220218,134915500,13:49:15,7326,89,2003,3244940,0,0,0
PF203,20220218,20220218,134922500,13:49:23,7326,89,2003,3244940,0,0,0
PF203,20220218,20220218,134925500,13:49:25,7326,89,2003,3244940,0,0,0
PF203,20220218,20220218,134929000,13:49:29,7326,89,2003,3244940,0,0,0
PF203,20220218,20220218,134930500,13:49:31,7326,89,2003,3244940,0,0,0
PF203,20220218,20220218,134931000,13:49:31,7326,89,2003,3244940,0,0,0
PF203,20220218,20220218,134934500,13:49:34,7326,89,2003,3244940,0,0,0
PF203,20220218,20220218,134936500,13:49:36,7326,89,2003,3244940,0,0,0
PF203,20220218,20220218,134938500,13:49:38,7326,89,2003,3244940,0,0,0
PF203,20220218,20220218,134944500,13:49:44,7326,89,2003,3244940,0,0,0
PF203,20220218,20220218,134946500,13:49:46,7326,89,2003,3244940,0,0,0
PF203,20220218,20220218,134949000,13:49:49,7326,89,2003,3244940,0,0,0
PF203,20220218,20220218,134950500,13:49:50,7326,89,2003,3244940,0,0,0
PF203,20220218,20220218,134951000,13:49:51,7326,89,2003,3244940,0,0,0
PF203,20220218,20220218,134958000,13:49:58,7326,89,2003,3244940,0,0,0
PF203,20220218,20220218,135002500,13:50:02,7326,89,2003,3244940,0,0,0
PF203,20220218,20220218,135003000,13:50:03,7326,89,2003,3244940,0,0,0
PF203,20220218,20220218,135003500,13:50:03,7326,89,2003,3244940,0,0,0
PF203,20220218,20220218,135004000,13:50:04,7326,89,2003,3244940,0,0,0
PF203,20220218,20220218,135004500,13:50:04,7326,89,2003,3244940,0,0,0
PF203,20220218,20220218,135005000,13:50:05,7326,89,2003,3244940,0,0,0
PF203,20220218,20220218,135005500,13:50:06,7326,89,2003,3244940,0,0,0
PF203,20220218,20220218,135006000,13:50:06,7326,89,2003,3244940,0,0,0
PF203,20220218,20220218,135007000,13:50:07,7326,89,2003,3244940,0,0,0
PF203,20220218,20220218,135007500,13:50:09,7326,89,2003,3244940,0,0,0
PF203,20220218,20220218,135008000,13:50:09,7326,89,2003,3244940,0,0,0
PF203,20220218,20220218,135009500,13:50:26,7326,89,2003,3244940,0,0,0
PF203,20220218,20220218,135025500,13:50:26,7326,89,2003,3244940,0,0,0
PF203,20220218,20220218,135026500,13:50:29,7326,89,2003,3244940,0,0,0
PF203,20220218,20220218,135027000,13:50:33,7326,89,2003,3244940,0,0,0
PF203,20220218,20220218,135029500,13:50:35,7326,89,2003,3244940,0,0,0
PF203,20220218,20220218,135030000,13:50:37,7326,89,2003,3244940,0,0,0
PF203,20220218,20220218,135032000,13:50:37,7326,89,2003,3244940,0,0,0
PF203,20220218,20220218,135037000,13:50:38,7326,89,2003,3244940,0,0,0
PF203,20220218,20220218,135041000,13:50:41,7326,89,2003,3244940,0,0,0
PF203,20220218,20220218,135042500,13:50:43,7326,89,2003,3244940,0,0,0
PF203,20220218,20220218,135045500,13:50:46,7326,89,2003,3244940,0,0,0
PF203,20220218,20220218,135046000,13:50:47,7326,89,2003,3244940,0,0,0
PF203,20220218,20220218,135046500,13:50:47,7326,89,2003,3244940,0,0,0
PF203,20220218,20220218,135047000,13:50:47,7326,89,2003,3244940,0,0,0
PF203,20220218,20220218,135047500,13:50:48,7326,89,2003,3244940,0,0,0
PF203,20220218,20220218,135050000,13:50:50,7326,89,2003,3244940,0,0,0
PF203,20220218,20220218,135051000,13:50:51,7326,89,2003,3244940,0,0,0
PF203,20220218,20220218,135054500,13:50:54,7326,89,2003,3244940,0,0,0
PF203,20220218,20220218,135124000,13:51:24,7326,89,2003,3244940,0,0,0
PF203,20220218,20220218,135124500,13:51:24,7326,89,2003,3244940,0,0,0
PF203,20220218,20220218,135125000,13:51:25,7326,89,2003,3244940,0,0,0
PF203,20220218,20220218,135125500,13:51:26,7326,89,2003,3244940,0,0,0
PF203,20220218,20220218,135126000,13:51:27,7326,89,2003,3244940,0,0,0
PF203,20220218,20220218,135126500,13:51:27,7326,89,2003,3244940,0,0,0
PF203,20220218,20220218,135127500,13:51:27,7326,89,2003,3244940,0,0,0
PF203,20220218,20220218,135128000,13:51:28,7326,89,2003,3244940,0,0,0
PF203,20220218,20220218,135130500,13:51:31,7326,89,2003,3244940,0,0,0
PF203,20220218,20220218,135132000,13:51:32,7326,89,2003,3244940,0,0,0
PF203,20220218,20220218,135132500,13:51:32,7326,89,2003,3244940,0,0,0
PF203,20220218,20220218,135146000,13:51:46,7326,89,2003,3244940,0,0,0
PF203,20220218,20220218,135147500,13:51:48,7326,89,2003,3244940,0,0,0
PF203,20220218,20220218,135148500,13:51:49,7326,89,2003,3244940,0,0,0
PF203,20220218,20220218,135154000,13:51:54,7326,89,2003,3244940,0,0,0
PF203,20220218,20220218,135159500,13:51:59,7326,89,2003,3244940,0,0,0
PF203,20220218,20220218,135201500,13:52:01,7326,89,2003,3244940,0,0,0
PF203,20220218,20220218,135202000,13:52:03,7326,89,2003,3244940,0,0,0
PF203,20220218,20220218,135202500,13:52:03,7326,89,2003,3244940,0,0,0
PF203,20220218,20220218,135203500,13:52:04,7326,89,2003,3244940,0,0,0
PF203,20220218,20220218,135209000,13:52:10,7326,89,2003,3244940,0,0,0
PF203,20220218,20220218,135210000,13:52:11,7326,89,2003,3244940,0,0,0
PF203,20220218,20220218,135210500,13:52:11,7326,89,2003,3244940,0,0,0
PF203,20220218,20220218,135211500,13:52:12,7326,89,2003,3244940,0,0,0
PF203,20220218,20220218,135220500,13:52:24,7326,89,2003,3244940,0,0,0
PF203,20220218,20220218,135221000,13:52:24,7326,89,2003,3244940,0,0,0
PF203,20220218,20220218,135223500,13:52:24,7326,89,2003,3244940,0,0,0
PF203,20220218,20220218,135224000,13:52:24,7326,89,2003,3244940,0,0,0
PF203,20220218,20220218,135229000,13:52:29,7326,89,2003,3244940,0,0,0
PF203,20220218,20220218,135230000,13:52:31,7326,89,2003,3244940,0,0,0
PF203,20220218,20220218,135233500,13:52:33,7326,89,2003,3244940,0,0,0
PF203,20220218,20220218,135234000,13:52:34,7326,89,2003,3244940,0,0,0
PF203,20220218,20220218,135234500,13:52:35,7326,89,2003,3244940,0,0,0
PF203,20220218,20220218,135244500,13:52:46,7326,89,2003,3244940,0,0,0
PF203,20220218,20220218,135245000,13:52:47,7326,89,2003,3244940,0,0,0
PF203,20220218,20220218,135246000,13:52:48,7326,89,2003,3244940,0,0,0
PF203,20220218,20220218,135249000,13:52:49,7326,89,2003,3244940,0,0,0
PF203,20220218,20220218,135250500,13:52:51,7326,89,2003,3244940,0,0,0
PF203,20220218,20220218,135255500,13:52:55,7326,89,2003,3244940,0,0,0
PF203,20220218,20220218,135301500,13:53:01,7326,89,2003,3244940,0,0,0
PF203,20220218,20220218,135302000,13:53:02,7326,89,2003,3244940,0,0,0
PF203,20220218,20220218,135303000,13:53:03,7326,89,2003,3244940,0,0,0
PF203,20220218,20220218,135312000,13:53:12,7326,89,2003,3244940,0,0,0
PF203,20220218,20220218,135313500,13:53:13,7326,89,2003,3244940,0,0,0
PF203,20220218,20220218,135314500,13:53:15,7326,89,2003,3244940,0,0,0
PF203,20220218,20220218,135315500,13:53:15,7326,89,2003,3244940,0,0,0
PF203,20220218,20220218,135316500,13:53:17,7326,89,2003,3244940,0,0,0
PF203,20220218,20220218,135319000,13:53:20,7326,89,2003,3244940,0,0,0
PF203,20220218,20220218,135325500,13:53:26,7326,89,2003,3244940,0,0,0
PF203,20220218,20220218,135326500,13:53:26,7326,89,2003,3244940,0,0,0
PF203,20220218,20220218,135330000,13:53:30,7326,89,2003,3244940,0,0,0
PF203,20220218,20220218,135330500,13:53:31,7326,89,2003,3244940,0,0,0
PF203,20220218,20220218,135336500,13:53:44,7326,89,2003,3244940,0,0,0
PF203,20220218,20220218,135337000,13:53:45,7326,89,2003,3244940,0,0,0
PF203,20220218,20220218,135344000,13:53:45,7326,89,2003,3244940,0,0,0
PF203,20220218,20220218,135349500,13:53:50,7326,89,2003,3244940,0,0,0
PF203,20220218,20220218,135350000,13:53:50,7326,89,2003,3244940,0,0,0
PF203,20220218,20220218,135350500,13:53:50,7326,89,2003,3244940,0,0,0
PF203,20220218,20220218,135351500,13:53:53,7326,89,2003,3244940,0,0,0
PF203,20220218,20220218,135353000,13:53:53,7326,89,2003,3244940,0,0,0
PF203,20220218,20220218,135359000,13:54:00,7326,89,2003,3244940,0,0,0
PF203,20220218,20220218,135359500,13:54:04,7326,89,2003,3244940,0,0,0
PF203,20220218,20220218,135400500,13:54:08,7326,89,2003,3244940,0,0,0
PF203,20220218,20220218,135407500,13:54:09,7326,89,2003,3244940,0,0,0
PF203,20220218,20220218,135409000,13:54:09,7326,89,2003,3244940,0,0,0
PF203,20220218,20220218,135410000,13:54:10,7326,89,2003,3244940,0,0,0
PF203,20220218,20220218,135412500,13:54:13,7326,89,2003,3244940,0,0,0
PF203,20220218,20220218,135413000,13:54:13,7326,89,2003,3244940,0,0,0
PF203,20220218,20220218,135413500,13:54:14,7326,89,2003,3244940,0,0,0
PF203,20220218,20220218,135414000,13:54:14,7326,89,2003,3244940,0,0,0
PF203,20220218,20220218,135415000,13:54:15,7326,89,2003,3244940,0,0,0
PF203,20220218,20220218,135415500,13:54:15,7326,89,2003,3244940,0,0,0
PF203,20220218,20220218,135416500,13:54:16,7326,89,2003,3244940,0,0,0
PF203,20220218,20220218,135418000,13:54:18,7326,89,2003,3244940,0,0,0
PF203,20220218,20220218,135420500,13:54:21,7326,89,2003,3244940,0,0,0
PF203,20220218,20220218,135421000,13:54:21,7326,89,2003,3244940,0,0,0
PF203,20220218,20220218,135423000,13:54:23,7326,89,2003,3244940,0,0,0
PF203,20220218,20220218,135423500,13:54:23,7326,89,2003,3244940,0,0,0
PF203,20220218,20220218,135424500,13:54:24,7326,89,2003,3244940,0,0,0
PF203,20220218,20220218,135425500,13:54:26,7326,89,2003,3244940,0,0,0
PF203,20220218,20220218,135426000,13:54:26,7326,89,2003,3244940,0,0,0
PF203,20220218,20220218,135426500,13:54:27,7326,89,2003,3244940,0,0,0
PF203,20220218,20220218,135428000,13:54:30,7326,89,2003,3244940,0,0,0
PF203,20220218,20220218,135430000,13:54:31,7326,89,2003,3244940,0,0,0
PF203,20220218,20220218,135430500,13:54:31,7326,89,2003,3244940,0,0,0
PF203,20220218,20220218,135431000,13:54:32,7326,89,2003,3244940,0,0,0
PF203,20220218,20220218,135433000,13:54:33,7326,89,2003,3244940,0,0,0
PF203,20220218,20220218,135434000,13:54:34,7326,89,2003,3244940,0,0,0
PF203,20220218,20220218,135439500,13:54:40,7326,89,2003,3244940,0,0,0
PF203,20220218,20220218,135440500,13:54:40,7326,89,2003,3244940,0,0,0
PF203,20220218,20220218,135443500,13:54:44,7326,89,2003,3244940,0,0,0
PF203,20220218,20220218,135446000,13:54:46,7326,89,2003,3244940,0,0,0
PF203,20220218,20220218,135446500,13:54:47,7326,89,2003,3244940,0,0,0
PF203,20220218,20220218,135449500,13:54:50,7326,89,2003,3244940,0,0,0
PF203,20220218,20220218,135450000,13:54:50,7326,89,2003,3244940,0,0,0
PF203,20220218,20220218,135450500,13:54:50,7326,89,2003,3244940,0,0,0
PF203,20220218,20220218,135453000,13:54:53,7326,89,2003,3244940,0,0,0
PF203,20220218,20220218,135455500,13:54:55,7326,89,2003,3244940,0,0,0
PF203,20220218,20220218,135456000,13:54:56,7326,89,2003,3244940,0,0,0
PF203,20220218,20220218,135501000,13:55:01,7326,89,2003,3244940,0,0,0
PF203,20220218,20220218,135501500,13:55:02,7326,89,2003,3244940,0,0,0
PF203,20220218,20220218,135502000,13:55:03,7326,89,2003,3244940,0,0,0
PF203,20220218,20220218,135502500,13:55:03,7326,89,2003,3244940,0,0,0
PF203,20220218,20220218,135503000,13:55:03,7326,89,2003,3244940,0,0,0
PF203,20220218,20220218,135503500,13:55:03,7326,89,2003,3244940,0,0,0
PF203,20220218,20220218,135504000,13:55:04,7326,89,2003,3244940,0,0,0
PF203,20220218,20220218,135506000,13:55:06,7326,89,2003,3244940,0,0,0
PF203,20220218,20220218,135506500,13:55:06,7326,89,2003,3244940,0,0,0
PF203,20220218,20220218,135507000,13:55:08,7326,89,2003,3244940,0,0,0
PF203,20220218,20220218,135507500,13:55:11,7326,89,2003,3244940,0,0,0
PF203,20220218,20220218,135508000,13:55:12,7326,89,2003,3244940,0,0,0
PF203,20220218,20220218,135510500,13:55:12,7326,89,2003,3244940,0,0,0
PF203,20220218,20220218,135520500,13:55:25,7326,89,2003,3244940,0,0,0
PF203,20220218,20220218,135521000,13:55:25,7326,89,2003,3244940,0,0,0
PF203,20220218,20220218,135524000,13:55:25,7326,89,2003,3244940,0,0,0
PF203,20220218,20220218,135528000,13:55:28,7326,89,2003,3244940,0,0,0
PF203,20220218,20220218,135529000,13:55:29,7326,89,2003,3244940,0,0,0
PF203,20220218,20220218,135529500,13:55:30,7326,89,2003,3244940,0,0,0
PF203,20220218,20220218,135530500,13:55:31,7326,89,2003,3244940,0,0,0
PF203,20220218,20220218,135533000,13:55:33,7326,89,2003,3244940,0,0,0
PF203,20220218,20220218,135533500,13:55:33,7326,89,2003,3244940,0,0,0
PF203,20220218,20220218,135534000,13:55:34,7326,89,2003,3244940,0,0,0
PF203,20220218,20220218,135535500,13:55:36,7326,89,2003,3244940,0,0,0
PF203,20220218,20220218,135536500,13:55:37,7326,89,2003,3244940,0,0,0
PF203,20220218,20220218,135538000,13:55:38,7326,89,2003,3244940,0,0,0
PF203,20220218,20220218,135538500,13:55:39,7326,89,2003,3244940,0,0,0
PF203,20220218,20220218,135542500,13:55:42,7326,89,2003,3244940,0,0,0
PF203,20220218,20220218,135543500,13:55:45,7326,89,2003,3244940,0,0,0
PF203,20220218,20220218,135544000,13:55:45,7326,89,2003,3244940,0,0,0
PF203,20220218,20220218,135549500,13:55:50,7326,89,2003,3244940,0,0,0
PF203,20220218,20220218,135604000,13:56:23,7326,89,2003,3244940,0,0,0
PF203,20220218,20220218,135618000,13:56:23,7326,89,2003,3244940,0,0,0
PF203,20220218,20220218,135622000,13:56:23,7326,89,2003,3244940,0,0,0
PF203,20220218,20220218,135626000,13:56:33,7326,89,2003,3244940,0,0,0
PF203,20220218,20220218,135626500,13:56:34,7326,89,2003,3244940,0,0,0
PF203,20220218,20220218,135630000,13:56:35,7326,89,2003,3244940,0,0,0
PF203,20220218,20220218,135634000,13:56:35,7326,89,2003,3244940,0,0,0
PF203,20220218,20220218,135634500,13:56:35,7326,89,2003,3244940,0,0,0
PF203,20220218,20220218,135635000,13:56:35,7326,89,2003,3244940,0,0,0
PF203,20220218,20220218,135639500,13:56:39,7326,89,2003,3244940,0,0,0
PF203,20220218,20220218,135643500,13:56:44,7326,89,2003,3244940,0,0,0
PF203,20220218,20220218,135648000,13:56:48,7326,89,2003,3244940,0,0,0
PF203,20220218,20220218,135648500,13:56:50,7326,89,2003,3244940,0,0,0
PF203,20220218,20220218,135657000,13:56:57,7326,89,2003,3244940,0,0,0
PF203,20220218,20220218,135700000,13:57:01,7326,89,2003,3244940,0,0,0
PF203,20220218,20220218,135700500,13:57:01,7326,89,2003,3244940,0,0,0
PF203,20220218,20220218,135701000,13:57:02,7326,89,2003,3244940,0,0,0
PF203,20220218,20220218,135701500,13:57:02,7326,89,2003,3244940,0,0,0
PF203,20220218,20220218,135704000,13:57:04,7326,89,2003,3244940,0,0,0
PF203,20220218,20220218,135706500,13:57:06,7326,89,2003,3244940,0,0,0
