SM207,20220218,20220218,112003000,11:20:03,8278,3117,13505,128171040,3117,13505,128171040
SM207,20220218,20220218,112004500,11:20:09,8278,3180,13487,130793400,63,-18,2622360
SM207,20220218,20220218,112005000,11:20:10,8278,3180,13487,130793400,0,0,0
SM207,20220218,20220218,112005500,11:20:10,8278,3180,13487,130793400,0,0,0
SM207,20220218,20220218,112006500,11:20:10,8278,3180,13487,130793400,0,0,0
SM207,20220218,20220218,112007000,11:20:10,8278,3180,13487,130793400,0,0,0
SM207,20220218,20220218,112007500,11:20:10,8278,3180,13487,130793400,0,0,0
SM207,20220218,20220218,112008000,11:20:10,8278,3180,13487,130793400,0,0,0
SM207,20220218,20220218,112010500,11:20:10,8278,3180,13487,130793400,0,0,0
SM207,20220218,20220218,112011000,11:20:11,8278,3180,13487,130793400,0,0,0
SM207,20220218,20220218,112011500,11:20:12,8278,3180,13487,130793400,0,0,0
SM207,20220218,20220218,112012500,11:20:12,8278,3180,13487,130793400,0,0,0
SM207,20220218,20220218,112013000,11:20:13,8278,3180,13487,130793400,0,0,0
SM207,20220218,20220218,112015000,11:20:15,8278,3180,13487,130793400,0,0,0
SM207,20220218,20220218,112016000,11:20:16,8278,3180,13487,130793400,0,0,0
SM207,20220218,20220218,112016500,11:20:16,8278,3180,13487,130793400,0,0,0
SM207,20220218,20220218,112017500,11:20:17,8278,3180,13487,130793400,0,0,0
SM207,20220218,20220218,112018500,11:20:18,8278,3180,13487,130793400,0,0,0
SM207,20220218,20220218,112019500,11:20:20,8278,3180,13487,130793400,0,0,0
SM207,20220218,20220218,112020000,11:20:20,8278,3180,13487,130793400,0,0,0
SM207,20220218,20220218,112020500,11:20:21,8278,3180,13487,130793400,0,0,0
SM207,20220218,20220218,112021500,11:20:21,8278,3180,13487,130793400,0,0,0
SM207,20220218,20220218,112022000,11:20:22,8278,3180,13487,130793400,0,0,0
SM207,20220218,20220218,112022500,11:20:23,8278,3180,13487,130793400,0,0,0
SM207,20220218,20220218,112029000,11:20:29,8278,3180,13487,130793400,0,0,0
SM207,20220218,20220218,112029500,11:20:31,8278,3180,13487,130793400,0,0,0
SM207,20220218,20220218,112030000,11:20:31,8278,3180,13487,130793400,0,0,0
SM207,20220218,20220218,112030500,11:20:31,8278,3180,13487,130793400,0,0,0
SM207,20220218,20220218,112031000,11:20:32,8278,3180,13487,130793400,0,0,0
SM207,20220218,20220218,112031500,11:20:32,8278,3180,13487,130793400,0,0,0
SM207,20220218,20220218,112033000,11:20:33,8278,3180,13487,130793400,0,0,0
SM207,20220218,20220218,112033500,11:20:33,8278,3180,13487,130793400,0,0,0
SM207,20220218,20220218,112034000,11:20:34,8278,3180,13487,130793400,0,0,0
SM207,20220218,20220218,112034500,11:20:35,8278,3180,13487,130793400,0,0,0
SM207,20220218,20220218,112035000,11:20:35,8278,3180,13487,130793400,0,0,0
SM207,20220218,20220218,112035500,11:20:35,8278,3180,13487,130793400,0,0,0
SM207,20220218,20220218,112039500,11:20:40,8278,3180,13487,130793400,0,0,0
SM207,20220218,20220218,112042500,11:20:42,8278,3180,13487,130793400,0,0,0
SM207,20220218,20220218,112043000,11:20:43,8278,3180,13487,130793400,0,0,0
SM207,20220218,20220218,112043500,11:20:44,8278,3180,13487,130793400,0,0,0
SM207,20220218,20220218,112045000,11:20:45,8278,3180,13487,130793400,0,0,0
SM207,20220218,20220218,112045500,11:20:46,8278,3180,13487,130793400,0,0,0
SM207,20220218,20220218,112046000,11:20:46,8278,3180,13487,130793400,0,0,0
SM207,20220218,20220218,112046500,11:20:46,8278,3180,13487,130793400,0,0,0
SM207,20220218,20220218,112047000,11:20:47,8278,3180,13487,130793400,0,0,0
SM207,20220218,20220218,112047500,11:20:48,8278,3180,13487,130793400,0,0,0
SM207,20220218,20220218,112048000,11:20:48,8278,3180,13487,130793400,0,0,0
SM207,20220218,20220218,112048500,11:20:50,8278,3180,13487,130793400,0,0,0
SM207,20220218,20220218,112049000,11:20:50,8278,3180,13487,130793400,0,0,0
SM207,20220218,20220218,112050500,11:20:50,8278,3180,13487,130793400,0,0,0
SM207,20220218,20220218,112052000,11:20:53,8278,3180,13487,130793400,0,0,0
SM207,20220218,20220218,112055000,11:20:55,8278,3180,13487,130793400,0,0,0
SM207,20220218,20220218,112055500,11:20:56,8278,3180,13487,130793400,0,0,0
SM207,20220218,20220218,112056000,11:20:56,8278,3180,13487,130793400,0,0,0
SM207,20220218,20220218,112056500,11:20:57,8278,3180,13487,130793400,0,0,0
SM207,20220218,20220218,112057000,11:20:58,8278,3180,13487,130793400,0,0,0
SM207,20220218,20220218,112057500,11:20:58,8282,3190,13497,131204700,10,10,411300
SM207,20220218,20220218,112058000,11:20:59,8282,3190,13497,131204700,0,0,0
SM207,20220218,20220218,112100500,11:21:01,8282,3190,13497,131204700,0,0,0
SM207,20220218,20220218,112101000,11:21:01,8282,3190,13497,131204700,0,0,0
SM207,20220218,20220218,112101500,11:21:02,8282,3190,13497,131204700,0,0,0
SM207,20220218,20220218,112102000,11:21:03,8282,3190,13497,131204700,0,0,0
SM207,20220218,20220218,112102500,11:21:03,8282,3190,13497,131204700,0,0,0
SM207,20220218,20220218,112104000,11:21:04,8282,3190,13497,131204700,0,0,0
SM207,20220218,20220218,112104500,11:21:05,8282,3190,13497,131204700,0,0,0
SM207,20220218,20220218,112105000,11:21:06,8282,3190,13497,131204700,0,0,0
SM207,20220218,20220218,112105500,11:21:07,8282,3190,13497,131204700,0,0,0
SM207,20220218,20220218,112106000,11:21:07,8284,3192,13498,131286960,2,1,82260
SM207,20220218,20220218,112106500,11:21:08,8284,3192,13498,131286960,0,0,0
SM207,20220218,20220218,112107500,11:21:10,8284,3192,13498,131286960,0,0,0
SM207,20220218,20220218,112108000,11:21:10,8284,3192,13498,131286960,0,0,0
SM207,20220218,20220218,112111500,11:21:12,8284,3192,13498,131286960,0,0,0
SM207,20220218,20220218,112112500,11:21:13,8284,3192,13498,131286960,0,0,0
SM207,20220218,20220218,112113000,11:21:13,8284,3192,13498,131286960,0,0,0
SM207,20220218,20220218,112113500,11:21:13,8284,3192,13498,131286960,0,0,0
SM207,20220218,20220218,112114000,11:21:14,8284,3192,13498,131286960,0,0,0
SM207,20220218,20220218,112116500,11:21:17,8284,3192,13498,131286960,0,0,0
SM207,20220218,20220218,112120000,11:21:20,8284,3192,13498,131286960,0,0,0
SM207,20220218,20220218,112126000,11:23:33,8284,3192,13498,131286960,0,0,0
SM207,20220218,20220218,112332000,11:23:33,8284,3192,13498,131286960,0,0,0
SM207,20220218,20220218,112333000,11:23:33,8284,3192,13498,131286960,0,0,0
SM207,20220218,20220218,112335000,11:23:35,8284,3192,13498,131286960,0,0,0
SM207,20220218,20220218,112336000,11:23:37,8276,3242,13504,133375880,50,6,2088920
SM207,20220218,20220218,112336500,11:23:38,8276,3242,13504,133375880,0,0,0
SM207,20220218,20220218,112337000,11:23:38,8276,3243,13505,133417020,1,1,41140
SM207,20220218,20220218,112337500,11:23:38,8276,3243,13505,133417020,0,0,0
SM207,20220218,20220218,112338000,11:23:38,8276,3243,13505,133417020,0,0,0
SM207,20220218,20220218,112338500,11:23:38,8276,3243,13505,133417020,0,0,0
SM207,20220218,20220218,112339000,11:23:39,8276,3243,13505,133417020,0,0,0
SM207,20220218,20220218,112340000,11:23:40,8276,3243,13505,133417020,0,0,0
SM207,20220218,20220218,112340500,11:23:40,8268,3245,13505,133499300,2,0,82280
SM207,20220218,20220218,112341000,11:23:41,8268,3245,13505,133499300,0,0,0
SM207,20220218,20220218,112342500,11:23:43,8268,3245,13505,133499300,0,0,0
SM207,20220218,20220218,112343000,11:23:43,8268,3245,13505,133499300,0,0,0
SM207,20220218,20220218,112348000,11:23:48,8268,3245,13505,133499300,0,0,0
SM207,20220218,20220218,112349000,11:23:49,8268,3245,13505,133499300,0,0,0
SM207,20220218,20220218,112349500,11:23:50,8268,3245,13505,133499300,0,0,0
SM207,20220218,20220218,112350500,11:23:50,8272,3247,13507,133581580,2,2,82280
SM207,20220218,20220218,112351000,11:23:51,8272,3247,13507,133581580,0,0,0
SM207,20220218,20220218,112351500,11:23:51,8272,3247,13507,133581580,0,0,0
SM207,20220218,20220218,112355000,11:23:55,8272,3247,13507,133581580,0,0,0
SM207,20220218,20220218,112355500,11:23:55,8272,3247,13507,133581580,0,0,0
SM207,20220218,20220218,112356500,11:23:56,8272,3247,13507,133581580,0,0,0
SM207,20220218,20220218,112357000,11:23:57,8272,3247,13507,133581580,0,0,0
SM207,20220218,20220218,112357500,11:23:57,8272,3247,13507,133581580,0,0,0
SM207,20220218,20220218,112358000,11:23:58,8272,3247,13507,133581580,0,0,0
SM207,20220218,20220218,112358500,11:23:58,8272,3247,13507,133581580,0,0,0
SM207,20220218,20220218,112359000,11:23:59,8272,3247,13507,133581580,0,0,0
SM207,20220218,20220218,112400500,11:24:00,8278,3248,13507,133622720,1,0,41140
SM207,20220218,20220218,112401000,11:24:01,8278,3248,13507,133622720,0,0,0
SM207,20220218,20220218,112401500,11:24:01,8278,3248,13507,133622720,0,0,0
SM207,20220218,20220218,112412000,11:24:12,8278,3248,13507,133622720,0,0,0
SM207,20220218,20220218,112412500,11:24:13,8278,3248,13507,133622720,0,0,0
SM207,20220218,20220218,112417500,11:24:18,8278,3248,13507,133622720,0,0,0
SM207,20220218,20220218,112418000,11:24:18,8278,3248,13507,133622720,0,0,0
SM207,20220218,20220218,112418500,11:24:19,8278,3248,13507,133622720,0,0,0
SM207,20220218,20220218,112419000,11:24:19,8278,3248,13507,133622720,0,0,0
SM207,20220218,20220218,112419500,11:24:20,8278,3248,13507,133622720,0,0,0
SM207,20220218,20220218,112421500,11:24:22,8278,3248,13507,133622720,0,0,0
SM207,20220218,20220218,112422000,11:24:22,8278,3248,13507,133622720,0,0,0
SM207,20220218,20220218,112422500,11:24:23,8278,3248,13507,133622720,0,0,0
SM207,20220218,20220218,112425000,11:24:25,8278,3248,13507,133622720,0,0,0
SM207,20220218,20220218,112429500,11:24:30,8278,3249,13507,133663860,1,0,41140
SM207,20220218,20220218,112430000,11:24:30,8278,3249,13507,133663860,0,0,0
SM207,20220218,20220218,112430500,11:24:30,8278,3249,13507,133663860,0,0,0
SM207,20220218,20220218,112432500,11:24:33,8278,3249,13507,133663860,0,0,0
SM207,20220218,20220218,112439000,11:24:40,8278,3250,13507,133705000,1,0,41140
SM207,20220218,20220218,112439500,11:24:40,8278,3250,13507,133705000,0,0,0
SM207,20220218,20220218,112441000,11:24:41,8278,3250,13507,133705000,0,0,0
SM207,20220218,20220218,112442500,11:24:42,8278,3250,13507,133705000,0,0,0
SM207,20220218,20220218,112446000,11:24:46,8278,3250,13507,133705000,0,0,0
SM207,20220218,20220218,112446500,11:24:46,8278,3250,13507,133705000,0,0,0
SM207,20220218,20220218,112447000,11:24:47,8278,3250,13507,133705000,0,0,0
SM207,20220218,20220218,112448500,11:24:49,8278,3250,13507,133705000,0,0,0
SM207,20220218,20220218,112449000,11:24:49,8278,3250,13507,133705000,0,0,0
SM207,20220218,20220218,112449500,11:24:49,8278,3250,13507,133705000,0,0,0
SM207,20220218,20220218,112450000,11:24:50,8278,3250,13507,133705000,0,0,0
SM207,20220218,20220218,112450500,11:24:50,8278,3250,13507,133705000,0,0,0
SM207,20220218,20220218,112452000,11:24:52,8278,3250,13507,133705000,0,0,0
SM207,20220218,20220218,112454000,11:24:54,8278,3250,13507,133705000,0,0,0
SM207,20220218,20220218,112454500,11:24:54,8278,3250,13507,133705000,0,0,0
SM207,20220218,20220218,112458500,11:24:58,8278,3250,13507,133705000,0,0,0
SM207,20220218,20220218,112501000,11:25:02,8278,3250,13507,133705000,0,0,0
SM207,20220218,20220218,112501500,11:25:05,8278,3250,13507,133705000,0,0,0
SM207,20220218,20220218,112502000,11:25:05,8278,3250,13507,133705000,0,0,0
SM207,20220218,20220218,112504500,11:25:06,8278,3250,13507,133705000,0,0,0
SM207,20220218,20220218,112506000,11:25:07,8278,3250,13507,133705000,0,0,0
SM207,20220218,20220218,112506500,11:25:07,8278,3250,13507,133705000,0,0,0
SM207,20220218,20220218,112507000,11:25:07,8278,3250,13507,133705000,0,0,0
SM207,20220218,20220218,112507500,11:25:07,8278,3250,13507,133705000,0,0,0
SM207,20220218,20220218,112509000,11:25:09,8278,3250,13507,133705000,0,0,0
SM207,20220218,20220218,112509500,11:25:09,8278,3250,13507,133705000,0,0,0
SM207,20220218,20220218,112514000,11:25:15,8278,3250,13507,133705000,0,0,0
SM207,20220218,20220218,112514500,11:25:16,8278,3250,13507,133705000,0,0,0
SM207,20220218,20220218,112515500,11:25:16,8278,3250,13507,133705000,0,0,0
SM207,20220218,20220218,112516500,11:25:16,8278,3250,13507,133705000,0,0,0
SM207,20220218,20220218,112517000,11:25:18,8278,3250,13507,133705000,0,0,0
SM207,20220218,20220218,112519000,11:25:19,8278,3250,13507,133705000,0,0,0
SM207,20220218,20220218,112519500,11:25:19,8278,3250,13507,133705000,0,0,0
SM207,20220218,20220218,112520500,11:25:21,8278,3250,13507,133705000,0,0,0
SM207,20220218,20220218,112521000,11:25:22,8278,3250,13507,133705000,0,0,0
SM207,20220218,20220218,112521500,11:25:22,8278,3250,13507,133705000,0,0,0
SM207,20220218,20220218,112522000,11:25:22,8278,3250,13507,133705000,0,0,0
SM207,20220218,20220218,112522500,11:25:23,8278,3250,13507,133705000,0,0,0
SM207,20220218,20220218,112523000,11:25:23,8278,3250,13507,133705000,0,0,0
SM207,20220218,20220218,112523500,11:25:24,8278,3250,13507,133705000,0,0,0
SM207,20220218,20220218,112526500,11:25:27,8278,3250,13507,133705000,0,0,0
SM207,20220218,20220218,112527000,11:25:28,8278,3250,13507,133705000,0,0,0
SM207,20220218,20220218,112528500,11:25:28,8278,3250,13507,133705000,0,0,0
SM207,20220218,20220218,112529000,11:25:29,8278,3262,13508,134198680,12,1,493680
SM207,20220218,20220218,112529500,11:25:30,8278,3263,13507,134239820,1,-1,41140
SM207,20220218,20220218,112530000,11:25:31,8278,3264,13508,134280960,1,1,41140
SM207,20220218,20220218,112530500,11:25:31,8278,3264,13508,134280960,0,0,0
SM207,20220218,20220218,112531000,11:25:31,8278,3264,13508,134280960,0,0,0
SM207,20220218,20220218,112531500,11:25:32,8278,3264,13508,134280960,0,0,0
SM207,20220218,20220218,112532000,11:25:32,8278,3264,13508,134280960,0,0,0
SM207,20220218,20220218,112532500,11:25:33,8278,3264,13508,134280960,0,0,0
SM207,20220218,20220218,112533500,11:25:33,8278,3264,13508,134280960,0,0,0
SM207,20220218,20220218,112534000,11:25:34,8278,3264,13508,134280960,0,0,0
SM207,20220218,20220218,112535000,11:25:37,8278,3264,13508,134280960,0,0,0
SM207,20220218,20220218,112537500,11:25:38,8278,3264,13508,134280960,0,0,0
SM207,20220218,20220218,112538000,11:25:38,8278,3264,13508,134280960,0,0,0
SM207,20220218,20220218,112538500,11:25:39,8278,3264,13508,134280960,0,0,0
SM207,20220218,20220218,112539000,11:25:39,8278,3264,13508,134280960,0,0,0
SM207,20220218,20220218,112539500,11:25:40,8278,3264,13508,134280960,0,0,0
SM207,20220218,20220218,112544000,11:25:44,8278,3264,13508,134280960,0,0,0
SM207,20220218,20220218,112550500,11:25:51,8278,3264,13508,134280960,0,0,0
SM207,20220218,20220218,112557500,11:25:57,8278,3264,13508,134280960,0,0,0
SM207,20220218,20220218,112558000,11:25:59,8278,3264,13508,134280960,0,0,0
SM207,20220218,20220218,112603500,11:26:04,8278,3264,13508,134280960,0,0,0
SM207,20220218,20220218,112604000,11:26:05,8278,3264,13508,134280960,0,0,0
SM207,20220218,20220218,112606500,11:26:09,8278,3264,13508,134280960,0,0,0
SM207,20220218,20220218,112607500,11:26:09,8278,3264,13508,134280960,0,0,0
SM207,20220218,20220218,112608000,11:26:09,8278,3264,13508,134280960,0,0,0
SM207,20220218,20220218,112609500,11:26:10,8278,3264,13508,134280960,0,0,0
SM207,20220218,20220218,112619000,11:26:19,8278,3264,13508,134280960,0,0,0
SM207,20220218,20220218,112619500,11:26:20,8278,3264,13508,134280960,0,0,0
SM207,20220218,20220218,112623000,11:26:23,8278,3264,13508,134280960,0,0,0
SM207,20220218,20220218,112623500,11:26:23,8278,3264,13508,134280960,0,0,0
SM207,20220218,20220218,112624000,11:26:24,8278,3264,13508,134280960,0,0,0
SM207,20220218,20220218,112624500,11:26:24,8278,3264,13508,134280960,0,0,0
SM207,20220218,20220218,112625000,11:26:25,8278,3264,13508,134280960,0,0,0
SM207,20220218,20220218,112628500,11:26:28,8278,3264,13508,134280960,0,0,0
SM207,20220218,20220218,112629000,11:26:29,8278,3264,13508,134280960,0,0,0
SM207,20220218,20220218,112632500,11:26:32,8278,3264,13508,134280960,0,0,0
SM207,20220218,20220218,112652500,11:27:10,8278,3264,13508,134280960,0,0,0
SM207,20220218,20220218,112708000,11:27:12,8278,3264,13508,134280960,0,0,0
SM207,20220218,20220218,112712500,11:27:13,8282,3266,13507,134363240,2,-1,82280
SM207,20220218,20220218,112717500,11:27:17,8282,3266,13507,134363240,0,0,0
SM207,20220218,20220218,112718000,11:27:18,8282,3266,13507,134363240,0,0,0
SM207,20220218,20220218,112718500,11:27:19,8282,3266,13507,134363240,0,0,0
SM207,20220218,20220218,112719000,11:27:19,8282,3266,13507,134363240,0,0,0
SM207,20220218,20220218,112719500,11:27:20,8282,3266,13507,134363240,0,0,0
SM207,20220218,20220218,112720000,11:27:20,8282,3266,13507,134363240,0,0,0
SM207,20220218,20220218,112726500,11:27:27,8282,3266,13507,134363240,0,0,0
SM207,20220218,20220218,112728500,11:27:28,8282,3266,13507,134363240,0,0,0
SM207,20220218,20220218,112731000,11:27:33,8282,3266,13507,134363240,0,0,0
SM207,20220218,20220218,112732000,11:27:36,8282,3266,13507,134363240,0,0,0
SM207,20220218,20220218,112734500,11:27:36,8282,3266,13507,134363240,0,0,0
SM207,20220218,20220218,112737000,11:27:38,8282,3266,13507,134363240,0,0,0
SM207,20220218,20220218,112739000,11:27:39,8282,3266,13507,134363240,0,0,0
SM207,20220218,20220218,112741000,11:27:41,8282,3266,13507,134363240,0,0,0
SM207,20220218,20220218,112741500,11:27:42,8282,3266,13507,134363240,0,0,0
SM207,20220218,20220218,112743000,11:27:43,8282,3266,13507,134363240,0,0,0
SM207,20220218,20220218,112745000,11:27:46,8270,3267,13506,134404380,1,-1,41140
SM207,20220218,20220218,112745500,11:27:46,8270,3267,13506,134404380,0,0,0
SM207,20220218,20220218,112746500,11:27:47,8270,3267,13506,134404380,0,0,0
SM207,20220218,20220218,112754000,11:27:54,8270,3267,13506,134404380,0,0,0
SM207,20220218,20220218,112754500,11:27:55,8270,3267,13506,134404380,0,0,0
SM207,20220218,20220218,112755000,11:27:55,8270,3267,13506,134404380,0,0,0
SM207,20220218,20220218,112756000,11:27:56,8270,3267,13506,134404380,0,0,0
SM207,20220218,20220218,112756500,11:27:56,8270,3267,13506,134404380,0,0,0
SM207,20220218,20220218,112757000,11:27:57,8270,3267,13506,134404380,0,0,0
SM207,20220218,20220218,112758000,11:27:58,8270,3267,13506,134404380,0,0,0
SM207,20220218,20220218,112759500,11:27:59,8270,3267,13506,134404380,0,0,0
SM207,20220218,20220218,112800000,11:28:01,8270,3267,13506,134404380,0,0,0
SM207,20220218,20220218,112800500,11:28:01,8270,3267,13506,134404380,0,0,0
SM207,20220218,20220218,112801000,11:28:01,8270,3267,13506,134404380,0,0,0
SM207,20220218,20220218,112802000,11:28:03,8270,3267,13506,134404380,0,0,0
SM207,20220218,20220218,112802500,11:28:03,8270,3267,13506,134404380,0,0,0
SM207,20220218,20220218,112810000,11:28:11,8270,3267,13506,134404380,0,0,0
SM207,20220218,20220218,112810500,11:28:12,8270,3267,13506,134404380,0,0,0
SM207,20220218,20220218,112812500,11:28:13,8270,3267,13506,134404380,0,0,0
SM207,20220218,20220218,112813000,11:28:13,8270,3267,13506,134404380,0,0,0
SM207,20220218,20220218,112814500,11:28:15,8270,3267,13506,134404380,0,0,0
SM207,20220218,20220218,112815500,11:28:15,8284,3268,13506,134445520,1,0,41140
SM207,20220218,20220218,112816000,11:28:16,8284,3268,13506,134445520,0,0,0
SM207,20220218,20220218,112817500,11:28:17,8284,3268,13506,134445520,0,0,0
SM207,20220218,20220218,112825500,11:28:25,8284,3268,13506,134445520,0,0,0
SM207,20220218,20220218,112826000,11:28:26,8284,3268,13506,134445520,0,0,0
SM207,20220218,20220218,112826500,11:28:27,8284,3268,13506,134445520,0,0,0
SM207,20220218,20220218,112827000,11:28:27,8284,3268,13506,134445520,0,0,0
SM207,20220218,20220218,112827500,11:28:27,8284,3268,13506,134445520,0,0,0
SM207,20220218,20220218,112828000,11:28:28,8284,3268,13506,134445520,0,0,0
SM207,20220218,20220218,112828500,11:28:28,8284,3268,13506,134445520,0,0,0
SM207,20220218,20220218,112829000,11:28:29,8284,3268,13506,134445520,0,0,0
SM207,20220218,20220218,112829500,11:28:29,8276,3269,13505,134486660,1,-1,41140
SM207,20220218,20220218,112830000,11:28:30,8276,3269,13505,134486660,0,0,0
SM207,20220218,20220218,112831000,11:28:31,8276,3269,13505,134486660,0,0,0
SM207,20220218,20220218,112834000,11:28:34,8276,3269,13505,134486660,0,0,0
SM207,20220218,20220218,112834500,11:28:34,8276,3269,13505,134486660,0,0,0
SM207,20220218,20220218,112835000,11:28:35,8276,3269,13505,134486660,0,0,0
SM207,20220218,20220218,112835500,11:28:37,8276,3269,13505,134486660,0,0,0
SM207,20220218,20220218,112836000,11:28:37,8276,3269,13505,134486660,0,0,0
SM207,20220218,20220218,112837000,11:28:37,8276,3269,13505,134486660,0,0,0
SM207,20220218,20220218,112837500,11:28:38,8276,3269,13505,134486660,0,0,0
SM207,20220218,20220218,112838500,11:28:38,8276,3269,13505,134486660,0,0,0
SM207,20220218,20220218,112839000,11:28:40,8276,3269,13505,134486660,0,0,0
SM207,20220218,20220218,112840500,11:28:40,8276,3269,13505,134486660,0,0,0
SM207,20220218,20220218,112842000,11:28:42,8276,3269,13505,134486660,0,0,0
SM207,20220218,20220218,112842500,11:28:42,8276,3269,13505,134486660,0,0,0
SM207,20220218,20220218,112843000,11:28:43,8276,3269,13505,134486660,0,0,0
SM207,20220218,20220218,112843500,11:28:44,8276,3269,13505,134486660,0,0,0
SM207,20220218,20220218,112845000,11:28:45,8276,3269,13505,134486660,0,0,0
SM207,20220218,20220218,112847000,11:28:47,8276,3269,13505,134486660,0,0,0
SM207,20220218,20220218,112848000,11:28:48,8276,3269,13505,134486660,0,0,0
SM207,20220218,20220218,112848500,11:28:48,8276,3269,13505,134486660,0,0,0
SM207,20220218,20220218,112849000,11:28:49,8276,3269,13505,134486660,0,0,0
SM207,20220218,20220218,112853500,11:28:54,8272,3270,13504,134527800,1,-1,41140
SM207,20220218,20220218,112854000,11:28:54,8272,3270,13504,134527800,0,0,0
SM207,20220218,20220218,112855500,11:28:56,8272,3270,13504,134527800,0,0,0
SM207,20220218,20220218,112856000,11:28:56,8272,3270,13504,134527800,0,0,0
SM207,20220218,20220218,112857000,11:28:57,8272,3270,13504,134527800,0,0,0
SM207,20220218,20220218,112858500,11:28:59,8272,3270,13504,134527800,0,0,0
SM207,20220218,20220218,112859000,11:28:59,8272,3270,13504,134527800,0,0,0
SM207,20220218,20220218,112859500,11:29:00,8272,3270,13504,134527800,0,0,0
SM207,20220218,20220218,112900000,11:29:00,8272,3270,13504,134527800,0,0,0
SM207,20220218,20220218,112900500,11:29:01,8272,3270,13504,134527800,0,0,0
SM207,20220218,20220218,112901000,11:29:01,8276,3271,13504,134568940,1,0,41140
SM207,20220218,20220218,112902500,11:29:03,8276,3271,13504,134568940,0,0,0
SM207,20220218,20220218,112910000,11:29:10,8276,3271,13504,134568940,0,0,0
SM207,20220218,20220218,112910500,11:29:11,8276,3271,13504,134568940,0,0,0
SM207,20220218,20220218,112911000,11:29:11,8276,3271,13504,134568940,0,0,0
SM207,20220218,20220218,112912000,11:29:12,8274,3274,13501,134692360,3,-3,123420
SM207,20220218,20220218,112912500,11:29:12,8272,3276,13502,134774640,2,1,82280
SM207,20220218,20220218,112914000,11:29:14,8272,3276,13502,134774640,0,0,0
SM207,20220218,20220218,112919500,11:29:21,8272,3276,13502,134774640,0,0,0
SM207,20220218,20220218,112923500,11:29:24,8272,3276,13502,134774640,0,0,0
SM207,20220218,20220218,112926500,11:29:26,8272,3276,13502,134774640,0,0,0
SM207,20220218,20220218,112927000,11:29:27,8272,3276,13502,134774640,0,0,0
SM207,20220218,20220218,112927500,11:29:28,8272,3276,13502,134774640,0,0,0
SM207,20220218,20220218,112928500,11:29:29,8272,3276,13502,134774640,0,0,0
SM207,20220218,20220218,112929000,11:29:29,8272,3276,13502,134774640,0,0,0
SM207,20220218,20220218,112929500,11:29:30,8272,3276,13502,134774640,0,0,0
SM207,20220218,20220218,112930000,11:29:30,8272,3276,13502,134774640,0,0,0
SM207,20220218,20220218,112930500,11:29:31,8272,3276,13502,134774640,0,0,0
SM207,20220218,20220218,112931000,11:29:32,8272,3276,13502,134774640,0,0,0
SM207,20220218,20220218,112931500,11:29:32,8272,3276,13502,134774640,0,0,0
SM207,20220218,20220218,112932000,11:29:36,8272,3276,13502,134774640,0,0,0
SM207,20220218,20220218,112933000,11:29:37,8272,3276,13502,134774640,0,0,0
SM207,20220218,20220218,112933500,11:29:38,8272,3276,13502,134774640,0,0,0
SM207,20220218,20220218,112936500,11:29:38,8272,3276,13502,134774640,0,0,0
SM207,20220218,20220218,112937500,11:29:38,8272,3276,13502,134774640,0,0,0
SM207,20220218,20220218,112938000,11:29:38,8272,3276,13502,134774640,0,0,0
SM207,20220218,20220218,112938500,11:29:39,8272,3276,13502,134774640,0,0,0
SM207,20220218,20220218,112942500,11:29:45,8272,3276,13502,134774640,0,0,0
SM207,20220218,20220218,112943000,11:29:45,8272,3276,13502,134774640,0,0,0
SM207,20220218,20220218,112944500,11:29:45,8272,3276,13502,134774640,0,0,0
SM207,20220218,20220218,112945000,11:29:46,8272,3276,13502,134774640,0,0,0
SM207,20220218,20220218,112945500,11:29:46,8272,3276,13502,134774640,0,0,0
SM207,20220218,20220218,112946000,11:29:47,8272,3276,13502,134774640,0,0,0
SM207,20220218,20220218,112946500,11:29:47,8272,3276,13502,134774640,0,0,0
SM207,20220218,20220218,112947000,11:29:47,8272,3276,13502,134774640,0,0,0
SM207,20220218,20220218,112947500,11:29:48,8272,3276,13502,134774640,0,0,0
SM207,20220218,20220218,112948000,11:29:49,8272,3276,13502,134774640,0,0,0
SM207,20220218,20220218,112948500,11:29:50,8272,3276,13502,134774640,0,0,0
SM207,20220218,20220218,112952000,11:29:53,8272,3276,13502,134774640,0,0,0
SM207,20220218,20220218,112952500,11:29:53,8272,3276,13502,134774640,0,0,0
SM207,20220218,20220218,112959500,11:30:02,8272,3276,13502,134774640,0,0,0
SM207,20220218,20220218,113000500,11:30:03,8272,3276,13502,134774640,0,0,0
SM207,20220218,20220218,133001000,13:30:01,8272,3276,13502,134774640,0,0,0
SM207,20220218,20220218,133001500,13:30:02,8272,3276,13502,134774640,0,0,0
SM207,20220218,20220218,133002000,13:30:08,8272,3278,13502,134856920,2,0,82280
SM207,20220218,20220218,133002500,13:30:10,8276,3280,13502,134939200,2,0,82280
SM207,20220218,20220218,133008000,13:30:10,8276,3280,13502,134939200,0,0,0
SM207,20220218,20220218,133009500,13:30:10,8276,3280,13502,134939200,0,0,0
SM207,20220218,20220218,133011000,13:30:13,8276,3280,13502,134939200,0,0,0
SM207,20220218,20220218,133014000,13:30:16,8276,3280,13502,134939200,0,0,0
SM207,20220218,20220218,133033500,13:30:40,8276,3280,13502,134939200,0,0,0
SM207,20220218,20220218,133039500,13:30:42,8276,3280,13502,134939200,0,0,0
SM207,20220218,20220218,133043000,13:30:44,8276,3280,13502,134939200,0,0,0
SM207,20220218,20220218,133043500,13:30:45,8276,3280,13502,134939200,0,0,0
SM207,20220218,20220218,133044500,13:30:46,8276,3280,13502,134939200,0,0,0
SM207,20220218,20220218,133045000,13:30:46,8276,3280,13502,134939200,0,0,0
SM207,20220218,20220218,133046000,13:30:47,8276,3280,13502,134939200,0,0,0
SM207,20220218,20220218,133046500,13:30:47,8276,3280,13502,134939200,0,0,0
SM207,20220218,20220218,133047000,13:30:48,8276,3280,13502,134939200,0,0,0
SM207,20220218,20220218,133048000,13:30:49,8276,3280,13502,134939200,0,0,0
SM207,20220218,20220218,133048500,13:30:49,8276,3280,13502,134939200,0,0,0
SM207,20220218,20220218,133049000,13:30:50,8276,3280,13502,134939200,0,0,0
SM207,20220218,20220218,133049500,13:30:50,8276,3280,13502,134939200,0,0,0
SM207,20220218,20220218,133050500,13:30:52,8276,3280,13502,134939200,0,0,0
SM207,20220218,20220218,133054000,13:30:55,8276,3280,13502,134939200,0,0,0
SM207,20220218,20220218,133055000,13:30:56,8276,3280,13502,134939200,0,0,0
SM207,20220218,20220218,133057000,13:30:58,8276,3280,13502,134939200,0,0,0
SM207,20220218,20220218,133057500,13:30:58,8276,3280,13502,134939200,0,0,0
SM207,20220218,20220218,133059500,13:30:59,8276,3280,13502,134939200,0,0,0
SM207,20220218,20220218,133100000,13:31:00,8276,3280,13502,134939200,0,0,0
SM207,20220218,20220218,133100500,13:31:01,8284,3285,13500,135144900,5,-2,205700
SM207,20220218,20220218,133101000,13:31:01,8284,3285,13500,135144900,0,0,0
SM207,20220218,20220218,133101500,13:31:01,8284,3285,13500,135144900,0,0,0
SM207,20220218,20220218,133102000,13:31:02,8284,3285,13500,135144900,0,0,0
SM207,20220218,20220218,133103000,13:31:03,8284,3285,13500,135144900,0,0,0
SM207,20220218,20220218,133103500,13:31:05,8284,3285,13500,135144900,0,0,0
SM207,20220218,20220218,133104000,13:31:06,8284,3285,13500,135144900,0,0,0
SM207,20220218,20220218,133104500,13:31:07,8284,3285,13500,135144900,0,0,0
SM207,20220218,20220218,133106000,13:31:08,8284,3286,13501,135186040,1,1,41140
SM207,20220218,20220218,133109000,13:31:10,8284,3286,13501,135186040,0,0,0
SM207,20220218,20220218,133109500,13:31:10,8284,3286,13501,135186040,0,0,0
SM207,20220218,20220218,133110000,13:31:11,8284,3286,13501,135186040,0,0,0
SM207,20220218,20220218,133110500,13:31:11,8284,3286,13501,135186040,0,0,0
SM207,20220218,20220218,133111000,13:31:12,8284,3286,13501,135186040,0,0,0
SM207,20220218,20220218,133111500,13:31:12,8284,3286,13501,135186040,0,0,0
SM207,20220218,20220218,133112000,13:31:13,8276,3287,13501,135227180,1,0,41140
SM207,20220218,20220218,133112500,13:31:13,8276,3287,13501,135227180,0,0,0
SM207,20220218,20220218,133116000,13:31:16,8276,3287,13501,135227180,0,0,0
SM207,20220218,20220218,133117000,13:31:18,8276,3287,13501,135227180,0,0,0
SM207,20220218,20220218,133117500,13:31:18,8276,3287,13501,135227180,0,0,0
SM207,20220218,20220218,133118500,13:31:19,8276,3287,13501,135227180,0,0,0
SM207,20220218,20220218,133119000,13:31:20,8276,3287,13501,135227180,0,0,0
SM207,20220218,20220218,133122500,13:31:25,8276,3287,13501,135227180,0,0,0
SM207,20220218,20220218,133123500,13:31:25,8276,3287,13501,135227180,0,0,0
SM207,20220218,20220218,133124500,13:31:25,8276,3287,13501,135227180,0,0,0
SM207,20220218,20220218,133158500,13:31:58,8276,3287,13501,135227180,0,0,0
SM207,20220218,20220218,133159500,13:32:00,8276,3287,13501,135227180,0,0,0
SM207,20220218,20220218,133200000,13:32:01,8276,3287,13501,135227180,0,0,0
SM207,20220218,20220218,133200500,13:32:01,8270,3288,13502,135268320,1,1,41140
SM207,20220218,20220218,133201000,13:32:01,8270,3288,13502,135268320,0,0,0
SM207,20220218,20220218,133201500,13:32:01,8270,3288,13502,135268320,0,0,0
SM207,20220218,20220218,133202000,13:32:03,8270,3288,13502,135268320,0,0,0
SM207,20220218,20220218,133202500,13:32:04,8270,3288,13502,135268320,0,0,0
SM207,20220218,20220218,133203000,13:32:05,8270,3288,13502,135268320,0,0,0
SM207,20220218,20220218,133203500,13:32:05,8270,3288,13502,135268320,0,0,0
SM207,20220218,20220218,133204500,13:32:05,8270,3288,13502,135268320,0,0,0
SM207,20220218,20220218,133206500,13:32:07,8270,3288,13502,135268320,0,0,0
SM207,20220218,20220218,133207000,13:32:07,8270,3288,13502,135268320,0,0,0
SM207,20220218,20220218,133207500,13:32:07,8270,3288,13502,135268320,0,0,0
SM207,20220218,20220218,133208000,13:32:09,8270,3288,13502,135268320,0,0,0
SM207,20220218,20220218,133210000,13:32:11,8270,3288,13502,135268320,0,0,0
SM207,20220218,20220218,133210500,13:32:14,8270,3288,13502,135268320,0,0,0
SM207,20220218,20220218,133211000,13:32:14,8270,3288,13502,135268320,0,0,0
SM207,20220218,20220218,133211500,13:32:15,8270,3288,13502,135268320,0,0,0
SM207,20220218,20220218,133214000,13:32:15,8270,3288,13502,135268320,0,0,0
SM207,20220218,20220218,133215000,13:32:16,8270,3288,13502,135268320,0,0,0
SM207,20220218,20220218,133215500,13:32:16,8270,3288,13502,135268320,0,0,0
SM207,20220218,20220218,133216500,13:32:17,8270,3288,13502,135268320,0,0,0
SM207,20220218,20220218,133219500,13:32:20,8270,3288,13502,135268320,0,0,0
SM207,20220218,20220218,133220000,13:32:20,8270,3288,13502,135268320,0,0,0
SM207,20220218,20220218,133221500,13:32:22,8270,3288,13502,135268320,0,0,0
SM207,20220218,20220218,133222000,13:32:23,8270,3288,13502,135268320,0,0,0
SM207,20220218,20220218,133222500,13:32:24,8270,3288,13502,135268320,0,0,0
SM207,20220218,20220218,133227000,13:32:27,8270,3288,13502,135268320,0,0,0
SM207,20220218,20220218,133228500,13:32:33,8270,3288,13502,135268320,0,0,0
SM207,20220218,20220218,133229000,13:32:33,8270,3288,13502,135268320,0,0,0
SM207,20220218,20220218,133232000,13:32:34,8270,3288,13502,135268320,0,0,0
SM207,20220218,20220218,133232500,13:32:35,8270,3288,13502,135268320,0,0,0
SM207,20220218,20220218,133233000,13:32:35,8270,3288,13502,135268320,0,0,0
SM207,20220218,20220218,133236500,13:32:37,8270,3288,13502,135268320,0,0,0
SM207,20220218,20220218,133237000,13:32:37,8270,3288,13502,135268320,0,0,0
SM207,20220218,20220218,133237500,13:32:38,8270,3288,13502,135268320,0,0,0
SM207,20220218,20220218,133238000,13:32:38,8270,3288,13502,135268320,0,0,0
SM207,20220218,20220218,133239500,13:32:40,8270,3288,13502,135268320,0,0,0
SM207,20220218,20220218,133240000,13:32:40,8270,3288,13502,135268320,0,0,0
SM207,20220218,20220218,133240500,13:32:41,8266,3291,13501,135391740,3,-1,123420
SM207,20220218,20220218,133241000,13:32:41,8266,3291,13501,135391740,0,0,0
SM207,20220218,20220218,133242500,13:32:42,8266,3291,13501,135391740,0,0,0
SM207,20220218,20220218,133243000,13:32:43,8266,3292,13500,135432880,1,-1,41140
SM207,20220218,20220218,133243500,13:32:44,8266,3292,13500,135432880,0,0,0
SM207,20220218,20220218,133244000,13:32:44,8266,3292,13500,135432880,0,0,0
SM207,20220218,20220218,133245500,13:32:45,8266,3292,13500,135432880,0,0,0
SM207,20220218,20220218,133246500,13:32:47,8266,3292,13500,135432880,0,0,0
SM207,20220218,20220218,133247000,13:32:47,8266,3292,13500,135432880,0,0,0
SM207,20220218,20220218,133247500,13:32:48,8266,3292,13500,135432880,0,0,0
SM207,20220218,20220218,133248500,13:32:49,8266,3292,13500,135432880,0,0,0
SM207,20220218,20220218,133249000,13:32:49,8266,3292,13500,135432880,0,0,0
SM207,20220218,20220218,133249500,13:32:50,8266,3292,13500,135432880,0,0,0
SM207,20220218,20220218,133250000,13:32:52,8266,3292,13500,135432880,0,0,0
SM207,20220218,20220218,133250500,13:32:52,8266,3292,13500,135432880,0,0,0
SM207,20220218,20220218,133251500,13:32:53,8266,3292,13500,135432880,0,0,0
SM207,20220218,20220218,133253000,13:32:53,8266,3292,13500,135432880,0,0,0
SM207,20220218,20220218,133253500,13:32:54,8266,3292,13500,135432880,0,0,0
SM207,20220218,20220218,133254000,13:32:54,8266,3292,13500,135432880,0,0,0
SM207,20220218,20220218,133254500,13:32:55,8266,3292,13500,135432880,0,0,0
SM207,20220218,20220218,133255000,13:32:55,8266,3292,13500,135432880,0,0,0
SM207,20220218,20220218,133256000,13:32:56,8266,3292,13500,135432880,0,0,0
SM207,20220218,20220218,133256500,13:32:58,8266,3292,13500,135432880,0,0,0
SM207,20220218,20220218,133257500,13:33:00,8266,3292,13500,135432880,0,0,0
SM207,20220218,20220218,133300500,13:33:02,8266,3292,13500,135432880,0,0,0
SM207,20220218,20220218,133301000,13:33:02,8266,3292,13500,135432880,0,0,0
SM207,20220218,20220218,133301500,13:33:02,8266,3292,13500,135432880,0,0,0
SM207,20220218,20220218,133302000,13:33:03,8266,3292,13500,135432880,0,0,0
SM207,20220218,20220218,133304000,13:33:04,8266,3292,13500,135432880,0,0,0
SM207,20220218,20220218,133305500,13:33:05,8266,3292,13500,135432880,0,0,0
SM207,20220218,20220218,133306500,13:33:06,8266,3292,13500,135432880,0,0,0
SM207,20220218,20220218,133307000,13:33:07,8270,3293,13501,135474020,1,1,41140
SM207,20220218,20220218,133307500,13:33:08,8270,3293,13501,135474020,0,0,0
SM207,20220218,20220218,133309000,13:33:10,8270,3293,13501,135474020,0,0,0
SM207,20220218,20220218,133309500,13:33:11,8270,3293,13501,135474020,0,0,0
SM207,20220218,20220218,133310000,13:33:11,8270,3293,13501,135474020,0,0,0
SM207,20220218,20220218,133310500,13:33:13,8270,3293,13501,135474020,0,0,0
SM207,20220218,20220218,133317000,13:33:18,8270,3293,13501,135474020,0,0,0
SM207,20220218,20220218,133318500,13:33:19,8270,3293,13501,135474020,0,0,0
SM207,20220218,20220218,133319500,13:33:21,8270,3293,13501,135474020,0,0,0
SM207,20220218,20220218,133320000,13:33:21,8270,3293,13501,135474020,0,0,0
SM207,20220218,20220218,133320500,13:33:21,8270,3293,13501,135474020,0,0,0
SM207,20220218,20220218,133325000,13:33:26,8270,3293,13501,135474020,0,0,0
SM207,20220218,20220218,133325500,13:33:27,8270,3293,13501,135474020,0,0,0
SM207,20220218,20220218,133326500,13:33:29,8270,3293,13501,135474020,0,0,0
SM207,20220218,20220218,133329500,13:33:30,8270,3293,13501,135474020,0,0,0
SM207,20220218,20220218,133331000,13:33:32,8270,3293,13501,135474020,0,0,0
SM207,20220218,20220218,133334500,13:33:35,8270,3293,13501,135474020,0,0,0
SM207,20220218,20220218,133335000,13:33:35,8270,3293,13501,135474020,0,0,0
SM207,20220218,20220218,133339000,13:33:39,8270,3293,13501,135474020,0,0,0
SM207,20220218,20220218,133339500,13:33:40,8270,3293,13501,135474020,0,0,0
SM207,20220218,20220218,133341500,13:33:42,8270,3296,13501,135597440,3,0,123420
SM207,20220218,20220218,133342000,13:33:42,8270,3296,13501,135597440,0,0,0
SM207,20220218,20220218,133342500,13:33:42,8270,3296,13501,135597440,0,0,0
SM207,20220218,20220218,133344000,13:33:45,8270,3296,13501,135597440,0,0,0
SM207,20220218,20220218,133344500,13:33:45,8270,3296,13501,135597440,0,0,0
SM207,20220218,20220218,133345000,13:33:45,8270,3296,13501,135597440,0,0,0
SM207,20220218,20220218,133353500,13:33:53,8270,3296,13501,135597440,0,0,0
SM207,20220218,20220218,133359500,13:34:00,8266,3299,13504,135720860,3,3,123420
SM207,20220218,20220218,133400000,13:34:00,8266,3299,13504,135720860,0,0,0
SM207,20220218,20220218,133400500,13:34:01,8266,3299,13504,135720860,0,0,0
SM207,20220218,20220218,133401000,13:34:01,8266,3299,13504,135720860,0,0,0
SM207,20220218,20220218,133402000,13:34:10,8266,3299,13504,135720860,0,0,0
SM207,20220218,20220218,133402500,13:34:10,8268,3301,13504,135803140,2,0,82280
SM207,20220218,20220218,133403000,13:34:10,8268,3301,13504,135803140,0,0,0
SM207,20220218,20220218,133410000,13:34:11,8268,3301,13504,135803140,0,0,0
SM207,20220218,20220218,133410500,13:34:12,8268,3301,13504,135803140,0,0,0
SM207,20220218,20220218,133411500,13:34:12,8268,3301,13504,135803140,0,0,0
SM207,20220218,20220218,133412000,13:34:13,8268,3301,13504,135803140,0,0,0
SM207,20220218,20220218,133412500,13:34:13,8268,3301,13504,135803140,0,0,0
SM207,20220218,20220218,133413000,13:34:13,8268,3301,13504,135803140,0,0,0
SM207,20220218,20220218,133413500,13:34:14,8268,3301,13504,135803140,0,0,0
SM207,20220218,20220218,133414000,13:34:14,8268,3301,13504,135803140,0,0,0
SM207,20220218,20220218,133415000,13:34:16,8268,3301,13504,135803140,0,0,0
SM207,20220218,20220218,133416500,13:34:17,8268,3301,13504,135803140,0,0,0
SM207,20220218,20220218,133418500,13:34:19,8268,3301,13504,135803140,0,0,0
SM207,20220218,20220218,133420000,13:34:20,8268,3301,13504,135803140,0,0,0
SM207,20220218,20220218,133420500,13:34:21,8268,3301,13504,135803140,0,0,0
SM207,20220218,20220218,133423500,13:34:24,8268,3301,13504,135803140,0,0,0
SM207,20220218,20220218,133425000,13:34:25,8268,3301,13504,135803140,0,0,0
SM207,20220218,20220218,133430000,13:34:30,8268,3301,13504,135803140,0,0,0
SM207,20220218,20220218,133431000,13:34:31,8268,3301,13504,135803140,0,0,0
SM207,20220218,20220218,133432000,13:34:32,8268,3301,13504,135803140,0,0,0
SM207,20220218,20220218,133433500,13:34:34,8268,3301,13504,135803140,0,0,0
SM207,20220218,20220218,133434000,13:34:34,8268,3301,13504,135803140,0,0,0
SM207,20220218,20220218,133434500,13:34:35,8268,3301,13504,135803140,0,0,0
SM207,20220218,20220218,133435000,13:34:35,8268,3301,13504,135803140,0,0,0
SM207,20220218,20220218,133441000,13:34:41,8268,3301,13504,135803140,0,0,0
SM207,20220218,20220218,133441500,13:34:43,8268,3301,13504,135803140,0,0,0
SM207,20220218,20220218,133442000,13:34:44,8268,3301,13504,135803140,0,0,0
SM207,20220218,20220218,133443000,13:34:45,8268,3301,13504,135803140,0,0,0
SM207,20220218,20220218,133443500,13:34:45,8268,3301,13504,135803140,0,0,0
SM207,20220218,20220218,133444000,13:34:46,8268,3301,13504,135803140,0,0,0
SM207,20220218,20220218,133449000,13:34:49,8268,3301,13504,135803140,0,0,0
SM207,20220218,20220218,133449500,13:34:49,8268,3301,13504,135803140,0,0,0
SM207,20220218,20220218,133451500,13:34:52,8268,3301,13504,135803140,0,0,0
SM207,20220218,20220218,133458000,13:34:58,8268,3301,13504,135803140,0,0,0
SM207,20220218,20220218,133501500,13:35:10,8268,3301,13504,135803140,0,0,0
SM207,20220218,20220218,133502000,13:35:10,8268,3301,13504,135803140,0,0,0
SM207,20220218,20220218,133504000,13:35:10,8268,3301,13504,135803140,0,0,0
SM207,20220218,20220218,133507500,13:35:10,8268,3301,13504,135803140,0,0,0
SM207,20220218,20220218,133512500,13:35:13,8268,3301,13504,135803140,0,0,0
SM207,20220218,20220218,133515500,13:35:16,8268,3301,13504,135803140,0,0,0
SM207,20220218,20220218,133516000,13:35:16,8268,3301,13504,135803140,0,0,0
SM207,20220218,20220218,133516500,13:35:17,8274,3311,13494,136214540,10,-10,411400
SM207,20220218,20220218,133517000,13:35:17,8274,3313,13495,136296820,2,1,82280
SM207,20220218,20220218,133518500,13:35:19,8274,3316,13495,136420240,3,0,123420
SM207,20220218,20220218,133521500,13:35:22,8274,3316,13495,136420240,0,0,0
SM207,20220218,20220218,133522000,13:35:22,8274,3316,13495,136420240,0,0,0
SM207,20220218,20220218,133522500,13:35:23,8274,3316,13495,136420240,0,0,0
SM207,20220218,20220218,133524000,13:35:25,8274,3316,13495,136420240,0,0,0
SM207,20220218,20220218,133524500,13:35:25,8274,3316,13495,136420240,0,0,0
SM207,20220218,20220218,133525000,13:35:26,8274,3316,13495,136420240,0,0,0
SM207,20220218,20220218,133525500,13:35:26,8274,3316,13495,136420240,0,0,0
SM207,20220218,20220218,133539500,13:35:43,8274,3316,13495,136420240,0,0,0
SM207,20220218,20220218,133546000,13:35:46,8274,3316,13495,136420240,0,0,0
SM207,20220218,20220218,133546500,13:35:46,8274,3316,13495,136420240,0,0,0
SM207,20220218,20220218,133547000,13:35:47,8270,3320,13495,136584800,4,0,164560
SM207,20220218,20220218,133547500,13:35:48,8270,3320,13495,136584800,0,0,0
SM207,20220218,20220218,133548000,13:35:48,8270,3320,13495,136584800,0,0,0
SM207,20220218,20220218,133548500,13:35:49,8270,3320,13495,136584800,0,0,0
SM207,20220218,20220218,133549000,13:35:49,8270,3320,13495,136584800,0,0,0
SM207,20220218,20220218,133549500,13:35:49,8270,3320,13495,136584800,0,0,0
SM207,20220218,20220218,133550500,13:35:51,8270,3320,13495,136584800,0,0,0
SM207,20220218,20220218,133551500,13:35:52,8270,3320,13495,136584800,0,0,0
SM207,20220218,20220218,133555500,13:35:56,8270,3320,13495,136584800,0,0,0
SM207,20220218,20220218,133556000,13:35:56,8270,3320,13495,136584800,0,0,0
SM207,20220218,20220218,133556500,13:35:57,8270,3320,13495,136584800,0,0,0
SM207,20220218,20220218,133610500,13:36:11,8270,3320,13495,136584800,0,0,0
SM207,20220218,20220218,133614500,13:36:14,8270,3320,13495,136584800,0,0,0
SM207,20220218,20220218,133617500,13:36:19,8270,3320,13495,136584800,0,0,0
SM207,20220218,20220218,133619000,13:36:19,8270,3320,13495,136584800,0,0,0
SM207,20220218,20220218,133620500,13:36:20,8270,3320,13495,136584800,0,0,0
SM207,20220218,20220218,133621500,13:36:22,8270,3320,13495,136584800,0,0,0
SM207,20220218,20220218,133622000,13:36:22,8270,3320,13495,136584800,0,0,0
SM207,20220218,20220218,133624500,13:36:24,8270,3320,13495,136584800,0,0,0
SM207,20220218,20220218,133628000,13:36:28,8270,3320,13495,136584800,0,0,0
SM207,20220218,20220218,133628500,13:36:29,8270,3320,13495,136584800,0,0,0
SM207,20220218,20220218,133630000,13:36:30,8270,3320,13495,136584800,0,0,0
SM207,20220218,20220218,133630500,13:36:31,8270,3320,13495,136584800,0,0,0
SM207,20220218,20220218,133643500,13:36:44,8270,3320,13495,136584800,0,0,0
SM207,20220218,20220218,133647000,13:36:47,8270,3320,13495,136584800,0,0,0
SM207,20220218,20220218,133648500,13:36:49,8270,3320,13495,136584800,0,0,0
SM207,20220218,20220218,133649000,13:36:49,8270,3320,13495,136584800,0,0,0
SM207,20220218,20220218,133657500,13:36:58,8270,3320,13495,136584800,0,0,0
SM207,20220218,20220218,133659000,13:36:59,8270,3320,13495,136584800,0,0,0
SM207,20220218,20220218,133659500,13:37:00,8270,3320,13495,136584800,0,0,0
SM207,20220218,20220218,133700000,13:37:00,8270,3320,13495,136584800,0,0,0
SM207,20220218,20220218,133709500,13:37:11,8270,3320,13495,136584800,0,0,0
SM207,20220218,20220218,133710000,13:37:11,8270,3320,13495,136584800,0,0,0
SM207,20220218,20220218,133710500,13:37:11,8270,3320,13495,136584800,0,0,0
SM207,20220218,20220218,133712000,13:37:13,8270,3320,13495,136584800,0,0,0
SM207,20220218,20220218,133712500,13:37:13,8270,3320,13495,136584800,0,0,0
SM207,20220218,20220218,133716000,13:37:16,8274,3322,13495,136667080,2,0,82280
SM207,20220218,20220218,133719000,13:37:19,8274,3322,13495,136667080,0,0,0
SM207,20220218,20220218,133719500,13:37:20,8274,3322,13495,136667080,0,0,0
SM207,20220218,20220218,133720000,13:37:21,8274,3325,13495,136790500,3,0,123420
SM207,20220218,20220218,133721000,13:37:21,8274,3325,13495,136790500,0,0,0
SM207,20220218,20220218,133724000,13:37:24,8274,3325,13495,136790500,0,0,0
SM207,20220218,20220218,133726000,13:37:26,8274,3325,13495,136790500,0,0,0
SM207,20220218,20220218,133736000,13:37:36,8274,3325,13495,136790500,0,0,0
SM207,20220218,20220218,133742000,13:37:42,8274,3325,13495,136790500,0,0,0
SM207,20220218,20220218,133742500,13:37:43,8274,3325,13495,136790500,0,0,0
SM207,20220218,20220218,133743500,13:37:44,8274,3325,13495,136790500,0,0,0
SM207,20220218,20220218,133744000,13:37:45,8274,3325,13495,136790500,0,0,0
SM207,20220218,20220218,133744500,13:37:45,8274,3325,13495,136790500,0,0,0
SM207,20220218,20220218,133745000,13:37:45,8274,3325,13495,136790500,0,0,0
SM207,20220218,20220218,133746500,13:37:47,8274,3325,13495,136790500,0,0,0
SM207,20220218,20220218,133748500,13:37:49,8274,3325,13495,136790500,0,0,0
SM207,20220218,20220218,133750500,13:37:51,8274,3325,13495,136790500,0,0,0
SM207,20220218,20220218,133752500,13:37:54,8274,3325,13495,136790500,0,0,0
SM207,20220218,20220218,133757000,13:37:57,8274,3325,13495,136790500,0,0,0
SM207,20220218,20220218,133758500,13:37:59,8274,3325,13495,136790500,0,0,0
SM207,20220218,20220218,133759500,13:38:00,8274,3325,13495,136790500,0,0,0
SM207,20220218,20220218,133802000,13:38:03,8274,3325,13495,136790500,0,0,0
SM207,20220218,20220218,133812500,13:38:14,8274,3325,13495,136790500,0,0,0
SM207,20220218,20220218,133814000,13:38:17,8276,3326,13495,136831640,1,0,41140
SM207,20220218,20220218,133819500,13:38:19,8276,3326,13495,136831640,0,0,0
SM207,20220218,20220218,133820000,13:38:22,8276,3326,13495,136831640,0,0,0
SM207,20220218,20220218,133824500,13:38:41,8276,3326,13495,136831640,0,0,0
SM207,20220218,20220218,133825500,13:38:42,8276,3326,13495,136831640,0,0,0
SM207,20220218,20220218,133840000,13:38:42,8276,3326,13495,136831640,0,0,0
SM207,20220218,20220218,133906000,13:39:06,8276,3326,13495,136831640,0,0,0
SM207,20220218,20220218,133914000,13:39:15,8276,3326,13495,136831640,0,0,0
SM207,20220218,20220218,133914500,13:39:18,8276,3326,13495,136831640,0,0,0
SM207,20220218,20220218,133918000,13:39:19,8276,3326,13495,136831640,0,0,0
SM207,20220218,20220218,133919000,13:39:19,8276,3326,13495,136831640,0,0,0
SM207,20220218,20220218,133920000,13:39:20,8276,3326,13495,136831640,0,0,0
SM207,20220218,20220218,133921500,13:39:21,8276,3326,13495,136831640,0,0,0
SM207,20220218,20220218,133922500,13:39:23,8276,3326,13495,136831640,0,0,0
SM207,20220218,20220218,133924000,13:39:24,8276,3326,13495,136831640,0,0,0
SM207,20220218,20220218,133932500,13:39:33,8276,3326,13495,136831640,0,0,0
SM207,20220218,20220218,133934500,13:39:34,8276,3326,13495,136831640,0,0,0
SM207,20220218,20220218,133940500,13:39:41,8276,3326,13495,136831640,0,0,0
SM207,20220218,20220218,133941000,13:39:41,8276,3326,13495,136831640,0,0,0
SM207,20220218,20220218,133943500,13:39:43,8264,3329,13495,136955060,3,0,123420
SM207,20220218,20220218,133944500,13:39:45,8262,3351,13495,137860140,22,0,905080
SM207,20220218,20220218,133945000,13:39:45,8262,3351,13495,137860140,0,0,0
SM207,20220218,20220218,133945500,13:39:46,8260,3353,13497,137942420,2,2,82280
SM207,20220218,20220218,133946000,13:39:47,8260,3353,13497,137942420,0,0,0
SM207,20220218,20220218,133950500,13:39:50,8260,3353,13497,137942420,0,0,0
SM207,20220218,20220218,133953000,13:39:54,8260,3353,13497,137942420,0,0,0
SM207,20220218,20220218,133955000,13:39:55,8260,3353,13497,137942420,0,0,0
SM207,20220218,20220218,133955500,13:39:56,8262,3354,13497,137983560,1,0,41140
SM207,20220218,20220218,133956000,13:39:56,8262,3354,13497,137983560,0,0,0
SM207,20220218,20220218,133956500,13:39:57,8262,3354,13497,137983560,0,0,0
SM207,20220218,20220218,134009500,13:40:13,8262,3354,13497,137983560,0,0,0
SM207,20220218,20220218,134013000,13:40:13,8262,3354,13497,137983560,0,0,0
SM207,20220218,20220218,134013500,13:40:14,8262,3354,13497,137983560,0,0,0
SM207,20220218,20220218,134015500,13:40:16,8262,3354,13497,137983560,0,0,0
SM207,20220218,20220218,134019000,13:40:19,8262,3354,13497,137983560,0,0,0
SM207,20220218,20220218,134020500,13:40:21,8266,3364,13500,138394960,10,3,411400
SM207,20220218,20220218,134021500,13:40:22,8266,3364,13500,138394960,0,0,0
SM207,20220218,20220218,134023000,13:40:23,8266,3364,13500,138394960,0,0,0
SM207,20220218,20220218,134023500,13:40:24,8266,3364,13500,138394960,0,0,0
SM207,20220218,20220218,134024000,13:40:24,8266,3364,13500,138394960,0,0,0
SM207,20220218,20220218,134025500,13:40:26,8266,3364,13500,138394960,0,0,0
SM207,20220218,20220218,134028000,13:40:28,8266,3364,13500,138394960,0,0,0
SM207,20220218,20220218,134030500,13:40:31,8266,3364,13500,138394960,0,0,0
SM207,20220218,20220218,134031500,13:40:32,8266,3364,13500,138394960,0,0,0
SM207,20220218,20220218,134032000,13:40:32,8266,3364,13500,138394960,0,0,0
SM207,20220218,20220218,134032500,13:40:32,8266,3364,13500,138394960,0,0,0
SM207,20220218,20220218,134033000,13:40:33,8268,3365,13501,138436100,1,1,41140
SM207,20220218,20220218,134033500,13:40:34,8268,3365,13501,138436100,0,0,0
SM207,20220218,20220218,134034000,13:40:35,8268,3365,13501,138436100,0,0,0
SM207,20220218,20220218,134035000,13:40:35,8268,3365,13501,138436100,0,0,0
SM207,20220218,20220218,134035500,13:40:36,8268,3365,13501,138436100,0,0,0
SM207,20220218,20220218,134037000,13:40:37,8268,3365,13501,138436100,0,0,0
SM207,20220218,20220218,134037500,13:40:37,8268,3365,13501,138436100,0,0,0
SM207,20220218,20220218,134041500,13:40:42,8268,3365,13501,138436100,0,0,0
SM207,20220218,20220218,134042500,13:40:43,8268,3365,13501,138436100,0,0,0
SM207,20220218,20220218,134043000,13:40:44,8268,3365,13501,138436100,0,0,0
SM207,20220218,20220218,134044500,13:40:44,8268,3365,13501,138436100,0,0,0
SM207,20220218,20220218,134047000,13:40:47,8268,3365,13501,138436100,0,0,0
SM207,20220218,20220218,134047500,13:40:47,8268,3365,13501,138436100,0,0,0
SM207,20220218,20220218,134049000,13:40:49,8268,3365,13501,138436100,0,0,0
SM207,20220218,20220218,134049500,13:40:49,8268,3365,13501,138436100,0,0,0
SM207,20220218,20220218,134050000,13:40:50,8268,3365,13501,138436100,0,0,0
SM207,20220218,20220218,134050500,13:40:50,8268,3365,13501,138436100,0,0,0
SM207,20220218,20220218,134051500,13:40:55,8268,3365,13501,138436100,0,0,0
SM207,20220218,20220218,134054500,13:40:55,8268,3365,13501,138436100,0,0,0
SM207,20220218,20220218,134056000,13:40:58,8268,3365,13501,138436100,0,0,0
SM207,20220218,20220218,134107500,13:41:09,8268,3365,13501,138436100,0,0,0
SM207,20220218,20220218,134109000,13:41:10,8268,3365,13501,138436100,0,0,0
SM207,20220218,20220218,134109500,13:41:10,8268,3365,13501,138436100,0,0,0
SM207,20220218,20220218,134110000,13:41:10,8268,3365,13501,138436100,0,0,0
SM207,20220218,20220218,134113000,13:41:13,8268,3365,13501,138436100,0,0,0
SM207,20220218,20220218,134114000,13:41:15,8268,3365,13501,138436100,0,0,0
SM207,20220218,20220218,134118500,13:41:19,8268,3365,13501,138436100,0,0,0
SM207,20220218,20220218,134119500,13:41:20,8268,3365,13501,138436100,0,0,0
SM207,20220218,20220218,134120000,13:41:22,8268,3365,13501,138436100,0,0,0
SM207,20220218,20220218,134121500,13:41:24,8268,3365,13501,138436100,0,0,0
SM207,20220218,20220218,134130500,13:41:31,8268,3365,13501,138436100,0,0,0
SM207,20220218,20220218,134131000,13:41:31,8272,3368,13504,138559520,3,3,123420
SM207,20220218,20220218,134131500,13:41:32,8272,3368,13504,138559520,0,0,0
SM207,20220218,20220218,134132000,13:41:33,8272,3368,13504,138559520,0,0,0
SM207,20220218,20220218,134132500,13:41:33,8272,3368,13504,138559520,0,0,0
SM207,20220218,20220218,134133000,13:41:33,8272,3369,13504,138600660,1,0,41140
SM207,20220218,20220218,134133500,13:41:34,8272,3369,13504,138600660,0,0,0
SM207,20220218,20220218,134134000,13:41:34,8272,3369,13504,138600660,0,0,0
SM207,20220218,20220218,134134500,13:41:34,8272,3369,13504,138600660,0,0,0
SM207,20220218,20220218,134135000,13:41:35,8272,3369,13504,138600660,0,0,0
SM207,20220218,20220218,134135500,13:41:39,8272,3369,13504,138600660,0,0,0
SM207,20220218,20220218,134142000,13:41:42,8272,3369,13504,138600660,0,0,0
SM207,20220218,20220218,134144000,13:41:44,8272,3369,13504,138600660,0,0,0
SM207,20220218,20220218,134150000,13:41:50,8272,3369,13504,138600660,0,0,0
SM207,20220218,20220218,134153000,13:41:54,8272,3369,13504,138600660,0,0,0
SM207,20220218,20220218,134202000,13:42:10,8272,3369,13504,138600660,0,0,0
SM207,20220218,20220218,134204000,13:42:12,8272,3369,13504,138600660,0,0,0
SM207,20220218,20220218,134213500,13:42:14,8272,3369,13504,138600660,0,0,0
SM207,20220218,20220218,134214000,13:42:14,8272,3369,13504,138600660,0,0,0
SM207,20220218,20220218,134221000,13:42:21,8272,3369,13504,138600660,0,0,0
SM207,20220218,20220218,134226000,13:42:27,8272,3369,13504,138600660,0,0,0
SM207,20220218,20220218,134226500,13:42:28,8272,3369,13504,138600660,0,0,0
SM207,20220218,20220218,134257000,13:42:59,8264,3370,13504,138641800,1,0,41140
SM207,20220218,20220218,134258000,13:42:59,8264,3370,13504,138641800,0,0,0
SM207,20220218,20220218,134300000,13:43:02,8264,3370,13504,138641800,0,0,0
SM207,20220218,20220218,134310500,13:43:12,8264,3370,13504,138641800,0,0,0
SM207,20220218,20220218,134314000,13:43:14,8264,3370,13504,138641800,0,0,0
SM207,20220218,20220218,134314500,13:43:15,8264,3370,13504,138641800,0,0,0
SM207,20220218,20220218,134315000,13:43:15,8264,3370,13504,138641800,0,0,0
SM207,20220218,20220218,134318500,13:43:18,8264,3370,13504,138641800,0,0,0
SM207,20220218,20220218,134319000,13:43:19,8264,3370,13504,138641800,0,0,0
SM207,20220218,20220218,134319500,13:43:20,8264,3370,13504,138641800,0,0,0
SM207,20220218,20220218,134321500,13:43:21,8264,3370,13504,138641800,0,0,0
SM207,20220218,20220218,134323500,13:43:24,8264,3370,13504,138641800,0,0,0
SM207,20220218,20220218,134324000,13:43:24,8264,3370,13504,138641800,0,0,0
SM207,20220218,20220218,134326500,13:43:27,8264,3370,13504,138641800,0,0,0
SM207,20220218,20220218,134327000,13:43:27,8264,3370,13504,138641800,0,0,0
SM207,20220218,20220218,134329500,13:43:30,8264,3370,13504,138641800,0,0,0
SM207,20220218,20220218,134330000,13:43:30,8264,3370,13504,138641800,0,0,0
SM207,20220218,20220218,134340000,13:43:57,8264,3370,13504,138641800,0,0,0
SM207,20220218,20220218,134346000,13:44:04,8264,3370,13504,138641800,0,0,0
SM207,20220218,20220218,134356000,13:44:04,8264,3370,13504,138641800,0,0,0
SM207,20220218,20220218,134416000,13:44:17,8264,3370,13504,138641800,0,0,0
SM207,20220218,20220218,134418000,13:44:18,8264,3370,13504,138641800,0,0,0
SM207,20220218,20220218,134422500,13:44:23,8264,3370,13504,138641800,0,0,0
SM207,20220218,20220218,134425000,13:44:25,8264,3370,13504,138641800,0,0,0
SM207,20220218,20220218,134429000,13:44:31,8264,3370,13504,138641800,0,0,0
SM207,20220218,20220218,134444000,13:44:44,8264,3370,13504,138641800,0,0,0
SM207,20220218,20220218,134449000,13:44:50,8264,3370,13504,138641800,0,0,0
SM207,20220218,20220218,134449500,13:44:50,8264,3370,13504,138641800,0,0,0
SM207,20220218,20220218,134450000,13:44:50,8264,3370,13504,138641800,0,0,0
SM207,20220218,20220218,134451500,13:44:53,8264,3370,13504,138641800,0,0,0
SM207,20220218,20220218,134452000,13:44:53,8264,3370,13504,138641800,0,0,0
SM207,20220218,20220218,134453500,13:44:54,8264,3370,13504,138641800,0,0,0
SM207,20220218,20220218,134457500,13:44:57,8264,3370,13504,138641800,0,0,0
SM207,20220218,20220218,134500000,13:45:00,8264,3370,13504,138641800,0,0,0
SM207,20220218,20220218,134500500,13:45:01,8264,3370,13504,138641800,0,0,0
SM207,20220218,20220218,134503000,13:45:03,8264,3370,13504,138641800,0,0,0
SM207,20220218,20220218,134504500,13:45:09,8264,3370,13504,138641800,0,0,0
SM207,20220218,20220218,134507500,13:45:09,8264,3370,13504,138641800,0,0,0
SM207,20220218,20220218,134510500,13:45:11,8264,3370,13504,138641800,0,0,0
SM207,20220218,20220218,134511000,13:45:11,8264,3370,13504,138641800,0,0,0
SM207,20220218,20220218,134511500,13:45:11,8264,3370,13504,138641800,0,0,0
SM207,20220218,20220218,134512000,13:45:13,8264,3370,13504,138641800,0,0,0
SM207,20220218,20220218,134512500,13:45:13,8264,3370,13504,138641800,0,0,0
SM207,20220218,20220218,134513000,13:45:14,8264,3370,13504,138641800,0,0,0
SM207,20220218,20220218,134513500,13:45:15,8264,3370,13504,138641800,0,0,0
SM207,20220218,20220218,134514000,13:45:15,8264,3370,13504,138641800,0,0,0
SM207,20220218,20220218,134514500,13:45:16,8264,3370,13504,138641800,0,0,0
SM207,20220218,20220218,134515000,13:45:17,8264,3370,13504,138641800,0,0,0
SM207,20220218,20220218,134515500,13:45:17,8264,3370,13504,138641800,0,0,0
SM207,20220218,20220218,134516000,13:45:17,8264,3370,13504,138641800,0,0,0
SM207,20220218,20220218,134516500,13:45:17,8264,3370,13504,138641800,0,0,0
SM207,20220218,20220218,134517000,13:45:20,8264,3370,13504,138641800,0,0,0
SM207,20220218,20220218,134520500,13:45:23,8264,3370,13504,138641800,0,0,0
SM207,20220218,20220218,134521000,13:45:23,8264,3370,13504,138641800,0,0,0
SM207,20220218,20220218,134522000,13:45:24,8264,3370,13504,138641800,0,0,0
SM207,20220218,20220218,134523500,13:45:24,8264,3370,13504,138641800,0,0,0
SM207,20220218,20220218,134524000,13:45:24,8264,3370,13504,138641800,0,0,0
SM207,20220218,20220218,134524500,13:45:26,8264,3370,13504,138641800,0,0,0
SM207,20220218,20220218,134525000,13:45:27,8264,3370,13504,138641800,0,0,0
SM207,20220218,20220218,134527000,13:45:30,8264,3370,13504,138641800,0,0,0
SM207,20220218,20220218,134529500,13:45:30,8264,3370,13504,138641800,0,0,0
SM207,20220218,20220218,134532000,13:45:33,8264,3370,13504,138641800,0,0,0
SM207,20220218,20220218,134532500,13:45:33,8264,3370,13504,138641800,0,0,0
SM207,20220218,20220218,134533000,13:45:33,8264,3370,13504,138641800,0,0,0
SM207,20220218,20220218,134533500,13:45:35,8264,3370,13504,138641800,0,0,0
SM207,20220218,20220218,134534500,13:45:35,8264,3370,13504,138641800,0,0,0
SM207,20220218,20220218,134535000,13:45:35,8264,3370,13504,138641800,0,0,0
SM207,20220218,20220218,134535500,13:45:36,8264,3370,13504,138641800,0,0,0
SM207,20220218,20220218,134536000,13:45:37,8264,3370,13504,138641800,0,0,0
SM207,20220218,20220218,134540000,13:45:40,8264,3370,13504,138641800,0,0,0
SM207,20220218,20220218,134540500,13:45:41,8264,3370,13504,138641800,0,0,0
SM207,20220218,20220218,134541000,13:45:41,8264,3370,13504,138641800,0,0,0
SM207,20220218,20220218,134541500,13:45:45,8264,3370,13504,138641800,0,0,0
SM207,20220218,20220218,134542000,13:45:45,8264,3370,13504,138641800,0,0,0
SM207,20220218,20220218,134542500,13:45:46,8264,3370,13504,138641800,0,0,0
SM207,20220218,20220218,134543000,13:45:46,8264,3370,13504,138641800,0,0,0
SM207,20220218,20220218,134544500,13:45:46,8264,3370,13504,138641800,0,0,0
SM207,20220218,20220218,134549000,13:45:49,8264,3370,13504,138641800,0,0,0
SM207,20220218,20220218,134559000,13:46:01,8264,3370,13504,138641800,0,0,0
SM207,20220218,20220218,134600500,13:46:01,8264,3370,13504,138641800,0,0,0
SM207,20220218,20220218,134601500,13:46:02,8264,3370,13504,138641800,0,0,0
SM207,20220218,20220218,134602000,13:46:03,8264,3370,13504,138641800,0,0,0
SM207,20220218,20220218,134602500,13:46:04,8264,3370,13504,138641800,0,0,0
SM207,20220218,20220218,134603000,13:46:04,8264,3370,13504,138641800,0,0,0
SM207,20220218,20220218,134603500,13:46:04,8264,3370,13504,138641800,0,0,0
SM207,20220218,20220218,134604000,13:46:05,8278,3373,13503,138765220,3,-1,123420
SM207,20220218,20220218,134604500,13:46:05,8278,3373,13503,138765220,0,0,0
SM207,20220218,20220218,134607500,13:46:08,8278,3373,13503,138765220,0,0,0
SM207,20220218,20220218,134610000,13:46:11,8278,3373,13503,138765220,0,0,0
SM207,20220218,20220218,134610500,13:46:11,8278,3373,13503,138765220,0,0,0
SM207,20220218,20220218,134611000,13:46:11,8278,3373,13503,138765220,0,0,0
SM207,20220218,20220218,134611500,13:46:11,8278,3373,13503,138765220,0,0,0
SM207,20220218,20220218,134613500,13:46:14,8278,3373,13503,138765220,0,0,0
SM207,20220218,20220218,134617000,13:46:18,8278,3373,13503,138765220,0,0,0
SM207,20220218,20220218,134620000,13:46:20,8278,3373,13503,138765220,0,0,0
SM207,20220218,20220218,134623000,13:46:30,8278,3373,13503,138765220,0,0,0
SM207,20220218,20220218,134630000,13:46:31,8278,3373,13503,138765220,0,0,0
SM207,20220218,20220218,134630500,13:46:31,8278,3373,13503,138765220,0,0,0
SM207,20220218,20220218,134633500,13:46:33,8278,3373,13503,138765220,0,0,0
SM207,20220218,20220218,134634000,13:46:34,8278,3373,13503,138765220,0,0,0
SM207,20220218,20220218,134634500,13:46:35,8278,3373,13503,138765220,0,0,0
SM207,20220218,20220218,134635000,13:46:35,8278,3373,13503,138765220,0,0,0
SM207,20220218,20220218,134636000,13:46:37,8278,3373,13503,138765220,0,0,0
SM207,20220218,20220218,134636500,13:46:37,8278,3373,13503,138765220,0,0,0
SM207,20220218,20220218,134639000,13:46:39,8278,3373,13503,138765220,0,0,0
SM207,20220218,20220218,134642500,13:46:43,8278,3373,13503,138765220,0,0,0
SM207,20220218,20220218,134651500,13:46:51,8278,3373,13503,138765220,0,0,0
SM207,20220218,20220218,134652000,13:46:52,8278,3373,13503,138765220,0,0,0
SM207,20220218,20220218,134652500,13:46:54,8278,3373,13503,138765220,0,0,0
SM207,20220218,20220218,134700500,13:47:00,8278,3373,13503,138765220,0,0,0
SM207,20220218,20220218,134701500,13:47:02,8278,3373,13503,138765220,0,0,0
SM207,20220218,20220218,134702000,13:47:02,8278,3373,13503,138765220,0,0,0
SM207,20220218,20220218,134707500,13:47:11,8278,3373,13503,138765220,0,0,0
SM207,20220218,20220218,134710500,13:47:12,8278,3373,13503,138765220,0,0,0
SM207,20220218,20220218,134711500,13:47:16,8278,3373,13503,138765220,0,0,0
SM207,20220218,20220218,134720000,13:47:20,8278,3373,13503,138765220,0,0,0
SM207,20220218,20220218,134726500,13:47:27,8278,3373,13503,138765220,0,0,0
SM207,20220218,20220218,134727000,13:47:27,8278,3373,13503,138765220,0,0,0
SM207,20220218,20220218,134727500,13:47:28,8278,3373,13503,138765220,0,0,0
SM207,20220218,20220218,134728500,13:47:28,8278,3373,13503,138765220,0,0,0
SM207,20220218,20220218,134729000,13:47:29,8278,3373,13503,138765220,0,0,0
SM207,20220218,20220218,134730000,13:47:30,8278,3373,13503,138765220,0,0,0
SM207,20220218,20220218,134731500,13:47:31,8278,3373,13503,138765220,0,0,0
SM207,20220218,20220218,134732000,13:47:32,8278,3373,13503,138765220,0,0,0
SM207,20220218,20220218,134746000,13:47:47,8278,3373,13503,138765220,0,0,0
SM207,20220218,20220218,134801500,13:48:01,8278,3373,13503,138765220,0,0,0
SM207,20220218,20220218,134804000,13:48:04,8278,3373,13503,138765220,0,0,0
SM207,20220218,20220218,134805500,13:48:05,8278,3373,13503,138765220,0,0,0
SM207,20220218,20220218,134806500,13:48:06,8278,3373,13503,138765220,0,0,0
SM207,20220218,20220218,134808500,13:48:09,8278,3373,13503,138765220,0,0,0
SM207,20220218,20220218,134813500,13:48:13,8278,3373,13503,138765220,0,0,0
SM207,20220218,20220218,134817000,13:48:18,8278,3373,13503,138765220,0,0,0
SM207,20220218,20220218,134817500,13:48:19,8278,3373,13503,138765220,0,0,0
SM207,20220218,20220218,134818000,13:48:19,8278,3373,13503,138765220,0,0,0
SM207,20220218,20220218,134818500,13:48:20,8278,3373,13503,138765220,0,0,0
SM207,20220218,20220218,134823500,13:48:24,8278,3373,13503,138765220,0,0,0
SM207,20220218,20220218,134824000,13:48:24,8278,3373,13503,138765220,0,0,0
SM207,20220218,20220218,134832000,13:48:32,8278,3373,13503,138765220,0,0,0
SM207,20220218,20220218,134835000,13:48:36,8278,3373,13503,138765220,0,0,0
SM207,20220218,20220218,134835500,13:48:37,8278,3373,13503,138765220,0,0,0
SM207,20220218,20220218,134839500,13:48:39,8278,3373,13503,138765220,0,0,0
SM207,20220218,20220218,134845000,13:48:45,8278,3373,13503,138765220,0,0,0
SM207,20220218,20220218,134845500,13:48:45,8278,3373,13503,138765220,0,0,0
SM207,20220218,20220218,134846000,13:48:46,8278,3373,13503,138765220,0,0,0
SM207,20220218,20220218,134846500,13:48:46,8278,3373,13503,138765220,0,0,0
SM207,20220218,20220218,134852000,13:48:52,8278,3373,13503,138765220,0,0,0
SM207,20220218,20220218,134852500,13:48:52,8278,3373,13503,138765220,0,0,0
SM207,20220218,20220218,134857000,13:48:57,8278,3373,13503,138765220,0,0,0
SM207,20220218,20220218,134857500,13:48:57,8278,3373,13503,138765220,0,0,0
SM207,20220218,20220218,134906500,13:49:06,8278,3373,13503,138765220,0,0,0
SM207,20220218,20220218,134941000,13:49:41,8278,3373,13503,138765220,0,0,0
SM207,20220218,20220218,134948500,13:49:48,8278,3373,13503,138765220,0,0,0
SM207,20220218,20220218,134949000,13:49:49,8274,3375,13502,138847500,2,-1,82280
SM207,20220218,20220218,134949500,13:49:50,8274,3375,13502,138847500,0,0,0
SM207,20220218,20220218,134950500,13:49:51,8274,3376,13503,138888640,1,1,41140
SM207,20220218,20220218,134951000,13:49:51,8274,3376,13503,138888640,0,0,0
SM207,20220218,20220218,134952000,13:49:52,8274,3376,13503,138888640,0,0,0
SM207,20220218,20220218,134954000,13:49:55,8274,3376,13503,138888640,0,0,0
SM207,20220218,20220218,134954500,13:49:55,8274,3376,13503,138888640,0,0,0
SM207,20220218,20220218,134955000,13:49:55,8274,3376,13503,138888640,0,0,0
SM207,20220218,20220218,135001500,13:50:02,8274,3376,13503,138888640,0,0,0
SM207,20220218,20220218,135005000,13:50:05,8274,3376,13503,138888640,0,0,0
SM207,20220218,20220218,135005500,13:50:06,8274,3376,13503,138888640,0,0,0
SM207,20220218,20220218,135006000,13:50:06,8274,3376,13503,138888640,0,0,0
SM207,20220218,20220218,135009000,13:50:26,8274,3376,13503,138888640,0,0,0
SM207,20220218,20220218,135024000,13:50:26,8274,3376,13503,138888640,0,0,0
SM207,20220218,20220218,135034500,13:50:37,8274,3376,13503,138888640,0,0,0
SM207,20220218,20220218,135043500,13:50:45,8274,3376,13503,138888640,0,0,0
SM207,20220218,20220218,135044500,13:50:45,8274,3376,13503,138888640,0,0,0
SM207,20220218,20220218,135047500,13:50:48,8274,3376,13503,138888640,0,0,0
SM207,20220218,20220218,135050500,13:50:51,8274,3376,13503,138888640,0,0,0
SM207,20220218,20220218,135057500,13:50:58,8274,3376,13503,138888640,0,0,0
SM207,20220218,20220218,135058500,13:50:59,8274,3376,13503,138888640,0,0,0
SM207,20220218,20220218,135059500,13:51:00,8274,3376,13503,138888640,0,0,0
SM207,20220218,20220218,135100000,13:51:00,8274,3376,13503,138888640,0,0,0
SM207,20220218,20220218,135102500,13:51:02,8274,3376,13503,138888640,0,0,0
SM207,20220218,20220218,135103000,13:51:03,8274,3376,13503,138888640,0,0,0
SM207,20220218,20220218,135105500,13:51:06,8274,3376,13503,138888640,0,0,0
SM207,20220218,20220218,135107000,13:51:20,8274,3376,13503,138888640,0,0,0
SM207,20220218,20220218,135111500,13:51:21,8274,3376,13503,138888640,0,0,0
SM207,20220218,20220218,135123000,13:51:23,8274,3376,13503,138888640,0,0,0
SM207,20220218,20220218,135126500,13:51:27,8274,3376,13503,138888640,0,0,0
SM207,20220218,20220218,135142000,13:51:42,8274,3376,13503,138888640,0,0,0
SM207,20220218,20220218,135158000,13:51:58,8274,3376,13503,138888640,0,0,0
SM207,20220218,20220218,135203500,13:52:04,8274,3376,13503,138888640,0,0,0
SM207,20220218,20220218,135207500,13:52:10,8274,3376,13503,138888640,0,0,0
SM207,20220218,20220218,135209000,13:52:10,8274,3376,13503,138888640,0,0,0
SM207,20220218,20220218,135209500,13:52:11,8274,3376,13503,138888640,0,0,0
SM207,20220218,20220218,135211500,13:52:12,8274,3376,13503,138888640,0,0,0
SM207,20220218,20220218,135212000,13:52:12,8274,3376,13503,138888640,0,0,0
SM207,20220218,20220218,135220500,13:52:24,8274,3376,13503,138888640,0,0,0
SM207,20220218,20220218,135226500,13:52:27,8274,3376,13503,138888640,0,0,0
SM207,20220218,20220218,135227000,13:52:27,8274,3376,13503,138888640,0,0,0
SM207,20220218,20220218,135227500,13:52:27,8274,3376,13503,138888640,0,0,0
SM207,20220218,20220218,135229000,13:52:29,8274,3376,13503,138888640,0,0,0
SM207,20220218,20220218,135230000,13:52:31,8274,3376,13503,138888640,0,0,0
SM207,20220218,20220218,135239500,13:52:45,8274,3376,13503,138888640,0,0,0
SM207,20220218,20220218,135256000,13:52:56,8274,3376,13503,138888640,0,0,0
SM207,20220218,20220218,135256500,13:52:57,8274,3376,13503,138888640,0,0,0
SM207,20220218,20220218,135258000,13:52:58,8274,3377,13502,138929780,1,-1,41140
SM207,20220218,20220218,135302000,13:53:02,8274,3377,13502,138929780,0,0,0
SM207,20220218,20220218,135308500,13:53:09,8274,3377,13502,138929780,0,0,0
SM207,20220218,20220218,135309000,13:53:09,8274,3377,13502,138929780,0,0,0
SM207,20220218,20220218,135309500,13:53:09,8274,3377,13502,138929780,0,0,0
SM207,20220218,20220218,135316000,13:53:16,8276,3379,13500,139012060,2,-2,82280
SM207,20220218,20220218,135316500,13:53:20,8276,3379,13500,139012060,0,0,0
SM207,20220218,20220218,135318500,13:53:20,8276,3379,13500,139012060,0,0,0
SM207,20220218,20220218,135323000,13:53:23,8276,3379,13500,139012060,0,0,0
SM207,20220218,20220218,135334000,13:53:35,8276,3379,13500,139012060,0,0,0
SM207,20220218,20220218,135335500,13:53:36,8276,3379,13500,139012060,0,0,0
SM207,20220218,20220218,135336000,13:53:44,8276,3379,13500,139012060,0,0,0
SM207,20220218,20220218,135336500,13:53:44,8276,3379,13500,139012060,0,0,0
SM207,20220218,20220218,135343000,13:53:45,8276,3379,13500,139012060,0,0,0
SM207,20220218,20220218,135350500,13:53:52,8276,3379,13500,139012060,0,0,0
SM207,20220218,20220218,135351500,13:53:53,8276,3379,13500,139012060,0,0,0
SM207,20220218,20220218,135352000,13:53:53,8276,3379,13500,139012060,0,0,0
SM207,20220218,20220218,135407000,13:54:09,8276,3379,13500,139012060,0,0,0
SM207,20220218,20220218,135408000,13:54:09,8276,3379,13500,139012060,0,0,0
SM207,20220218,20220218,135411500,13:54:12,8276,3379,13500,139012060,0,0,0
SM207,20220218,20220218,135417000,13:54:18,8276,3379,13500,139012060,0,0,0
SM207,20220218,20220218,135417500,13:54:18,8276,3379,13500,139012060,0,0,0
SM207,20220218,20220218,135422500,13:54:22,8276,3379,13500,139012060,0,0,0
SM207,20220218,20220218,135423000,13:54:23,8276,3379,13500,139012060,0,0,0
SM207,20220218,20220218,135423500,13:54:23,8276,3379,13500,139012060,0,0,0
SM207,20220218,20220218,135424000,13:54:24,8276,3379,13500,139012060,0,0,0
SM207,20220218,20220218,135425500,13:54:26,8276,3379,13500,139012060,0,0,0
SM207,20220218,20220218,135436000,13:54:36,8276,3379,13500,139012060,0,0,0
SM207,20220218,20220218,135436500,13:54:37,8276,3379,13500,139012060,0,0,0
SM207,20220218,20220218,135437000,13:54:37,8276,3379,13500,139012060,0,0,0
SM207,20220218,20220218,135438000,13:54:38,8276,3379,13500,139012060,0,0,0
SM207,20220218,20220218,135438500,13:54:39,8276,3379,13500,139012060,0,0,0
SM207,20220218,20220218,135439000,13:54:39,8276,3379,13500,139012060,0,0,0
SM207,20220218,20220218,135439500,13:54:40,8276,3379,13500,139012060,0,0,0
SM207,20220218,20220218,135440500,13:54:41,8276,3379,13500,139012060,0,0,0
SM207,20220218,20220218,135444500,13:54:45,8276,3379,13500,139012060,0,0,0
SM207,20220218,20220218,135501000,13:55:01,8276,3379,13500,139012060,0,0,0
SM207,20220218,20220218,135501500,13:55:02,8276,3379,13500,139012060,0,0,0
SM207,20220218,20220218,135506500,13:55:06,8276,3379,13500,139012060,0,0,0
SM207,20220218,20220218,135510500,13:55:12,8276,3379,13500,139012060,0,0,0
SM207,20220218,20220218,135513500,13:55:15,8276,3379,13500,139012060,0,0,0
SM207,20220218,20220218,135514000,13:55:15,8276,3379,13500,139012060,0,0,0
SM207,20220218,20220218,135515000,13:55:16,8276,3379,13500,139012060,0,0,0
SM207,20220218,20220218,135515500,13:55:16,8276,3379,13500,139012060,0,0,0
SM207,20220218,20220218,135520500,13:55:25,8276,3379,13500,139012060,0,0,0
SM207,20220218,20220218,135552000,13:55:52,8276,3379,13500,139012060,0,0,0
SM207,20220218,20220218,135552500,13:55:52,8276,3379,13500,139012060,0,0,0
SM207,20220218,20220218,135554000,13:55:54,8276,3379,13500,139012060,0,0,0
SM207,20220218,20220218,135554500,13:55:54,8276,3379,13500,139012060,0,0,0
SM207,20220218,20220218,135555000,13:55:55,8276,3379,13500,139012060,0,0,0
SM207,20220218,20220218,135559000,13:55:59,8276,3379,13500,139012060,0,0,0
SM207,20220218,20220218,135600500,13:56:02,8276,3379,13500,139012060,0,0,0
SM207,20220218,20220218,135601000,13:56:03,8276,3379,13500,139012060,0,0,0
SM207,20220218,20220218,135606500,13:56:23,8276,3379,13500,139012060,0,0,0
SM207,20220218,20220218,135637500,13:56:39,8276,3379,13500,139012060,0,0,0
SM207,20220218,20220218,135639000,13:56:39,8276,3379,13500,139012060,0,0,0
SM207,20220218,20220218,135644500,13:56:47,8276,3379,13500,139012060,0,0,0
SM207,20220218,20220218,135645000,13:56:47,8276,3379,13500,139012060,0,0,0
SM207,20220218,20220218,135649000,13:56:50,8276,3379,13500,139012060,0,0,0
SM207,20220218,20220218,135649500,13:56:50,8276,3379,13500,139012060,0,0,0
SM207,20220218,20220218,135654000,13:56:54,8276,3379,13500,139012060,0,0,0
SM207,20220218,20220218,135654500,13:56:55,8276,3379,13500,139012060,0,0,0
SM207,20220218,20220218,135700500,13:57:01,8276,3379,13500,139012060,0,0,0
SM207,20220218,20220218,135701000,13:57:02,8276,3379,13500,139012060,0,0,0
SM207,20220218,20220218,135701500,13:57:02,8276,3379,13500,139012060,0,0,0
SM207,20220218,20220218,135702000,13:57:02,8276,3379,13500,139012060,0,0,0
SM207,20220218,20220218,135702500,13:57:03,8272,3381,13501,139094340,2,1,82280
SM207,20220218,20220218,135703000,13:57:03,8272,3381,13501,139094340,0,0,0
SM207,20220218,20220218,135703500,13:57:04,8272,3381,13501,139094340,0,0,0
SM207,20220218,20220218,135704000,13:57:04,8272,3381,13501,139094340,0,0,0
SM207,20220218,20220218,135705000,13:57:05,8272,3381,13501,139094340,0,0,0
SM207,20220218,20220218,135705500,13:57:05,8272,3381,13501,139094340,0,0,0
