TA202,20220218,20220218,112001000,11:20:08,5316,130,5625,3458000,130,100,3458000
TA202,20220218,20220218,112016000,11:20:16,5316,130,5625,3458000,0,0,0
TA202,20220218,20220218,112018500,11:20:18,5316,130,5625,3458000,0,0,0
TA202,20220218,20220218,112019000,11:20:19,5316,130,5625,3458000,0,0,0
TA202,20220218,20220218,112019500,11:20:20,5316,130,5625,3458000,0,0,0
TA202,20220218,20220218,112020000,11:20:20,5316,130,5625,3458000,0,0,0
TA202,20220218,20220218,112030500,11:20:31,5316,130,5625,3458000,0,0,0
TA202,20220218,20220218,112031000,11:20:32,5316,130,5625,3458000,0,0,0
TA202,20220218,20220218,112031500,11:20:32,5316,130,5625,3458000,0,0,0
TA202,20220218,20220218,112032500,11:20:32,5316,130,5625,3458000,0,0,0
TA202,20220218,20220218,112033000,11:20:33,5316,130,5625,3458000,0,0,0
TA202,20220218,20220218,112033500,11:20:33,5316,130,5625,3458000,0,0,0
TA202,20220218,20220218,112034000,11:20:34,5316,130,5625,3458000,0,0,0
TA202,20220218,20220218,112034500,11:20:34,5316,130,5625,3458000,0,0,0
TA202,20220218,20220218,112035000,11:20:35,5316,130,5625,3458000,0,0,0
TA202,20220218,20220218,112037500,11:20:38,5316,130,5625,3458000,0,0,0
TA202,20220218,20220218,112038000,11:20:38,5316,130,5625,3458000,0,0,0
TA202,20220218,20220218,112038500,11:20:38,5316,130,5625,3458000,0,0,0
TA202,20220218,20220218,112039000,11:20:39,5316,130,5625,3458000,0,0,0
TA202,20220218,20220218,112045500,11:20:46,5316,130,5625,3458000,0,0,0
TA202,20220218,20220218,112046000,11:20:46,5316,130,5625,3458000,0,0,0
TA202,20220218,20220218,112047000,11:20:47,5316,130,5625,3458000,0,0,0
TA202,20220218,20220218,112047500,11:20:48,5316,130,5625,3458000,0,0,0
TA202,20220218,20220218,112050500,11:20:50,5316,130,5625,3458000,0,0,0
TA202,20220218,20220218,112051000,11:20:51,5316,130,5625,3458000,0,0,0
TA202,20220218,20220218,112100500,11:21:00,5316,130,5625,3458000,0,0,0
TA202,20220218,20220218,112101000,11:21:01,5316,130,5625,3458000,0,0,0
TA202,20220218,20220218,112110000,11:21:10,5316,130,5625,3458000,0,0,0
TA202,20220218,20220218,112110500,11:21:11,5316,130,5625,3458000,0,0,0
TA202,20220218,20220218,112111000,11:21:11,5316,130,5625,3458000,0,0,0
TA202,20220218,20220218,112111500,11:21:12,5316,130,5625,3458000,0,0,0
TA202,20220218,20220218,112112000,11:21:12,5316,130,5625,3458000,0,0,0
TA202,20220218,20220218,112112500,11:21:13,5316,130,5625,3458000,0,0,0
TA202,20220218,20220218,112113000,11:21:13,5316,130,5625,3458000,0,0,0
TA202,20220218,20220218,112113500,11:21:13,5316,130,5625,3458000,0,0,0
TA202,20220218,20220218,112115500,11:21:15,5316,130,5625,3458000,0,0,0
TA202,20220218,20220218,112116000,11:21:16,5316,130,5625,3458000,0,0,0
TA202,20220218,20220218,112116500,11:21:17,5316,130,5625,3458000,0,0,0
TA202,20220218,20220218,112120500,11:21:21,5316,130,5625,3458000,0,0,0
TA202,20220218,20220218,112121500,11:21:22,5316,130,5625,3458000,0,0,0
TA202,20220218,20220218,112122000,11:21:22,5316,130,5625,3458000,0,0,0
TA202,20220218,20220218,112124000,11:21:24,5316,130,5625,3458000,0,0,0
TA202,20220218,20220218,112124500,11:21:25,5316,130,5625,3458000,0,0,0
TA202,20220218,20220218,112125000,11:22:28,5316,130,5625,3458000,0,0,0
TA202,20220218,20220218,112125500,11:23:32,5316,130,5625,3458000,0,0,0
TA202,20220218,20220218,112126000,11:23:33,5316,130,5625,3458000,0,0,0
TA202,20220218,20220218,112126500,11:23:33,5316,130,5625,3458000,0,0,0
TA202,20220218,20220218,112313000,11:23:33,5316,130,5625,3458000,0,0,0
TA202,20220218,20220218,112352500,11:23:52,5316,130,5625,3458000,0,0,0
TA202,20220218,20220218,112353000,11:23:53,5316,130,5625,3458000,0,0,0
TA202,20220218,20220218,112429000,11:24:29,5316,130,5625,3458000,0,0,0
TA202,20220218,20220218,112501500,11:25:03,5316,130,5625,3458000,0,0,0
TA202,20220218,20220218,112528000,11:25:28,5316,130,5625,3458000,0,0,0
TA202,20220218,20220218,112530000,11:25:30,5316,130,5625,3458000,0,0,0
TA202,20220218,20220218,112533000,11:25:33,5316,130,5625,3458000,0,0,0
TA202,20220218,20220218,112533500,11:25:33,5316,130,5625,3458000,0,0,0
TA202,20220218,20220218,112536000,11:25:37,5316,130,5625,3458000,0,0,0
TA202,20220218,20220218,112537000,11:25:37,5316,130,5625,3458000,0,0,0
TA202,20220218,20220218,112537500,11:25:38,5316,130,5625,3458000,0,0,0
TA202,20220218,20220218,112538000,11:25:38,5316,130,5625,3458000,0,0,0
TA202,20220218,20220218,112539000,11:25:39,5316,130,5625,3458000,0,0,0
TA202,20220218,20220218,112539500,11:25:40,5316,130,5625,3458000,0,0,0
TA202,20220218,20220218,112540000,11:25:40,5316,130,5625,3458000,0,0,0
TA202,20220218,20220218,112540500,11:25:40,5316,130,5625,3458000,0,0,0
TA202,20220218,20220218,112541000,11:25:41,5316,130,5625,3458000,0,0,0
TA202,20220218,20220218,112544000,11:25:44,5316,130,5625,3458000,0,0,0
TA202,20220218,20220218,112544500,11:25:44,5316,130,5625,3458000,0,0,0
TA202,20220218,20220218,112605500,11:26:06,5316,130,5625,3458000,0,0,0
TA202,20220218,20220218,112607000,11:26:09,5316,130,5625,3458000,0,0,0
TA202,20220218,20220218,112608000,11:26:09,5316,130,5625,3458000,0,0,0
TA202,20220218,20220218,112611000,11:26:11,5316,130,5625,3458000,0,0,0
TA202,20220218,20220218,112611500,11:26:13,5316,130,5625,3458000,0,0,0
TA202,20220218,20220218,112615500,11:26:16,5316,130,5625,3458000,0,0,0
TA202,20220218,20220218,112616000,11:26:16,5316,130,5625,3458000,0,0,0
TA202,20220218,20220218,112616500,11:26:17,5316,130,5625,3458000,0,0,0
TA202,20220218,20220218,112617500,11:26:17,5316,130,5625,3458000,0,0,0
TA202,20220218,20220218,112618000,11:26:18,5316,130,5625,3458000,0,0,0
TA202,20220218,20220218,112618500,11:26:18,5316,130,5625,3458000,0,0,0
TA202,20220218,20220218,112619500,11:26:20,5316,130,5625,3458000,0,0,0
TA202,20220218,20220218,112620500,11:26:20,5316,130,5625,3458000,0,0,0
TA202,20220218,20220218,112621000,11:26:21,5316,130,5625,3458000,0,0,0
TA202,20220218,20220218,112621500,11:26:21,5316,130,5625,3458000,0,0,0
TA202,20220218,20220218,112622500,11:26:23,5316,130,5625,3458000,0,0,0
TA202,20220218,20220218,112623000,11:26:23,5316,130,5625,3458000,0,0,0
TA202,20220218,20220218,112653500,11:27:10,5316,130,5625,3458000,0,0,0
TA202,20220218,20220218,112654000,11:27:12,5316,130,5625,3458000,0,0,0
TA202,20220218,20220218,112710000,11:27:12,5316,130,5625,3458000,0,0,0
TA202,20220218,20220218,112710500,11:27:12,5316,130,5625,3458000,0,0,0
TA202,20220218,20220218,112711500,11:27:12,5316,130,5625,3458000,0,0,0
TA202,20220218,20220218,112712500,11:27:13,5316,130,5625,3458000,0,0,0
TA202,20220218,20220218,112713000,11:27:13,5316,130,5625,3458000,0,0,0
TA202,20220218,20220218,112713500,11:27:14,5316,130,5625,3458000,0,0,0
TA202,20220218,20220218,112714000,11:27:14,5316,130,5625,3458000,0,0,0
TA202,20220218,20220218,112714500,11:27:15,5316,130,5625,3458000,0,0,0
TA202,20220218,20220218,112715000,11:27:15,5316,130,5625,3458000,0,0,0
TA202,20220218,20220218,112716000,11:27:17,5316,130,5625,3458000,0,0,0
TA202,20220218,20220218,112716500,11:27:17,5316,130,5625,3458000,0,0,0
TA202,20220218,20220218,112717000,11:27:17,5316,130,5625,3458000,0,0,0
TA202,20220218,20220218,112717500,11:27:17,5316,130,5625,3458000,0,0,0
TA202,20220218,20220218,112718000,11:27:18,5316,130,5625,3458000,0,0,0
TA202,20220218,20220218,112719500,11:27:20,5316,130,5625,3458000,0,0,0
TA202,20220218,20220218,112720000,11:27:20,5316,130,5625,3458000,0,0,0
TA202,20220218,20220218,112720500,11:27:21,5316,130,5625,3458000,0,0,0
TA202,20220218,20220218,112721000,11:27:21,5316,130,5625,3458000,0,0,0
TA202,20220218,20220218,112721500,11:27:22,5316,130,5625,3458000,0,0,0
TA202,20220218,20220218,112722000,11:27:22,5316,130,5625,3458000,0,0,0
TA202,20220218,20220218,112722500,11:27:23,5316,130,5625,3458000,0,0,0
TA202,20220218,20220218,112723000,11:27:26,5316,130,5625,3458000,0,0,0
TA202,20220218,20220218,112724000,11:27:27,5316,130,5625,3458000,0,0,0
TA202,20220218,20220218,112726000,11:27:27,5316,130,5625,3458000,0,0,0
TA202,20220218,20220218,112727000,11:27:27,5316,130,5625,3458000,0,0,0
TA202,20220218,20220218,112727500,11:27:27,5316,130,5625,3458000,0,0,0
TA202,20220218,20220218,112728000,11:27:28,5316,130,5625,3458000,0,0,0
TA202,20220218,20220218,112729000,11:27:29,5316,130,5625,3458000,0,0,0
TA202,20220218,20220218,112729500,11:27:29,5316,130,5625,3458000,0,0,0
TA202,20220218,20220218,112730000,11:27:30,5316,130,5625,3458000,0,0,0
TA202,20220218,20220218,112730500,11:27:31,5316,130,5625,3458000,0,0,0
TA202,20220218,20220218,112731000,11:27:32,5316,130,5625,3458000,0,0,0
TA202,20220218,20220218,112731500,11:27:35,5316,130,5625,3458000,0,0,0
TA202,20220218,20220218,112732000,11:27:35,5316,130,5625,3458000,0,0,0
TA202,20220218,20220218,112735000,11:27:36,5316,130,5625,3458000,0,0,0
TA202,20220218,20220218,112736500,11:27:38,5316,130,5625,3458000,0,0,0
TA202,20220218,20220218,112755500,11:27:55,5316,130,5625,3458000,0,0,0
TA202,20220218,20220218,112756000,11:27:56,5316,130,5625,3458000,0,0,0
TA202,20220218,20220218,112756500,11:27:56,5316,130,5625,3458000,0,0,0
TA202,20220218,20220218,112757500,11:27:57,5316,130,5625,3458000,0,0,0
TA202,20220218,20220218,112758000,11:27:58,5316,130,5625,3458000,0,0,0
TA202,20220218,20220218,112758500,11:27:59,5316,130,5625,3458000,0,0,0
TA202,20220218,20220218,112759000,11:27:59,5316,130,5625,3458000,0,0,0
TA202,20220218,20220218,112759500,11:27:59,5316,130,5625,3458000,0,0,0
TA202,20220218,20220218,112800000,11:28:01,5316,130,5625,3458000,0,0,0
TA202,20220218,20220218,112803000,11:28:04,5316,130,5625,3458000,0,0,0
TA202,20220218,20220218,112803500,11:28:04,5316,130,5625,3458000,0,0,0
TA202,20220218,20220218,112804000,11:28:04,5316,130,5625,3458000,0,0,0
TA202,20220218,20220218,112805000,11:28:06,5316,130,5625,3458000,0,0,0
TA202,20220218,20220218,112805500,11:28:06,5316,130,5625,3458000,0,0,0
TA202,20220218,20220218,112806000,11:28:10,5316,130,5625,3458000,0,0,0
TA202,20220218,20220218,112810000,11:28:11,5316,130,5625,3458000,0,0,0
TA202,20220218,20220218,112810500,11:28:11,5316,130,5625,3458000,0,0,0
TA202,20220218,20220218,112812500,11:28:13,5316,130,5625,3458000,0,0,0
TA202,20220218,20220218,112813000,11:28:13,5316,130,5625,3458000,0,0,0
TA202,20220218,20220218,112813500,11:28:13,5316,130,5625,3458000,0,0,0
TA202,20220218,20220218,112814000,11:28:14,5316,130,5625,3458000,0,0,0
TA202,20220218,20220218,112814500,11:28:14,5316,130,5625,3458000,0,0,0
TA202,20220218,20220218,112815000,11:28:15,5316,130,5625,3458000,0,0,0
TA202,20220218,20220218,112816000,11:28:16,5316,130,5625,3458000,0,0,0
TA202,20220218,20220218,112816500,11:28:16,5316,130,5625,3458000,0,0,0
TA202,20220218,20220218,112817000,11:28:17,5316,130,5625,3458000,0,0,0
TA202,20220218,20220218,112817500,11:28:17,5316,130,5625,3458000,0,0,0
TA202,20220218,20220218,112829500,11:28:29,5316,130,5625,3458000,0,0,0
TA202,20220218,20220218,112830500,11:28:31,5316,130,5625,3458000,0,0,0
TA202,20220218,20220218,112831000,11:28:31,5316,130,5625,3458000,0,0,0
TA202,20220218,20220218,112831500,11:28:31,5316,130,5625,3458000,0,0,0
TA202,20220218,20220218,112832000,11:28:32,5316,130,5625,3458000,0,0,0
TA202,20220218,20220218,112832500,11:28:33,5316,130,5625,3458000,0,0,0
TA202,20220218,20220218,112833000,11:28:33,5316,130,5625,3458000,0,0,0
TA202,20220218,20220218,112841500,11:28:41,5316,130,5625,3458000,0,0,0
TA202,20220218,20220218,112842000,11:28:42,5316,130,5625,3458000,0,0,0
TA202,20220218,20220218,112844000,11:28:44,5316,130,5625,3458000,0,0,0
TA202,20220218,20220218,112844500,11:28:44,5316,130,5625,3458000,0,0,0
TA202,20220218,20220218,112846500,11:28:46,5316,130,5625,3458000,0,0,0
TA202,20220218,20220218,112847000,11:28:47,5316,130,5625,3458000,0,0,0
TA202,20220218,20220218,112847500,11:28:47,5316,130,5625,3458000,0,0,0
TA202,20220218,20220218,112848000,11:28:48,5316,130,5625,3458000,0,0,0
TA202,20220218,20220218,112852500,11:28:53,5316,130,5625,3458000,0,0,0
TA202,20220218,20220218,112853500,11:28:54,5316,130,5625,3458000,0,0,0
TA202,20220218,20220218,112854000,11:28:54,5316,130,5625,3458000,0,0,0
TA202,20220218,20220218,112854500,11:28:54,5316,130,5625,3458000,0,0,0
TA202,20220218,20220218,112855500,11:28:56,5316,130,5625,3458000,0,0,0
TA202,20220218,20220218,112857000,11:28:57,5316,130,5625,3458000,0,0,0
TA202,20220218,20220218,112901000,11:29:01,5316,130,5625,3458000,0,0,0
TA202,20220218,20220218,112901500,11:29:02,5316,130,5625,3458000,0,0,0
TA202,20220218,20220218,112907500,11:29:08,5316,130,5625,3458000,0,0,0
TA202,20220218,20220218,112908500,11:29:08,5316,130,5625,3458000,0,0,0
TA202,20220218,20220218,112909000,11:29:09,5316,130,5625,3458000,0,0,0
TA202,20220218,20220218,112916000,11:29:16,5316,130,5625,3458000,0,0,0
TA202,20220218,20220218,112918000,11:29:21,5316,130,5625,3458000,0,0,0
TA202,20220218,20220218,112920500,11:29:21,5316,130,5625,3458000,0,0,0
TA202,20220218,20220218,112921000,11:29:22,5316,130,5625,3458000,0,0,0
TA202,20220218,20220218,112921500,11:29:24,5316,130,5625,3458000,0,0,0
TA202,20220218,20220218,112922000,11:29:24,5316,130,5625,3458000,0,0,0
TA202,20220218,20220218,112922500,11:29:24,5316,130,5625,3458000,0,0,0
TA202,20220218,20220218,112923000,11:29:24,5316,130,5625,3458000,0,0,0
TA202,20220218,20220218,112924000,11:29:24,5316,130,5625,3458000,0,0,0
TA202,20220218,20220218,112924500,11:29:24,5316,130,5625,3458000,0,0,0
TA202,20220218,20220218,112926500,11:29:26,5316,130,5625,3458000,0,0,0
TA202,20220218,20220218,112931500,11:29:32,5316,130,5625,3458000,0,0,0
TA202,20220218,20220218,112932000,11:29:32,5316,130,5625,3458000,0,0,0
TA202,20220218,20220218,112932500,11:29:36,5316,130,5625,3458000,0,0,0
TA202,20220218,20220218,112933000,11:29:37,5316,130,5625,3458000,0,0,0
TA202,20220218,20220218,112952000,11:29:52,5316,130,5625,3458000,0,0,0
TA202,20220218,20220218,112954000,11:29:54,5316,130,5625,3458000,0,0,0
TA202,20220218,20220218,112957500,11:30:02,5316,130,5625,3458000,0,0,0
TA202,20220218,20220218,112959000,11:30:02,5316,130,5625,3458000,0,0,0
TA202,20220218,20220218,113000000,11:30:03,5316,130,5625,3458000,0,0,0
TA202,20220218,20220218,113000500,11:30:03,5316,130,5625,3458000,0,0,0
TA202,20220218,20220218,133000500,13:30:00,5316,130,5625,3458000,0,0,0
TA202,20220218,20220218,133001000,13:30:01,5316,130,5625,3458000,0,0,0
TA202,20220218,20220218,133001500,13:30:02,5316,130,5625,3458000,0,0,0
TA202,20220218,20220218,133002000,13:30:08,5316,130,5625,3458000,0,0,0
TA202,20220218,20220218,133002500,13:30:10,5316,130,5625,3458000,0,0,0
TA202,20220218,20220218,133008000,13:30:10,5316,130,5625,3458000,0,0,0
TA202,20220218,20220218,133009500,13:30:10,5316,130,5625,3458000,0,0,0
TA202,20220218,20220218,133010000,13:30:11,5316,130,5625,3458000,0,0,0
TA202,20220218,20220218,133010500,13:30:12,5316,130,5625,3458000,0,0,0
TA202,20220218,20220218,133011000,13:30:12,5316,130,5625,3458000,0,0,0
TA202,20220218,20220218,133012500,13:30:13,5316,130,5625,3458000,0,0,0
TA202,20220218,20220218,133013000,13:30:13,5316,130,5625,3458000,0,0,0
TA202,20220218,20220218,133014000,13:30:15,5316,130,5625,3458000,0,0,0
TA202,20220218,20220218,133015000,13:30:17,5316,130,5625,3458000,0,0,0
TA202,20220218,20220218,133016000,13:30:18,5316,130,5625,3458000,0,0,0
TA202,20220218,20220218,133017000,13:30:18,5316,130,5625,3458000,0,0,0
TA202,20220218,20220218,133017500,13:30:18,5316,130,5625,3458000,0,0,0
TA202,20220218,20220218,133018000,13:30:19,5316,130,5625,3458000,0,0,0
TA202,20220218,20220218,133018500,13:30:20,5316,130,5625,3458000,0,0,0
TA202,20220218,20220218,133019000,13:30:20,5316,130,5625,3458000,0,0,0
TA202,20220218,20220218,133020000,13:30:21,5316,130,5625,3458000,0,0,0
TA202,20220218,20220218,133021500,13:30:22,5316,130,5625,3458000,0,0,0
TA202,20220218,20220218,133022000,13:30:38,5316,130,5625,3458000,0,0,0
TA202,20220218,20220218,133022500,13:30:38,5316,130,5625,3458000,0,0,0
TA202,20220218,20220218,133023000,13:30:39,5316,130,5625,3458000,0,0,0
TA202,20220218,20220218,133035000,13:30:40,5316,130,5625,3458000,0,0,0
TA202,20220218,20220218,133042500,13:30:44,5316,130,5625,3458000,0,0,0
TA202,20220218,20220218,133048000,13:30:48,5316,130,5625,3458000,0,0,0
TA202,20220218,20220218,133049000,13:30:50,5316,130,5625,3458000,0,0,0
TA202,20220218,20220218,133050000,13:30:51,5316,130,5625,3458000,0,0,0
TA202,20220218,20220218,133051500,13:30:52,5316,130,5625,3458000,0,0,0
TA202,20220218,20220218,133052000,13:30:53,5316,130,5625,3458000,0,0,0
TA202,20220218,20220218,133055500,13:30:56,5316,130,5625,3458000,0,0,0
TA202,20220218,20220218,133057000,13:30:58,5316,130,5625,3458000,0,0,0
TA202,20220218,20220218,133057500,13:30:58,5316,130,5625,3458000,0,0,0
TA202,20220218,20220218,133058000,13:30:58,5316,130,5625,3458000,0,0,0
TA202,20220218,20220218,133059500,13:30:59,5316,130,5625,3458000,0,0,0
TA202,20220218,20220218,133100000,13:31:00,5316,130,5625,3458000,0,0,0
TA202,20220218,20220218,133100500,13:31:01,5316,130,5625,3458000,0,0,0
TA202,20220218,20220218,133101000,13:31:01,5316,130,5625,3458000,0,0,0
TA202,20220218,20220218,133101500,13:31:01,5316,130,5625,3458000,0,0,0
TA202,20220218,20220218,133104000,13:31:06,5316,130,5625,3458000,0,0,0
TA202,20220218,20220218,133104500,13:31:06,5316,130,5625,3458000,0,0,0
TA202,20220218,20220218,133105000,13:31:07,5316,130,5625,3458000,0,0,0
TA202,20220218,20220218,133107500,13:31:08,5316,130,5625,3458000,0,0,0
TA202,20220218,20220218,133108000,13:31:09,5316,130,5625,3458000,0,0,0
TA202,20220218,20220218,133110000,13:31:11,5316,130,5625,3458000,0,0,0
TA202,20220218,20220218,133110500,13:31:11,5316,130,5625,3458000,0,0,0
TA202,20220218,20220218,133115500,13:31:15,5316,130,5625,3458000,0,0,0
TA202,20220218,20220218,133121500,13:31:22,5316,130,5625,3458000,0,0,0
TA202,20220218,20220218,133122000,13:31:22,5316,130,5625,3458000,0,0,0
TA202,20220218,20220218,133124000,13:31:25,5316,130,5625,3458000,0,0,0
TA202,20220218,20220218,133124500,13:31:25,5316,130,5625,3458000,0,0,0
TA202,20220218,20220218,133156000,13:31:56,5316,130,5625,3458000,0,0,0
TA202,20220218,20220218,133158500,13:31:58,5316,130,5625,3458000,0,0,0
TA202,20220218,20220218,133200000,13:32:00,5316,130,5625,3458000,0,0,0
TA202,20220218,20220218,133201000,13:32:01,5316,130,5625,3458000,0,0,0
TA202,20220218,20220218,133204000,13:32:05,5316,130,5625,3458000,0,0,0
TA202,20220218,20220218,133204500,13:32:05,5316,130,5625,3458000,0,0,0
TA202,20220218,20220218,133205500,13:32:06,5316,130,5625,3458000,0,0,0
TA202,20220218,20220218,133210000,13:32:10,5316,130,5625,3458000,0,0,0
TA202,20220218,20220218,133210500,13:32:13,5316,130,5625,3458000,0,0,0
TA202,20220218,20220218,133211000,13:32:14,5316,130,5625,3458000,0,0,0
TA202,20220218,20220218,133213000,13:32:15,5316,130,5625,3458000,0,0,0
TA202,20220218,20220218,133216000,13:32:17,5316,130,5625,3458000,0,0,0
TA202,20220218,20220218,133216500,13:32:17,5316,130,5625,3458000,0,0,0
TA202,20220218,20220218,133221500,13:32:22,5316,130,5625,3458000,0,0,0
TA202,20220218,20220218,133224500,13:32:25,5316,130,5625,3458000,0,0,0
TA202,20220218,20220218,133225000,13:32:25,5316,130,5625,3458000,0,0,0
TA202,20220218,20220218,133225500,13:32:25,5316,130,5625,3458000,0,0,0
TA202,20220218,20220218,133226000,13:32:27,5316,130,5625,3458000,0,0,0
TA202,20220218,20220218,133226500,13:32:27,5316,130,5625,3458000,0,0,0
TA202,20220218,20220218,133227000,13:32:27,5316,130,5625,3458000,0,0,0
TA202,20220218,20220218,133232000,13:32:34,5316,130,5625,3458000,0,0,0
TA202,20220218,20220218,133232500,13:32:35,5316,130,5625,3458000,0,0,0
TA202,20220218,20220218,133235000,13:32:36,5316,130,5625,3458000,0,0,0
TA202,20220218,20220218,133236000,13:32:37,5316,130,5625,3458000,0,0,0
TA202,20220218,20220218,133237000,13:32:37,5316,130,5625,3458000,0,0,0
TA202,20220218,20220218,133238000,13:32:38,5316,130,5625,3458000,0,0,0
TA202,20220218,20220218,133238500,13:32:39,5316,130,5625,3458000,0,0,0
TA202,20220218,20220218,133239500,13:32:40,5316,130,5625,3458000,0,0,0
TA202,20220218,20220218,133240000,13:32:40,5316,130,5625,3458000,0,0,0
TA202,20220218,20220218,133240500,13:32:40,5316,130,5625,3458000,0,0,0
TA202,20220218,20220218,133241000,13:32:41,5316,130,5625,3458000,0,0,0
TA202,20220218,20220218,133242500,13:32:42,5316,130,5625,3458000,0,0,0
TA202,20220218,20220218,133243000,13:32:43,5316,130,5625,3458000,0,0,0
TA202,20220218,20220218,133243500,13:32:43,5316,130,5625,3458000,0,0,0
TA202,20220218,20220218,133244000,13:32:44,5316,130,5625,3458000,0,0,0
TA202,20220218,20220218,133244500,13:32:45,5316,130,5625,3458000,0,0,0
TA202,20220218,20220218,133245000,13:32:45,5316,130,5625,3458000,0,0,0
TA202,20220218,20220218,133245500,13:32:45,5316,130,5625,3458000,0,0,0
TA202,20220218,20220218,133246000,13:32:47,5316,130,5625,3458000,0,0,0
TA202,20220218,20220218,133246500,13:32:47,5316,130,5625,3458000,0,0,0
TA202,20220218,20220218,133247000,13:32:47,5316,130,5625,3458000,0,0,0
TA202,20220218,20220218,133247500,13:32:48,5316,130,5625,3458000,0,0,0
TA202,20220218,20220218,133252500,13:32:53,5316,130,5625,3458000,0,0,0
TA202,20220218,20220218,133253000,13:32:53,5316,130,5625,3458000,0,0,0
TA202,20220218,20220218,133300000,13:33:01,5316,130,5625,3458000,0,0,0
TA202,20220218,20220218,133300500,13:33:01,5316,130,5625,3458000,0,0,0
TA202,20220218,20220218,133301000,13:33:02,5316,130,5625,3458000,0,0,0
TA202,20220218,20220218,133301500,13:33:02,5316,130,5625,3458000,0,0,0
TA202,20220218,20220218,133302000,13:33:03,5316,130,5625,3458000,0,0,0
TA202,20220218,20220218,133302500,13:33:03,5316,130,5625,3458000,0,0,0
TA202,20220218,20220218,133303000,13:33:03,5316,130,5625,3458000,0,0,0
TA202,20220218,20220218,133304500,13:33:05,5316,130,5625,3458000,0,0,0
TA202,20220218,20220218,133306000,13:33:06,5316,130,5625,3458000,0,0,0
TA202,20220218,20220218,133306500,13:33:06,5316,130,5625,3458000,0,0,0
TA202,20220218,20220218,133310500,13:33:12,5316,130,5625,3458000,0,0,0
TA202,20220218,20220218,133311000,13:33:13,5316,130,5625,3458000,0,0,0
TA202,20220218,20220218,133311500,13:33:14,5316,130,5625,3458000,0,0,0
TA202,20220218,20220218,133317000,13:33:18,5316,130,5625,3458000,0,0,0
TA202,20220218,20220218,133323000,13:33:23,5316,130,5625,3458000,0,0,0
TA202,20220218,20220218,133329500,13:33:30,5316,130,5625,3458000,0,0,0
TA202,20220218,20220218,133336000,13:33:36,5316,130,5625,3458000,0,0,0
TA202,20220218,20220218,133340000,13:33:40,5316,130,5625,3458000,0,0,0
TA202,20220218,20220218,133340500,13:33:41,5316,130,5625,3458000,0,0,0
TA202,20220218,20220218,133341000,13:33:41,5316,130,5625,3458000,0,0,0
TA202,20220218,20220218,133341500,13:33:42,5316,130,5625,3458000,0,0,0
TA202,20220218,20220218,133342000,13:33:42,5316,130,5625,3458000,0,0,0
TA202,20220218,20220218,133342500,13:33:42,5316,130,5625,3458000,0,0,0
TA202,20220218,20220218,133343000,13:33:43,5316,130,5625,3458000,0,0,0
TA202,20220218,20220218,133343500,13:33:44,5316,130,5625,3458000,0,0,0
TA202,20220218,20220218,133344000,13:33:44,5316,130,5625,3458000,0,0,0
TA202,20220218,20220218,133344500,13:33:45,5316,130,5625,3458000,0,0,0
TA202,20220218,20220218,133345000,13:33:45,5316,130,5625,3458000,0,0,0
TA202,20220218,20220218,133347500,13:33:49,5316,130,5625,3458000,0,0,0
TA202,20220218,20220218,133354500,13:33:54,5316,130,5625,3458000,0,0,0
TA202,20220218,20220218,133355000,13:33:56,5316,130,5625,3458000,0,0,0
TA202,20220218,20220218,133358500,13:33:58,5316,130,5625,3458000,0,0,0
TA202,20220218,20220218,133400500,13:34:00,5316,130,5625,3458000,0,0,0
TA202,20220218,20220218,133414500,13:34:15,5316,130,5625,3458000,0,0,0
TA202,20220218,20220218,133415500,13:34:16,5316,130,5625,3458000,0,0,0
TA202,20220218,20220218,133423500,13:34:24,5316,130,5625,3458000,0,0,0
TA202,20220218,20220218,133424000,13:34:24,5316,130,5625,3458000,0,0,0
TA202,20220218,20220218,133432000,13:34:32,5316,130,5625,3458000,0,0,0
TA202,20220218,20220218,133440500,13:34:41,5316,130,5625,3458000,0,0,0
TA202,20220218,20220218,133444500,13:34:46,5316,130,5625,3458000,0,0,0
TA202,20220218,20220218,133452000,13:34:52,5316,130,5625,3458000,0,0,0
TA202,20220218,20220218,133453000,13:34:53,5316,130,5625,3458000,0,0,0
TA202,20220218,20220218,133500000,13:35:00,5316,130,5625,3458000,0,0,0
TA202,20220218,20220218,133501500,13:35:05,5316,130,5625,3458000,0,0,0
TA202,20220218,20220218,133513000,13:35:13,5316,130,5625,3458000,0,0,0
TA202,20220218,20220218,133516000,13:35:16,5316,130,5625,3458000,0,0,0
TA202,20220218,20220218,133516500,13:35:17,5316,130,5625,3458000,0,0,0
TA202,20220218,20220218,133517000,13:35:17,5316,130,5625,3458000,0,0,0
TA202,20220218,20220218,133524500,13:35:25,5316,130,5625,3458000,0,0,0
TA202,20220218,20220218,133525000,13:35:25,5316,130,5625,3458000,0,0,0
TA202,20220218,20220218,133526000,13:35:26,5316,130,5625,3458000,0,0,0
TA202,20220218,20220218,133531000,13:35:32,5316,130,5625,3458000,0,0,0
TA202,20220218,20220218,133531500,13:35:41,5316,130,5625,3458000,0,0,0
TA202,20220218,20220218,133532000,13:35:41,5316,130,5625,3458000,0,0,0
TA202,20220218,20220218,133532500,13:35:42,5316,130,5625,3458000,0,0,0
TA202,20220218,20220218,133540500,13:35:43,5316,130,5625,3458000,0,0,0
TA202,20220218,20220218,133543500,13:35:44,5316,130,5625,3458000,0,0,0
TA202,20220218,20220218,133544000,13:35:44,5316,130,5625,3458000,0,0,0
TA202,20220218,20220218,133544500,13:35:45,5316,130,5625,3458000,0,0,0
TA202,20220218,20220218,133545000,13:35:46,5316,130,5625,3458000,0,0,0
TA202,20220218,20220218,133550500,13:35:50,5316,130,5625,3458000,0,0,0
TA202,20220218,20220218,133551000,13:35:51,5316,130,5625,3458000,0,0,0
TA202,20220218,20220218,133551500,13:35:52,5316,130,5625,3458000,0,0,0
TA202,20220218,20220218,133556000,13:35:56,5316,130,5625,3458000,0,0,0
TA202,20220218,20220218,133556500,13:35:56,5316,130,5625,3458000,0,0,0
TA202,20220218,20220218,133557000,13:35:59,5316,130,5625,3458000,0,0,0
TA202,20220218,20220218,133558000,13:36:01,5316,130,5625,3458000,0,0,0
TA202,20220218,20220218,133559500,13:36:03,5316,130,5625,3458000,0,0,0
TA202,20220218,20220218,133600500,13:36:03,5316,130,5625,3458000,0,0,0
TA202,20220218,20220218,133602000,13:36:03,5316,130,5625,3458000,0,0,0
TA202,20220218,20220218,133602500,13:36:03,5316,130,5625,3458000,0,0,0
TA202,20220218,20220218,133603000,13:36:05,5316,130,5625,3458000,0,0,0
TA202,20220218,20220218,133605000,13:36:06,5316,130,5625,3458000,0,0,0
TA202,20220218,20220218,133605500,13:36:07,5316,130,5625,3458000,0,0,0
TA202,20220218,20220218,133618000,13:36:19,5316,130,5625,3458000,0,0,0
TA202,20220218,20220218,133618500,13:36:19,5316,130,5625,3458000,0,0,0
TA202,20220218,20220218,133619000,13:36:19,5316,130,5625,3458000,0,0,0
TA202,20220218,20220218,133619500,13:36:20,5316,130,5625,3458000,0,0,0
TA202,20220218,20220218,133620000,13:36:20,5316,130,5625,3458000,0,0,0
TA202,20220218,20220218,133620500,13:36:20,5316,130,5625,3458000,0,0,0
TA202,20220218,20220218,133621000,13:36:21,5316,130,5625,3458000,0,0,0
TA202,20220218,20220218,133623000,13:36:23,5316,130,5625,3458000,0,0,0
TA202,20220218,20220218,133639000,13:36:39,5316,130,5625,3458000,0,0,0
TA202,20220218,20220218,133644500,13:36:44,5316,130,5625,3458000,0,0,0
TA202,20220218,20220218,133646000,13:36:46,5316,130,5625,3458000,0,0,0
TA202,20220218,20220218,133646500,13:36:46,5316,130,5625,3458000,0,0,0
TA202,20220218,20220218,133647000,13:36:47,5316,130,5625,3458000,0,0,0
TA202,20220218,20220218,133647500,13:36:47,5316,130,5625,3458000,0,0,0
TA202,20220218,20220218,133648000,13:36:48,5316,130,5625,3458000,0,0,0
TA202,20220218,20220218,133648500,13:36:48,5316,130,5625,3458000,0,0,0
TA202,20220218,20220218,133649000,13:36:49,5316,130,5625,3458000,0,0,0
TA202,20220218,20220218,133649500,13:36:49,5316,130,5625,3458000,0,0,0
TA202,20220218,20220218,133650000,13:36:50,5316,130,5625,3458000,0,0,0
TA202,20220218,20220218,133702500,13:37:03,5316,130,5625,3458000,0,0,0
TA202,20220218,20220218,133705500,13:37:07,5316,130,5625,3458000,0,0,0
TA202,20220218,20220218,133710500,13:37:11,5316,130,5625,3458000,0,0,0
TA202,20220218,20220218,133711000,13:37:11,5316,130,5625,3458000,0,0,0
TA202,20220218,20220218,133719500,13:37:20,5316,130,5625,3458000,0,0,0
TA202,20220218,20220218,133720000,13:37:21,5316,130,5625,3458000,0,0,0
TA202,20220218,20220218,133721000,13:37:21,5316,130,5625,3458000,0,0,0
TA202,20220218,20220218,133724000,13:37:24,5316,130,5625,3458000,0,0,0
TA202,20220218,20220218,133724500,13:37:25,5316,130,5625,3458000,0,0,0
TA202,20220218,20220218,133725500,13:37:26,5316,130,5625,3458000,0,0,0
TA202,20220218,20220218,133726000,13:37:26,5316,130,5625,3458000,0,0,0
TA202,20220218,20220218,133726500,13:37:27,5316,130,5625,3458000,0,0,0
TA202,20220218,20220218,133727000,13:37:27,5316,130,5625,3458000,0,0,0
TA202,20220218,20220218,133727500,13:37:27,5316,130,5625,3458000,0,0,0
TA202,20220218,20220218,133728000,13:37:28,5316,130,5625,3458000,0,0,0
TA202,20220218,20220218,133728500,13:37:29,5316,130,5625,3458000,0,0,0
TA202,20220218,20220218,133731500,13:37:31,5316,130,5625,3458000,0,0,0
TA202,20220218,20220218,133732500,13:37:33,5316,130,5625,3458000,0,0,0
TA202,20220218,20220218,133734000,13:37:34,5316,130,5625,3458000,0,0,0
TA202,20220218,20220218,133734500,13:37:34,5316,130,5625,3458000,0,0,0
TA202,20220218,20220218,133735000,13:37:35,5316,130,5625,3458000,0,0,0
TA202,20220218,20220218,133735500,13:37:36,5316,130,5625,3458000,0,0,0
TA202,20220218,20220218,133741000,13:37:41,5316,130,5625,3458000,0,0,0
TA202,20220218,20220218,133742000,13:37:42,5316,130,5625,3458000,0,0,0
TA202,20220218,20220218,133742500,13:37:43,5316,130,5625,3458000,0,0,0
TA202,20220218,20220218,133743000,13:37:43,5316,130,5625,3458000,0,0,0
TA202,20220218,20220218,133743500,13:37:44,5316,130,5625,3458000,0,0,0
TA202,20220218,20220218,133744000,13:37:44,5316,130,5625,3458000,0,0,0
TA202,20220218,20220218,133744500,13:37:45,5316,130,5625,3458000,0,0,0
TA202,20220218,20220218,133745000,13:37:45,5316,130,5625,3458000,0,0,0
TA202,20220218,20220218,133755000,13:37:55,5316,130,5625,3458000,0,0,0
TA202,20220218,20220218,133756000,13:37:56,5316,130,5625,3458000,0,0,0
TA202,20220218,20220218,133756500,13:37:57,5316,130,5625,3458000,0,0,0
TA202,20220218,20220218,133757000,13:37:57,5316,130,5625,3458000,0,0,0
TA202,20220218,20220218,133757500,13:37:58,5316,130,5625,3458000,0,0,0
TA202,20220218,20220218,133802000,13:38:03,5316,130,5625,3458000,0,0,0
TA202,20220218,20220218,133817500,13:38:18,5316,130,5625,3458000,0,0,0
TA202,20220218,20220218,133819000,13:38:19,5316,130,5625,3458000,0,0,0
TA202,20220218,20220218,133819500,13:38:19,5316,130,5625,3458000,0,0,0
TA202,20220218,20220218,133821500,13:38:22,5316,130,5625,3458000,0,0,0
TA202,20220218,20220218,133822000,13:38:23,5316,130,5625,3458000,0,0,0
TA202,20220218,20220218,133822500,13:38:23,5316,130,5625,3458000,0,0,0
TA202,20220218,20220218,133823000,13:38:24,5316,130,5625,3458000,0,0,0
TA202,20220218,20220218,133823500,13:38:24,5316,130,5625,3458000,0,0,0
TA202,20220218,20220218,133824000,13:38:24,5316,130,5625,3458000,0,0,0
TA202,20220218,20220218,133824500,13:38:40,5316,130,5625,3458000,0,0,0
TA202,20220218,20220218,133840500,13:38:42,5316,130,5625,3458000,0,0,0
TA202,20220218,20220218,133841000,13:38:43,5316,130,5625,3458000,0,0,0
TA202,20220218,20220218,133841500,13:38:43,5316,130,5625,3458000,0,0,0
TA202,20220218,20220218,133842500,13:38:43,5316,130,5625,3458000,0,0,0
TA202,20220218,20220218,133843500,13:38:44,5316,130,5625,3458000,0,0,0
TA202,20220218,20220218,133848000,13:38:48,5316,130,5625,3458000,0,0,0
TA202,20220218,20220218,133914000,13:39:15,5316,130,5625,3458000,0,0,0
TA202,20220218,20220218,133914500,13:39:15,5316,130,5625,3458000,0,0,0
TA202,20220218,20220218,133916000,13:39:19,5316,130,5625,3458000,0,0,0
TA202,20220218,20220218,133918000,13:39:19,5316,130,5625,3458000,0,0,0
TA202,20220218,20220218,133922500,13:39:23,5316,130,5625,3458000,0,0,0
TA202,20220218,20220218,133928000,13:39:28,5316,130,5625,3458000,0,0,0
TA202,20220218,20220218,133938500,13:39:38,5316,130,5625,3458000,0,0,0
TA202,20220218,20220218,133939500,13:39:39,5316,130,5625,3458000,0,0,0
TA202,20220218,20220218,133945500,13:39:46,5316,130,5625,3458000,0,0,0
TA202,20220218,20220218,133946000,13:39:47,5316,130,5625,3458000,0,0,0
TA202,20220218,20220218,133946500,13:39:47,5316,130,5625,3458000,0,0,0
TA202,20220218,20220218,133948500,13:39:48,5316,130,5625,3458000,0,0,0
TA202,20220218,20220218,133949500,13:39:50,5316,130,5625,3458000,0,0,0
TA202,20220218,20220218,133950000,13:39:50,5316,130,5625,3458000,0,0,0
TA202,20220218,20220218,133952500,13:39:53,5316,130,5625,3458000,0,0,0
TA202,20220218,20220218,133954500,13:39:55,5316,130,5625,3458000,0,0,0
TA202,20220218,20220218,133955000,13:39:55,5316,130,5625,3458000,0,0,0
TA202,20220218,20220218,134008500,13:40:13,5316,130,5625,3458000,0,0,0
TA202,20220218,20220218,134032500,13:40:32,5316,130,5625,3458000,0,0,0
TA202,20220218,20220218,134033000,13:40:33,5316,130,5625,3458000,0,0,0
TA202,20220218,20220218,134035500,13:40:36,5316,130,5625,3458000,0,0,0
TA202,20220218,20220218,134055000,13:40:55,5316,130,5625,3458000,0,0,0
TA202,20220218,20220218,134055500,13:40:57,5316,130,5625,3458000,0,0,0
TA202,20220218,20220218,134056000,13:40:58,5316,130,5625,3458000,0,0,0
TA202,20220218,20220218,134105000,13:41:06,5316,130,5625,3458000,0,0,0
TA202,20220218,20220218,134105500,13:41:06,5316,130,5625,3458000,0,0,0
TA202,20220218,20220218,134106000,13:41:07,5316,130,5625,3458000,0,0,0
TA202,20220218,20220218,134107000,13:41:09,5316,130,5625,3458000,0,0,0
TA202,20220218,20220218,134107500,13:41:09,5316,130,5625,3458000,0,0,0
TA202,20220218,20220218,134108500,13:41:10,5316,130,5625,3458000,0,0,0
TA202,20220218,20220218,134109000,13:41:10,5316,130,5625,3458000,0,0,0
TA202,20220218,20220218,134112000,13:41:12,5316,130,5625,3458000,0,0,0
TA202,20220218,20220218,134113500,13:41:13,5316,130,5625,3458000,0,0,0
TA202,20220218,20220218,134114000,13:41:14,5316,130,5625,3458000,0,0,0
TA202,20220218,20220218,134116500,13:41:17,5316,130,5625,3458000,0,0,0
TA202,20220218,20220218,134117000,13:41:17,5316,130,5625,3458000,0,0,0
TA202,20220218,20220218,134117500,13:41:18,5316,130,5625,3458000,0,0,0
TA202,20220218,20220218,134118000,13:41:19,5316,130,5625,3458000,0,0,0
TA202,20220218,20220218,134118500,13:41:19,5316,130,5625,3458000,0,0,0
TA202,20220218,20220218,134119500,13:41:20,5316,130,5625,3458000,0,0,0
TA202,20220218,20220218,134121000,13:41:23,5316,130,5625,3458000,0,0,0
TA202,20220218,20220218,134121500,13:41:24,5316,130,5625,3458000,0,0,0
TA202,20220218,20220218,134122000,13:41:24,5316,130,5625,3458000,0,0,0
TA202,20220218,20220218,134122500,13:41:24,5316,130,5625,3458000,0,0,0
TA202,20220218,20220218,134123500,13:41:24,5316,130,5625,3458000,0,0,0
TA202,20220218,20220218,134142000,13:41:42,5316,130,5625,3458000,0,0,0
TA202,20220218,20220218,134145500,13:41:45,5316,130,5625,3458000,0,0,0
TA202,20220218,20220218,134146000,13:41:46,5316,130,5625,3458000,0,0,0
TA202,20220218,20220218,134146500,13:41:47,5316,130,5625,3458000,0,0,0
TA202,20220218,20220218,134153000,13:41:53,5316,130,5625,3458000,0,0,0
TA202,20220218,20220218,134153500,13:41:54,5316,130,5625,3458000,0,0,0
TA202,20220218,20220218,134158500,13:42:10,5316,130,5625,3458000,0,0,0
TA202,20220218,20220218,134210000,13:42:12,5316,130,5625,3458000,0,0,0
TA202,20220218,20220218,134210500,13:42:12,5316,130,5625,3458000,0,0,0
TA202,20220218,20220218,134211500,13:42:12,5316,130,5625,3458000,0,0,0
TA202,20220218,20220218,134212000,13:42:13,5316,130,5625,3458000,0,0,0
TA202,20220218,20220218,134212500,13:42:13,5316,130,5625,3458000,0,0,0
TA202,20220218,20220218,134215000,13:42:15,5316,130,5625,3458000,0,0,0
TA202,20220218,20220218,134215500,13:42:16,5316,130,5625,3458000,0,0,0
TA202,20220218,20220218,134216500,13:42:17,5316,130,5625,3458000,0,0,0
TA202,20220218,20220218,134217000,13:42:18,5316,130,5625,3458000,0,0,0
TA202,20220218,20220218,134217500,13:42:19,5316,130,5625,3458000,0,0,0
TA202,20220218,20220218,134218000,13:42:20,5316,130,5625,3458000,0,0,0
TA202,20220218,20220218,134218500,13:42:20,5316,130,5625,3458000,0,0,0
TA202,20220218,20220218,134219500,13:42:20,5316,130,5625,3458000,0,0,0
TA202,20220218,20220218,134258500,13:42:59,5316,130,5625,3458000,0,0,0
TA202,20220218,20220218,134259500,13:43:01,5316,130,5625,3458000,0,0,0
TA202,20220218,20220218,134300000,13:43:01,5316,130,5625,3458000,0,0,0
TA202,20220218,20220218,134352500,13:44:04,5316,130,5625,3458000,0,0,0
TA202,20220218,20220218,134413500,13:44:17,5316,130,5625,3458000,0,0,0
TA202,20220218,20220218,134421500,13:44:23,5316,130,5625,3458000,0,0,0
TA202,20220218,20220218,134437000,13:44:37,5316,130,5625,3458000,0,0,0
TA202,20220218,20220218,134442000,13:44:42,5316,130,5625,3458000,0,0,0
TA202,20220218,20220218,134448000,13:44:48,5316,130,5625,3458000,0,0,0
TA202,20220218,20220218,134500500,13:45:01,5316,130,5625,3458000,0,0,0
TA202,20220218,20220218,134507000,13:45:09,5316,130,5625,3458000,0,0,0
TA202,20220218,20220218,134520000,13:45:23,5316,130,5625,3458000,0,0,0
TA202,20220218,20220218,134521500,13:45:23,5316,130,5625,3458000,0,0,0
TA202,20220218,20220218,134523000,13:45:24,5316,130,5625,3458000,0,0,0
TA202,20220218,20220218,134524000,13:45:24,5316,130,5625,3458000,0,0,0
TA202,20220218,20220218,134525000,13:45:26,5316,130,5625,3458000,0,0,0
TA202,20220218,20220218,134525500,13:45:27,5316,130,5625,3458000,0,0,0
TA202,20220218,20220218,134526000,13:45:27,5316,130,5625,3458000,0,0,0
TA202,20220218,20220218,134526500,13:45:28,5316,130,5625,3458000,0,0,0
TA202,20220218,20220218,134527000,13:45:30,5316,130,5625,3458000,0,0,0
TA202,20220218,20220218,134527500,13:45:30,5316,130,5625,3458000,0,0,0
TA202,20220218,20220218,134528000,13:45:30,5316,130,5625,3458000,0,0,0
TA202,20220218,20220218,134531000,13:45:31,5316,130,5625,3458000,0,0,0
TA202,20220218,20220218,134531500,13:45:31,5316,130,5625,3458000,0,0,0
TA202,20220218,20220218,134532000,13:45:32,5316,130,5625,3458000,0,0,0
TA202,20220218,20220218,134532500,13:45:33,5316,130,5625,3458000,0,0,0
TA202,20220218,20220218,134533000,13:45:33,5316,130,5625,3458000,0,0,0
TA202,20220218,20220218,134533500,13:45:34,5316,130,5625,3458000,0,0,0
TA202,20220218,20220218,134534000,13:45:35,5316,130,5625,3458000,0,0,0
TA202,20220218,20220218,134535000,13:45:35,5316,130,5625,3458000,0,0,0
TA202,20220218,20220218,134535500,13:45:35,5316,130,5625,3458000,0,0,0
TA202,20220218,20220218,134536000,13:45:36,5316,130,5625,3458000,0,0,0
TA202,20220218,20220218,134536500,13:45:37,5316,130,5625,3458000,0,0,0
TA202,20220218,20220218,134537500,13:45:38,5316,130,5625,3458000,0,0,0
TA202,20220218,20220218,134538000,13:45:38,5316,130,5625,3458000,0,0,0
TA202,20220218,20220218,134539000,13:45:40,5316,130,5625,3458000,0,0,0
TA202,20220218,20220218,134545500,13:45:46,5316,130,5625,3458000,0,0,0
TA202,20220218,20220218,134550500,13:45:54,5316,130,5625,3458000,0,0,0
TA202,20220218,20220218,134551000,13:45:54,5316,130,5625,3458000,0,0,0
TA202,20220218,20220218,134551500,13:45:54,5316,130,5625,3458000,0,0,0
TA202,20220218,20220218,134554000,13:45:54,5316,130,5625,3458000,0,0,0
TA202,20220218,20220218,134556000,13:45:58,5316,130,5625,3458000,0,0,0
TA202,20220218,20220218,134558500,13:46:01,5316,130,5625,3458000,0,0,0
TA202,20220218,20220218,134601500,13:46:02,5316,130,5625,3458000,0,0,0
TA202,20220218,20220218,134603000,13:46:04,5316,130,5625,3458000,0,0,0
TA202,20220218,20220218,134603500,13:46:04,5316,130,5625,3458000,0,0,0
TA202,20220218,20220218,134604000,13:46:05,5316,130,5625,3458000,0,0,0
TA202,20220218,20220218,134607000,13:46:07,5316,130,5625,3458000,0,0,0
TA202,20220218,20220218,134607500,13:46:08,5316,130,5625,3458000,0,0,0
TA202,20220218,20220218,134609000,13:46:09,5316,130,5625,3458000,0,0,0
TA202,20220218,20220218,134609500,13:46:10,5316,130,5625,3458000,0,0,0
TA202,20220218,20220218,134628500,13:46:31,5316,130,5625,3458000,0,0,0
TA202,20220218,20220218,134632000,13:46:32,5316,130,5625,3458000,0,0,0
TA202,20220218,20220218,134632500,13:46:33,5316,130,5625,3458000,0,0,0
TA202,20220218,20220218,134639500,13:46:40,5316,130,5625,3458000,0,0,0
TA202,20220218,20220218,134641000,13:46:42,5316,130,5625,3458000,0,0,0
TA202,20220218,20220218,134641500,13:46:43,5316,130,5625,3458000,0,0,0
TA202,20220218,20220218,134642500,13:46:43,5316,130,5625,3458000,0,0,0
TA202,20220218,20220218,134643000,13:46:43,5316,130,5625,3458000,0,0,0
TA202,20220218,20220218,134643500,13:46:44,5316,130,5625,3458000,0,0,0
TA202,20220218,20220218,134644000,13:46:46,5316,130,5625,3458000,0,0,0
TA202,20220218,20220218,134645500,13:46:47,5316,130,5625,3458000,0,0,0
TA202,20220218,20220218,134646000,13:46:47,5316,130,5625,3458000,0,0,0
TA202,20220218,20220218,134648500,13:46:48,5316,130,5625,3458000,0,0,0
TA202,20220218,20220218,134658500,13:46:59,5316,130,5625,3458000,0,0,0
TA202,20220218,20220218,134659500,13:46:59,5316,130,5625,3458000,0,0,0
TA202,20220218,20220218,134701500,13:47:02,5316,130,5625,3458000,0,0,0
TA202,20220218,20220218,134702000,13:47:02,5316,130,5625,3458000,0,0,0
TA202,20220218,20220218,134702500,13:47:02,5316,130,5625,3458000,0,0,0
TA202,20220218,20220218,134703000,13:47:03,5316,130,5625,3458000,0,0,0
TA202,20220218,20220218,134705500,13:47:06,5316,130,5625,3458000,0,0,0
TA202,20220218,20220218,134706000,13:47:10,5316,130,5625,3458000,0,0,0
TA202,20220218,20220218,134706500,13:47:10,5316,130,5625,3458000,0,0,0
TA202,20220218,20220218,134707000,13:47:10,5316,130,5625,3458000,0,0,0
TA202,20220218,20220218,134710500,13:47:12,5316,130,5625,3458000,0,0,0
TA202,20220218,20220218,134716500,13:47:16,5316,130,5625,3458000,0,0,0
TA202,20220218,20220218,134717000,13:47:17,5316,130,5625,3458000,0,0,0
TA202,20220218,20220218,134717500,13:47:19,5316,130,5625,3458000,0,0,0
TA202,20220218,20220218,134718000,13:47:19,5316,130,5625,3458000,0,0,0
TA202,20220218,20220218,134718500,13:47:19,5316,130,5625,3458000,0,0,0
TA202,20220218,20220218,134719000,13:47:19,5316,130,5625,3458000,0,0,0
TA202,20220218,20220218,134721000,13:47:21,5316,130,5625,3458000,0,0,0
TA202,20220218,20220218,134728000,13:47:28,5316,130,5625,3458000,0,0,0
TA202,20220218,20220218,134728500,13:47:28,5316,130,5625,3458000,0,0,0
TA202,20220218,20220218,134731500,13:47:31,5316,130,5625,3458000,0,0,0
TA202,20220218,20220218,134732000,13:47:32,5316,130,5625,3458000,0,0,0
TA202,20220218,20220218,134737000,13:47:37,5316,130,5625,3458000,0,0,0
TA202,20220218,20220218,134737500,13:47:38,5316,130,5625,3458000,0,0,0
TA202,20220218,20220218,134738000,13:47:38,5316,130,5625,3458000,0,0,0
TA202,20220218,20220218,134738500,13:47:38,5316,130,5625,3458000,0,0,0
TA202,20220218,20220218,134748000,13:47:48,5316,130,5625,3458000,0,0,0
TA202,20220218,20220218,134817000,13:48:17,5316,130,5625,3458000,0,0,0
TA202,20220218,20220218,134817500,13:48:18,5316,130,5625,3458000,0,0,0
TA202,20220218,20220218,134818000,13:48:19,5316,130,5625,3458000,0,0,0
TA202,20220218,20220218,134818500,13:48:20,5316,130,5625,3458000,0,0,0
TA202,20220218,20220218,134833000,13:48:33,5316,130,5625,3458000,0,0,0
TA202,20220218,20220218,134835500,13:48:37,5316,130,5625,3458000,0,0,0
TA202,20220218,20220218,134836000,13:48:37,5316,130,5625,3458000,0,0,0
TA202,20220218,20220218,134846000,13:48:46,5316,130,5625,3458000,0,0,0
TA202,20220218,20220218,134846500,13:48:46,5316,130,5625,3458000,0,0,0
TA202,20220218,20220218,134850500,13:48:51,5316,130,5625,3458000,0,0,0
TA202,20220218,20220218,134851000,13:48:51,5316,130,5625,3458000,0,0,0
TA202,20220218,20220218,134851500,13:48:51,5316,130,5625,3458000,0,0,0
TA202,20220218,20220218,134852000,13:48:52,5316,130,5625,3458000,0,0,0
TA202,20220218,20220218,134852500,13:48:52,5316,130,5625,3458000,0,0,0
TA202,20220218,20220218,134853000,13:48:54,5316,130,5625,3458000,0,0,0
TA202,20220218,20220218,134853500,13:48:55,5316,130,5625,3458000,0,0,0
TA202,20220218,20220218,134854000,13:48:55,5316,130,5625,3458000,0,0,0
TA202,20220218,20220218,135002500,13:50:03,5316,130,5625,3458000,0,0,0
TA202,20220218,20220218,135003500,13:50:03,5316,130,5625,3458000,0,0,0
TA202,20220218,20220218,135005000,13:50:05,5316,130,5625,3458000,0,0,0
TA202,20220218,20220218,135017500,13:50:26,5316,130,5625,3458000,0,0,0
TA202,20220218,20220218,135120500,13:51:21,5316,130,5625,3458000,0,0,0
TA202,20220218,20220218,135124000,13:51:24,5316,130,5625,3458000,0,0,0
TA202,20220218,20220218,135202000,13:52:03,5316,130,5625,3458000,0,0,0
TA202,20220218,20220218,135220500,13:52:24,5316,130,5625,3458000,0,0,0
TA202,20220218,20220218,135245500,13:52:48,5316,130,5625,3458000,0,0,0
TA202,20220218,20220218,135246500,13:52:48,5316,130,5625,3458000,0,0,0
TA202,20220218,20220218,135247000,13:52:48,5316,130,5625,3458000,0,0,0
TA202,20220218,20220218,135247500,13:52:48,5316,130,5625,3458000,0,0,0
TA202,20220218,20220218,135248000,13:52:48,5316,130,5625,3458000,0,0,0
TA202,20220218,20220218,135248500,13:52:49,5316,130,5625,3458000,0,0,0
TA202,20220218,20220218,135250000,13:52:50,5316,130,5625,3458000,0,0,0
TA202,20220218,20220218,135250500,13:52:51,5316,130,5625,3458000,0,0,0
TA202,20220218,20220218,135251000,13:52:51,5316,130,5625,3458000,0,0,0
TA202,20220218,20220218,135251500,13:52:51,5316,130,5625,3458000,0,0,0
TA202,20220218,20220218,135252000,13:52:52,5316,130,5625,3458000,0,0,0
TA202,20220218,20220218,135252500,13:52:53,5316,130,5625,3458000,0,0,0
TA202,20220218,20220218,135253000,13:52:53,5316,130,5625,3458000,0,0,0
TA202,20220218,20220218,135303500,13:53:04,5316,130,5625,3458000,0,0,0
TA202,20220218,20220218,135304000,13:53:06,5316,130,5625,3458000,0,0,0
TA202,20220218,20220218,135311500,13:53:12,5316,130,5625,3458000,0,0,0
TA202,20220218,20220218,135316000,13:53:16,5316,130,5625,3458000,0,0,0
TA202,20220218,20220218,135319000,13:53:20,5316,130,5625,3458000,0,0,0
TA202,20220218,20220218,135327500,13:53:28,5316,130,5625,3458000,0,0,0
TA202,20220218,20220218,135330000,13:53:30,5316,130,5625,3458000,0,0,0
TA202,20220218,20220218,135330500,13:53:31,5316,130,5625,3458000,0,0,0
TA202,20220218,20220218,135331000,13:53:31,5316,130,5625,3458000,0,0,0
TA202,20220218,20220218,135331500,13:53:32,5316,130,5625,3458000,0,0,0
TA202,20220218,20220218,135332500,13:53:32,5316,130,5625,3458000,0,0,0
TA202,20220218,20220218,135334000,13:53:35,5316,130,5625,3458000,0,0,0
TA202,20220218,20220218,135335000,13:53:35,5316,130,5625,3458000,0,0,0
TA202,20220218,20220218,135346500,13:53:47,5316,130,5625,3458000,0,0,0
TA202,20220218,20220218,135347000,13:53:47,5316,130,5625,3458000,0,0,0
TA202,20220218,20220218,135347500,13:53:47,5316,130,5625,3458000,0,0,0
TA202,20220218,20220218,135352500,13:53:53,5316,130,5625,3458000,0,0,0
TA202,20220218,20220218,135353000,13:53:53,5316,130,5625,3458000,0,0,0
TA202,20220218,20220218,135353500,13:53:53,5316,130,5625,3458000,0,0,0
TA202,20220218,20220218,135359000,13:54:00,5316,130,5625,3458000,0,0,0
TA202,20220218,20220218,135405500,13:54:09,5316,130,5625,3458000,0,0,0
TA202,20220218,20220218,135410000,13:54:10,5316,130,5625,3458000,0,0,0
TA202,20220218,20220218,135410500,13:54:11,5316,130,5625,3458000,0,0,0
TA202,20220218,20220218,135411000,13:54:11,5316,130,5625,3458000,0,0,0
TA202,20220218,20220218,135415500,13:54:15,5316,130,5625,3458000,0,0,0
TA202,20220218,20220218,135416000,13:54:16,5316,130,5625,3458000,0,0,0
TA202,20220218,20220218,135417000,13:54:17,5316,130,5625,3458000,0,0,0
TA202,20220218,20220218,135437000,13:54:37,5316,130,5625,3458000,0,0,0
TA202,20220218,20220218,135438000,13:54:38,5316,130,5625,3458000,0,0,0
TA202,20220218,20220218,135438500,13:54:39,5316,130,5625,3458000,0,0,0
TA202,20220218,20220218,135440000,13:54:40,5316,130,5625,3458000,0,0,0
TA202,20220218,20220218,135440500,13:54:40,5316,130,5625,3458000,0,0,0
TA202,20220218,20220218,135443000,13:54:44,5316,130,5625,3458000,0,0,0
TA202,20220218,20220218,135443500,13:54:44,5316,130,5625,3458000,0,0,0
TA202,20220218,20220218,135444000,13:54:44,5316,130,5625,3458000,0,0,0
TA202,20220218,20220218,135444500,13:54:44,5316,130,5625,3458000,0,0,0
TA202,20220218,20220218,135445000,13:54:45,5316,130,5625,3458000,0,0,0
TA202,20220218,20220218,135445500,13:54:45,5316,130,5625,3458000,0,0,0
TA202,20220218,20220218,135449000,13:54:49,5316,130,5625,3458000,0,0,0
TA202,20220218,20220218,135449500,13:54:50,5316,130,5625,3458000,0,0,0
TA202,20220218,20220218,135450000,13:54:50,5316,130,5625,3458000,0,0,0
TA202,20220218,20220218,135451500,13:54:51,5316,130,5625,3458000,0,0,0
TA202,20220218,20220218,135452000,13:54:52,5316,130,5625,3458000,0,0,0
TA202,20220218,20220218,135452500,13:54:52,5316,130,5625,3458000,0,0,0
TA202,20220218,20220218,135501000,13:55:01,5316,130,5625,3458000,0,0,0
TA202,20220218,20220218,135506500,13:55:06,5316,130,5625,3458000,0,0,0
TA202,20220218,20220218,135533500,13:55:33,5316,130,5625,3458000,0,0,0
TA202,20220218,20220218,135534000,13:55:34,5316,130,5625,3458000,0,0,0
TA202,20220218,20220218,135618000,13:56:23,5316,130,5625,3458000,0,0,0
TA202,20220218,20220218,135703000,13:57:03,5316,130,5625,3458000,0,0,0
TA202,20220218,20220218,135703500,13:57:04,5316,130,5625,3458000,0,0,0
TA202,20220218,20220218,135704000,13:57:04,5316,130,5625,3458000,0,0,0
TA202,20220218,20220218,135704500,13:57:04,5316,130,5625,3458000,0,0,0
