bu2203,20220218,20220218,112002000,11:20:04,3406,2775,18302,94748460,2775,-879,94748460
bu2203,20220218,20220218,112004000,11:20:09,3406,2775,18302,94748460,0,0,0
bu2203,20220218,20220218,112007000,11:20:10,3406,2775,18302,94748460,0,0,0
bu2203,20220218,20220218,112011000,11:20:11,3406,2775,18302,94748460,0,0,0
bu2203,20220218,20220218,112011500,11:20:12,3406,2775,18302,94748460,0,0,0
bu2203,20220218,20220218,112013500,11:20:13,3406,2775,18302,94748460,0,0,0
bu2203,20220218,20220218,112014000,11:20:14,3406,2775,18302,94748460,0,0,0
bu2203,20220218,20220218,112015500,11:20:16,3406,2775,18302,94748460,0,0,0
bu2203,20220218,20220218,112016000,11:20:16,3406,2775,18302,94748460,0,0,0
bu2203,20220218,20220218,112022500,11:20:23,3406,2775,18302,94748460,0,0,0
bu2203,20220218,20220218,112024000,11:20:24,3406,2775,18302,94748460,0,0,0
bu2203,20220218,20220218,112025000,11:20:25,3406,2775,18302,94748460,0,0,0
bu2203,20220218,20220218,112029000,11:20:29,3406,2775,18302,94748460,0,0,0
bu2203,20220218,20220218,112029500,11:20:30,3406,2775,18302,94748460,0,0,0
bu2203,20220218,20220218,112030500,11:20:31,3406,2775,18302,94748460,0,0,0
bu2203,20220218,20220218,112034000,11:20:34,3406,2775,18302,94748460,0,0,0
bu2203,20220218,20220218,112042500,11:20:42,3406,2775,18302,94748460,0,0,0
bu2203,20220218,20220218,112043000,11:20:43,3406,2775,18302,94748460,0,0,0
bu2203,20220218,20220218,112043500,11:20:44,3406,2775,18302,94748460,0,0,0
bu2203,20220218,20220218,112044000,11:20:44,3406,2775,18302,94748460,0,0,0
bu2203,20220218,20220218,112044500,11:20:45,3406,2775,18302,94748460,0,0,0
bu2203,20220218,20220218,112045000,11:20:45,3406,2775,18302,94748460,0,0,0
bu2203,20220218,20220218,112047000,11:20:48,3406,2775,18302,94748460,0,0,0
bu2203,20220218,20220218,112047500,11:20:48,3406,2775,18302,94748460,0,0,0
bu2203,20220218,20220218,112048000,11:20:48,3406,2775,18302,94748460,0,0,0
bu2203,20220218,20220218,112053000,11:20:53,3406,2775,18302,94748460,0,0,0
bu2203,20220218,20220218,112054000,11:20:54,3406,2775,18302,94748460,0,0,0
bu2203,20220218,20220218,112056500,11:20:56,3406,2775,18302,94748460,0,0,0
bu2203,20220218,20220218,112057000,11:20:58,3406,2775,18302,94748460,0,0,0
bu2203,20220218,20220218,112057500,11:20:58,3406,2775,18302,94748460,0,0,0
bu2203,20220218,20220218,112059000,11:21:00,3406,2775,18302,94748460,0,0,0
bu2203,20220218,20220218,112059500,11:21:00,3406,2775,18302,94748460,0,0,0
bu2203,20220218,20220218,112100000,11:21:00,3406,2775,18302,94748460,0,0,0
bu2203,20220218,20220218,112100500,11:21:01,3406,2775,18302,94748460,0,0,0
bu2203,20220218,20220218,112101000,11:21:01,3406,2775,18302,94748460,0,0,0
bu2203,20220218,20220218,112101500,11:21:02,3406,2775,18302,94748460,0,0,0
bu2203,20220218,20220218,112102000,11:21:03,3406,2775,18302,94748460,0,0,0
bu2203,20220218,20220218,112102500,11:21:03,3406,2775,18302,94748460,0,0,0
bu2203,20220218,20220218,112103000,11:21:03,3406,2775,18302,94748460,0,0,0
bu2203,20220218,20220218,112104000,11:21:04,3406,2775,18302,94748460,0,0,0
bu2203,20220218,20220218,112108000,11:21:10,3406,2775,18302,94748460,0,0,0
bu2203,20220218,20220218,112111000,11:21:11,3406,2775,18302,94748460,0,0,0
bu2203,20220218,20220218,112114000,11:21:14,3406,2775,18302,94748460,0,0,0
bu2203,20220218,20220218,112115000,11:21:15,3406,2775,18302,94748460,0,0,0
bu2203,20220218,20220218,112117000,11:21:17,3406,2775,18302,94748460,0,0,0
bu2203,20220218,20220218,112117500,11:21:18,3406,2775,18302,94748460,0,0,0
bu2203,20220218,20220218,112118000,11:21:18,3406,2775,18302,94748460,0,0,0
bu2203,20220218,20220218,112118500,11:21:18,3406,2775,18302,94748460,0,0,0
bu2203,20220218,20220218,112119000,11:21:19,3406,2775,18302,94748460,0,0,0
bu2203,20220218,20220218,112120000,11:21:21,3406,2775,18302,94748460,0,0,0
bu2203,20220218,20220218,112120500,11:21:22,3406,2775,18302,94748460,0,0,0
bu2203,20220218,20220218,112121500,11:21:22,3406,2775,18302,94748460,0,0,0
bu2203,20220218,20220218,112122000,11:21:22,3406,2775,18302,94748460,0,0,0
bu2203,20220218,20220218,112122500,11:21:22,3406,2775,18302,94748460,0,0,0
bu2203,20220218,20220218,112124000,11:21:24,3406,2775,18302,94748460,0,0,0
bu2203,20220218,20220218,112332500,11:23:33,3406,2775,18302,94748460,0,0,0
bu2203,20220218,20220218,112333000,11:23:33,3406,2775,18302,94748460,0,0,0
bu2203,20220218,20220218,112333500,11:23:33,3406,2781,18308,94952820,6,6,204360
bu2203,20220218,20220218,112334000,11:23:34,3406,2781,18308,94952820,0,0,0
bu2203,20220218,20220218,112334500,11:23:34,3406,2781,18308,94952820,0,0,0
bu2203,20220218,20220218,112336000,11:23:36,3406,2781,18308,94952820,0,0,0
bu2203,20220218,20220218,112336500,11:23:38,3406,2781,18308,94952820,0,0,0
bu2203,20220218,20220218,112337000,11:23:38,3406,2781,18308,94952820,0,0,0
bu2203,20220218,20220218,112342000,11:23:42,3406,2781,18308,94952820,0,0,0
bu2203,20220218,20220218,112342500,11:23:42,3406,2781,18308,94952820,0,0,0
bu2203,20220218,20220218,112343000,11:23:43,3406,2781,18308,94952820,0,0,0
bu2203,20220218,20220218,112343500,11:23:43,3404,2921,18170,99718420,140,-138,4765600
bu2203,20220218,20220218,112344000,11:23:46,3404,2921,18170,99718420,0,0,0
bu2203,20220218,20220218,112359000,11:23:59,3404,2921,18170,99718420,0,0,0
bu2203,20220218,20220218,112359500,11:23:59,3404,2921,18170,99718420,0,0,0
bu2203,20220218,20220218,112402500,11:24:02,3404,2921,18170,99718420,0,0,0
bu2203,20220218,20220218,112403000,11:24:03,3404,2921,18170,99718420,0,0,0
bu2203,20220218,20220218,112405000,11:24:05,3404,2921,18170,99718420,0,0,0
bu2203,20220218,20220218,112407500,11:24:08,3404,2921,18170,99718420,0,0,0
bu2203,20220218,20220218,112408000,11:24:08,3404,2921,18170,99718420,0,0,0
bu2203,20220218,20220218,112409500,11:24:12,3404,2921,18170,99718420,0,0,0
bu2203,20220218,20220218,112411000,11:24:12,3404,2921,18170,99718420,0,0,0
bu2203,20220218,20220218,112413000,11:24:14,3404,2921,18170,99718420,0,0,0
bu2203,20220218,20220218,112413500,11:24:14,3406,2923,18171,99786540,2,1,68120
bu2203,20220218,20220218,112414000,11:24:14,3406,2923,18171,99786540,0,0,0
bu2203,20220218,20220218,112414500,11:24:15,3406,2923,18171,99786540,0,0,0
bu2203,20220218,20220218,112415500,11:24:15,3406,2923,18171,99786540,0,0,0
bu2203,20220218,20220218,112416000,11:24:16,3406,2923,18171,99786540,0,0,0
bu2203,20220218,20220218,112416500,11:24:17,3406,2923,18171,99786540,0,0,0
bu2203,20220218,20220218,112417000,11:24:17,3406,2923,18171,99786540,0,0,0
bu2203,20220218,20220218,112417500,11:24:18,3406,2923,18171,99786540,0,0,0
bu2203,20220218,20220218,112418000,11:24:18,3406,2923,18171,99786540,0,0,0
bu2203,20220218,20220218,112418500,11:24:19,3406,2923,18171,99786540,0,0,0
bu2203,20220218,20220218,112419500,11:24:20,3406,2923,18171,99786540,0,0,0
bu2203,20220218,20220218,112420500,11:24:21,3406,2923,18171,99786540,0,0,0
bu2203,20220218,20220218,112421000,11:24:21,3406,2923,18171,99786540,0,0,0
bu2203,20220218,20220218,112423500,11:24:23,3406,2923,18171,99786540,0,0,0
bu2203,20220218,20220218,112424500,11:24:24,3408,2924,18172,99820620,1,1,34080
bu2203,20220218,20220218,112425000,11:24:25,3408,2924,18172,99820620,0,0,0
bu2203,20220218,20220218,112426000,11:24:26,3406,2928,18176,99956860,4,4,136240
bu2203,20220218,20220218,112426500,11:24:26,3406,2928,18176,99956860,0,0,0
bu2203,20220218,20220218,112427000,11:24:27,3406,2928,18176,99956860,0,0,0
bu2203,20220218,20220218,112428000,11:24:28,3406,2928,18176,99956860,0,0,0
bu2203,20220218,20220218,112428500,11:24:28,3406,2928,18176,99956860,0,0,0
bu2203,20220218,20220218,112429500,11:24:29,3406,2928,18176,99956860,0,0,0
bu2203,20220218,20220218,112430500,11:24:30,3406,2928,18176,99956860,0,0,0
bu2203,20220218,20220218,112431000,11:24:31,3406,2928,18176,99956860,0,0,0
bu2203,20220218,20220218,112431500,11:24:31,3406,2928,18176,99956860,0,0,0
bu2203,20220218,20220218,112432000,11:24:32,3406,2928,18176,99956860,0,0,0
bu2203,20220218,20220218,112432500,11:24:32,3406,2928,18176,99956860,0,0,0
bu2203,20220218,20220218,112433500,11:24:33,3406,2930,18176,100024980,2,0,68120
bu2203,20220218,20220218,112434000,11:24:34,3406,2930,18176,100024980,0,0,0
bu2203,20220218,20220218,112434500,11:24:34,3406,2930,18176,100024980,0,0,0
bu2203,20220218,20220218,112437500,11:24:37,3406,2930,18176,100024980,0,0,0
bu2203,20220218,20220218,112439000,11:24:40,3406,2930,18176,100024980,0,0,0
bu2203,20220218,20220218,112439500,11:24:40,3406,2930,18176,100024980,0,0,0
bu2203,20220218,20220218,112440000,11:24:40,3406,2932,18176,100093100,2,0,68120
bu2203,20220218,20220218,112440500,11:24:40,3406,2932,18176,100093100,0,0,0
bu2203,20220218,20220218,112441000,11:24:41,3406,2932,18176,100093100,0,0,0
bu2203,20220218,20220218,112441500,11:24:41,3406,2932,18176,100093100,0,0,0
bu2203,20220218,20220218,112444000,11:24:44,3406,2932,18176,100093100,0,0,0
bu2203,20220218,20220218,112448500,11:24:49,3406,2932,18176,100093100,0,0,0
bu2203,20220218,20220218,112449000,11:24:49,3406,2932,18176,100093100,0,0,0
bu2203,20220218,20220218,112449500,11:24:49,3406,2932,18176,100093100,0,0,0
bu2203,20220218,20220218,112454500,11:24:54,3406,2932,18176,100093100,0,0,0
bu2203,20220218,20220218,112459500,11:24:59,3406,2932,18176,100093100,0,0,0
bu2203,20220218,20220218,112503000,11:25:06,3406,2932,18176,100093100,0,0,0
bu2203,20220218,20220218,112509500,11:25:09,3406,2932,18176,100093100,0,0,0
bu2203,20220218,20220218,112513500,11:25:15,3406,2932,18176,100093100,0,0,0
bu2203,20220218,20220218,112514000,11:25:15,3406,2932,18176,100093100,0,0,0
bu2203,20220218,20220218,112518000,11:25:18,3406,2932,18176,100093100,0,0,0
bu2203,20220218,20220218,112519500,11:25:19,3406,2932,18176,100093100,0,0,0
bu2203,20220218,20220218,112520500,11:25:21,3406,2932,18176,100093100,0,0,0
bu2203,20220218,20220218,112521000,11:25:22,3406,2932,18176,100093100,0,0,0
bu2203,20220218,20220218,112522500,11:25:22,3406,2932,18176,100093100,0,0,0
bu2203,20220218,20220218,112525500,11:25:26,3406,2932,18176,100093100,0,0,0
bu2203,20220218,20220218,112526000,11:25:26,3406,2932,18176,100093100,0,0,0
bu2203,20220218,20220218,112526500,11:25:27,3406,2932,18176,100093100,0,0,0
bu2203,20220218,20220218,112528000,11:25:28,3406,2932,18176,100093100,0,0,0
bu2203,20220218,20220218,112528500,11:25:28,3406,2932,18176,100093100,0,0,0
bu2203,20220218,20220218,112529000,11:25:29,3406,2932,18176,100093100,0,0,0
bu2203,20220218,20220218,112529500,11:25:30,3406,2932,18176,100093100,0,0,0
bu2203,20220218,20220218,112530500,11:25:31,3406,2932,18176,100093100,0,0,0
bu2203,20220218,20220218,112531500,11:25:32,3406,2932,18176,100093100,0,0,0
bu2203,20220218,20220218,112532000,11:25:32,3406,2932,18176,100093100,0,0,0
bu2203,20220218,20220218,112535000,11:25:36,3406,2932,18176,100093100,0,0,0
bu2203,20220218,20220218,112537500,11:25:38,3406,2932,18176,100093100,0,0,0
bu2203,20220218,20220218,112539500,11:25:40,3406,2932,18176,100093100,0,0,0
bu2203,20220218,20220218,112541000,11:25:41,3406,2932,18176,100093100,0,0,0
bu2203,20220218,20220218,112541500,11:25:41,3406,2932,18176,100093100,0,0,0
bu2203,20220218,20220218,112549500,11:25:49,3406,2932,18176,100093100,0,0,0
bu2203,20220218,20220218,112556000,11:25:57,3406,2932,18176,100093100,0,0,0
bu2203,20220218,20220218,112558500,11:25:59,3406,2932,18176,100093100,0,0,0
bu2203,20220218,20220218,112559500,11:26:00,3406,2932,18176,100093100,0,0,0
bu2203,20220218,20220218,112605000,11:26:05,3406,2932,18176,100093100,0,0,0
bu2203,20220218,20220218,112605500,11:26:06,3406,2932,18176,100093100,0,0,0
bu2203,20220218,20220218,112606000,11:26:06,3406,2932,18176,100093100,0,0,0
bu2203,20220218,20220218,112606500,11:26:09,3406,2932,18176,100093100,0,0,0
bu2203,20220218,20220218,112607500,11:26:09,3406,2932,18176,100093100,0,0,0
bu2203,20220218,20220218,112608000,11:26:09,3406,2932,18176,100093100,0,0,0
bu2203,20220218,20220218,112609500,11:26:10,3406,2932,18176,100093100,0,0,0
bu2203,20220218,20220218,112611000,11:26:11,3406,2932,18176,100093100,0,0,0
bu2203,20220218,20220218,112611500,11:26:13,3406,2932,18176,100093100,0,0,0
bu2203,20220218,20220218,112613500,11:26:15,3406,2932,18176,100093100,0,0,0
bu2203,20220218,20220218,112614000,11:26:15,3406,2932,18176,100093100,0,0,0
bu2203,20220218,20220218,112616000,11:26:16,3406,2932,18176,100093100,0,0,0
bu2203,20220218,20220218,112616500,11:26:17,3406,2932,18176,100093100,0,0,0
bu2203,20220218,20220218,112619500,11:26:20,3406,2932,18176,100093100,0,0,0
bu2203,20220218,20220218,112620000,11:26:20,3406,2932,18176,100093100,0,0,0
bu2203,20220218,20220218,112623500,11:26:23,3406,2932,18176,100093100,0,0,0
bu2203,20220218,20220218,112624000,11:26:24,3406,2932,18176,100093100,0,0,0
bu2203,20220218,20220218,112624500,11:26:24,3406,2932,18176,100093100,0,0,0
bu2203,20220218,20220218,112625000,11:26:25,3406,2932,18176,100093100,0,0,0
bu2203,20220218,20220218,112625500,11:26:26,3406,2932,18176,100093100,0,0,0
bu2203,20220218,20220218,112626500,11:26:26,3406,2932,18176,100093100,0,0,0
bu2203,20220218,20220218,112629000,11:26:29,3406,2935,18176,100195280,3,0,102180
bu2203,20220218,20220218,112629500,11:26:31,3406,2935,18176,100195280,0,0,0
bu2203,20220218,20220218,112630000,11:26:31,3406,2935,18176,100195280,0,0,0
bu2203,20220218,20220218,112636500,11:26:39,3406,2935,18176,100195280,0,0,0
bu2203,20220218,20220218,112652000,11:27:10,3406,2935,18176,100195280,0,0,0
bu2203,20220218,20220218,112710000,11:27:12,3406,2935,18176,100195280,0,0,0
bu2203,20220218,20220218,112711000,11:27:12,3406,2935,18176,100195280,0,0,0
bu2203,20220218,20220218,112712500,11:27:13,3406,2935,18176,100195280,0,0,0
bu2203,20220218,20220218,112715000,11:27:16,3406,2935,18176,100195280,0,0,0
bu2203,20220218,20220218,112719500,11:27:20,3406,2935,18176,100195280,0,0,0
bu2203,20220218,20220218,112722500,11:27:22,3406,2935,18176,100195280,0,0,0
bu2203,20220218,20220218,112723000,11:27:26,3406,2935,18176,100195280,0,0,0
bu2203,20220218,20220218,112729500,11:27:30,3406,2935,18176,100195280,0,0,0
bu2203,20220218,20220218,112732000,11:27:36,3406,2935,18176,100195280,0,0,0
bu2203,20220218,20220218,112734500,11:27:36,3406,2935,18176,100195280,0,0,0
bu2203,20220218,20220218,112737000,11:27:38,3406,2935,18176,100195280,0,0,0
bu2203,20220218,20220218,112738000,11:27:39,3406,2935,18176,100195280,0,0,0
bu2203,20220218,20220218,112739500,11:27:39,3406,2935,18176,100195280,0,0,0
bu2203,20220218,20220218,112740000,11:27:40,3406,2935,18176,100195280,0,0,0
bu2203,20220218,20220218,112741500,11:27:42,3406,2935,18176,100195280,0,0,0
bu2203,20220218,20220218,112743000,11:27:43,3406,2935,18176,100195280,0,0,0
bu2203,20220218,20220218,112745000,11:27:45,3406,2935,18176,100195280,0,0,0
bu2203,20220218,20220218,112745500,11:27:46,3406,2939,18172,100331520,4,-4,136240
bu2203,20220218,20220218,112748000,11:27:53,3406,2939,18172,100331520,0,0,0
bu2203,20220218,20220218,112749500,11:27:54,3406,2939,18172,100331520,0,0,0
bu2203,20220218,20220218,112751000,11:27:54,3406,2939,18172,100331520,0,0,0
bu2203,20220218,20220218,112758000,11:27:58,3406,2939,18172,100331520,0,0,0
bu2203,20220218,20220218,112758500,11:27:59,3406,2939,18172,100331520,0,0,0
bu2203,20220218,20220218,112759500,11:27:59,3406,2939,18172,100331520,0,0,0
bu2203,20220218,20220218,112800500,11:28:01,3406,2939,18172,100331520,0,0,0
bu2203,20220218,20220218,112801000,11:28:01,3406,2939,18172,100331520,0,0,0
bu2203,20220218,20220218,112802500,11:28:03,3406,2939,18172,100331520,0,0,0
bu2203,20220218,20220218,112803000,11:28:04,3406,2939,18172,100331520,0,0,0
bu2203,20220218,20220218,112803500,11:28:04,3406,2949,18178,100672120,10,6,340600
bu2203,20220218,20220218,112804000,11:28:05,3406,2949,18178,100672120,0,0,0
bu2203,20220218,20220218,112804500,11:28:06,3406,2949,18178,100672120,0,0,0
bu2203,20220218,20220218,112806500,11:28:10,3406,2949,18178,100672120,0,0,0
bu2203,20220218,20220218,112810000,11:28:11,3406,2949,18178,100672120,0,0,0
bu2203,20220218,20220218,112812000,11:28:13,3406,2949,18178,100672120,0,0,0
bu2203,20220218,20220218,112812500,11:28:13,3406,2949,18178,100672120,0,0,0
bu2203,20220218,20220218,112815000,11:28:15,3406,2949,18178,100672120,0,0,0
bu2203,20220218,20220218,112815500,11:28:15,3406,2949,18178,100672120,0,0,0
bu2203,20220218,20220218,112818000,11:28:18,3406,2949,18178,100672120,0,0,0
bu2203,20220218,20220218,112819500,11:28:20,3406,2949,18178,100672120,0,0,0
bu2203,20220218,20220218,112820000,11:28:20,3406,2949,18178,100672120,0,0,0
bu2203,20220218,20220218,112820500,11:28:20,3406,2949,18178,100672120,0,0,0
bu2203,20220218,20220218,112829500,11:28:30,3406,2949,18178,100672120,0,0,0
bu2203,20220218,20220218,112834000,11:28:34,3406,2949,18178,100672120,0,0,0
bu2203,20220218,20220218,112834500,11:28:34,3406,2949,18178,100672120,0,0,0
bu2203,20220218,20220218,112835000,11:28:35,3406,2949,18178,100672120,0,0,0
bu2203,20220218,20220218,112836500,11:28:37,3406,2949,18178,100672120,0,0,0
bu2203,20220218,20220218,112837000,11:28:37,3406,2949,18178,100672120,0,0,0
bu2203,20220218,20220218,112837500,11:28:37,3406,2949,18178,100672120,0,0,0
bu2203,20220218,20220218,112838000,11:28:38,3406,2949,18178,100672120,0,0,0
bu2203,20220218,20220218,112839500,11:28:40,3406,2949,18178,100672120,0,0,0
bu2203,20220218,20220218,112840000,11:28:40,3406,2949,18178,100672120,0,0,0
bu2203,20220218,20220218,112842000,11:28:42,3406,2949,18178,100672120,0,0,0
bu2203,20220218,20220218,112842500,11:28:43,3406,2949,18178,100672120,0,0,0
bu2203,20220218,20220218,112844000,11:28:44,3406,2949,18178,100672120,0,0,0
bu2203,20220218,20220218,112845500,11:28:46,3408,2950,18179,100706200,1,1,34080
bu2203,20220218,20220218,112846000,11:28:46,3408,2950,18179,100706200,0,0,0
bu2203,20220218,20220218,112849500,11:28:50,3408,2950,18179,100706200,0,0,0
bu2203,20220218,20220218,112851000,11:28:51,3408,2950,18179,100706200,0,0,0
bu2203,20220218,20220218,112851500,11:28:51,3408,2950,18179,100706200,0,0,0
bu2203,20220218,20220218,112854000,11:28:54,3408,2950,18179,100706200,0,0,0
bu2203,20220218,20220218,112854500,11:28:54,3408,2950,18179,100706200,0,0,0
bu2203,20220218,20220218,112856500,11:28:56,3408,2950,18179,100706200,0,0,0
bu2203,20220218,20220218,112857000,11:28:57,3408,2950,18179,100706200,0,0,0
bu2203,20220218,20220218,112858500,11:28:59,3408,2950,18179,100706200,0,0,0
bu2203,20220218,20220218,112859000,11:28:59,3408,2951,18180,100740280,1,1,34080
bu2203,20220218,20220218,112859500,11:29:00,3408,2951,18180,100740280,0,0,0
bu2203,20220218,20220218,112901000,11:29:01,3408,2951,18180,100740280,0,0,0
bu2203,20220218,20220218,112901500,11:29:02,3408,2952,18181,100774360,1,1,34080
bu2203,20220218,20220218,112902000,11:29:03,3408,2952,18181,100774360,0,0,0
bu2203,20220218,20220218,112902500,11:29:03,3408,2952,18181,100774360,0,0,0
bu2203,20220218,20220218,112903000,11:29:03,3408,2952,18181,100774360,0,0,0
bu2203,20220218,20220218,112903500,11:29:04,3408,2952,18181,100774360,0,0,0
bu2203,20220218,20220218,112908000,11:29:08,3408,2952,18181,100774360,0,0,0
bu2203,20220218,20220218,112913000,11:29:13,3408,2952,18181,100774360,0,0,0
bu2203,20220218,20220218,112913500,11:29:14,3408,2952,18181,100774360,0,0,0
bu2203,20220218,20220218,112914000,11:29:14,3408,2956,18181,100910680,4,0,136320
bu2203,20220218,20220218,112914500,11:29:15,3408,2957,18181,100944760,1,0,34080
bu2203,20220218,20220218,112915000,11:29:15,3408,2957,18181,100944760,0,0,0
bu2203,20220218,20220218,112917000,11:29:20,3408,2958,18182,100978840,1,1,34080
bu2203,20220218,20220218,112918000,11:29:21,3408,2958,18182,100978840,0,0,0
bu2203,20220218,20220218,112918500,11:29:21,3408,2958,18182,100978840,0,0,0
bu2203,20220218,20220218,112922000,11:29:24,3408,2958,18182,100978840,0,0,0
bu2203,20220218,20220218,112926500,11:29:26,3408,2958,18182,100978840,0,0,0
bu2203,20220218,20220218,112928000,11:29:28,3408,2982,18206,101796760,24,24,817920
bu2203,20220218,20220218,112928500,11:29:29,3408,2982,18206,101796760,0,0,0
bu2203,20220218,20220218,112929000,11:29:29,3408,2982,18206,101796760,0,0,0
bu2203,20220218,20220218,112929500,11:29:29,3408,2982,18206,101796760,0,0,0
bu2203,20220218,20220218,112931000,11:29:32,3408,2982,18206,101796760,0,0,0
bu2203,20220218,20220218,112931500,11:29:32,3408,2982,18206,101796760,0,0,0
bu2203,20220218,20220218,112932000,11:29:36,3408,2982,18206,101796760,0,0,0
bu2203,20220218,20220218,112936500,11:29:38,3408,2982,18206,101796760,0,0,0
bu2203,20220218,20220218,112937000,11:29:38,3408,2982,18206,101796760,0,0,0
bu2203,20220218,20220218,112940000,11:29:40,3408,2982,18206,101796760,0,0,0
bu2203,20220218,20220218,112942500,11:29:44,3408,2982,18206,101796760,0,0,0
bu2203,20220218,20220218,112950500,11:29:51,3408,2982,18206,101796760,0,0,0
bu2203,20220218,20220218,112952000,11:29:53,3408,2982,18206,101796760,0,0,0
bu2203,20220218,20220218,112953000,11:29:54,3408,2982,18206,101796760,0,0,0
bu2203,20220218,20220218,112954500,11:29:54,3408,2982,18206,101796760,0,0,0
bu2203,20220218,20220218,112956500,11:30:00,3408,2985,18203,101899000,3,-3,102240
bu2203,20220218,20220218,112957000,11:30:02,3408,2985,18203,101899000,0,0,0
bu2203,20220218,20220218,113001500,11:30:03,3408,2985,18203,101899000,0,0,0
bu2203,20220218,20220218,133002000,13:30:08,3408,2985,18203,101899000,0,0,0
bu2203,20220218,20220218,133002500,13:30:10,3408,2985,18203,101899000,0,0,0
bu2203,20220218,20220218,133004000,13:30:10,3408,2985,18203,101899000,0,0,0
bu2203,20220218,20220218,133009500,13:30:10,3408,2986,18202,101933080,1,-1,34080
bu2203,20220218,20220218,133010000,13:30:11,3408,2986,18202,101933080,0,0,0
bu2203,20220218,20220218,133012500,13:30:13,3408,2986,18202,101933080,0,0,0
bu2203,20220218,20220218,133013000,13:30:14,3408,2986,18202,101933080,0,0,0
bu2203,20220218,20220218,133016500,13:30:18,3408,2986,18202,101933080,0,0,0
bu2203,20220218,20220218,133017500,13:30:18,3408,2986,18202,101933080,0,0,0
bu2203,20220218,20220218,133021500,13:30:22,3408,2986,18202,101933080,0,0,0
bu2203,20220218,20220218,133038000,13:30:40,3408,2986,18202,101933080,0,0,0
bu2203,20220218,20220218,133042500,13:30:44,3408,2986,18202,101933080,0,0,0
bu2203,20220218,20220218,133043500,13:30:46,3408,2986,18202,101933080,0,0,0
bu2203,20220218,20220218,133046000,13:30:47,3408,2986,18202,101933080,0,0,0
bu2203,20220218,20220218,133049000,13:30:50,3408,2986,18202,101933080,0,0,0
bu2203,20220218,20220218,133050500,13:30:51,3408,2986,18202,101933080,0,0,0
bu2203,20220218,20220218,133051000,13:30:52,3408,2986,18202,101933080,0,0,0
bu2203,20220218,20220218,133052500,13:30:54,3408,2986,18202,101933080,0,0,0
bu2203,20220218,20220218,133101500,13:31:01,3408,2986,18202,101933080,0,0,0
bu2203,20220218,20220218,133104500,13:31:07,3408,2986,18202,101933080,0,0,0
bu2203,20220218,20220218,133105000,13:31:08,3408,2986,18202,101933080,0,0,0
bu2203,20220218,20220218,133107000,13:31:08,3408,2986,18202,101933080,0,0,0
bu2203,20220218,20220218,133107500,13:31:09,3408,2986,18202,101933080,0,0,0
bu2203,20220218,20220218,133113000,13:31:13,3408,2986,18202,101933080,0,0,0
bu2203,20220218,20220218,133113500,13:31:14,3412,2998,18206,102342260,12,4,409180
bu2203,20220218,20220218,133114000,13:31:15,3412,2999,18207,102376380,1,1,34120
bu2203,20220218,20220218,133114500,13:31:15,3412,2999,18207,102376380,0,0,0
bu2203,20220218,20220218,133115000,13:31:15,3412,2999,18207,102376380,0,0,0
bu2203,20220218,20220218,133116000,13:31:16,3412,2999,18207,102376380,0,0,0
bu2203,20220218,20220218,133116500,13:31:17,3412,2999,18207,102376380,0,0,0
bu2203,20220218,20220218,133117000,13:31:18,3412,2999,18207,102376380,0,0,0
bu2203,20220218,20220218,133119000,13:31:19,3412,2999,18207,102376380,0,0,0
bu2203,20220218,20220218,133124500,13:31:25,3412,2999,18207,102376380,0,0,0
bu2203,20220218,20220218,133159500,13:32:00,3412,2999,18207,102376380,0,0,0
bu2203,20220218,20220218,133200000,13:32:01,3412,2999,18207,102376380,0,0,0
bu2203,20220218,20220218,133202500,13:32:04,3412,2999,18207,102376380,0,0,0
bu2203,20220218,20220218,133204000,13:32:05,3412,2999,18207,102376380,0,0,0
bu2203,20220218,20220218,133205000,13:32:06,3412,2999,18207,102376380,0,0,0
bu2203,20220218,20220218,133205500,13:32:06,3412,2999,18207,102376380,0,0,0
bu2203,20220218,20220218,133206000,13:32:07,3412,2999,18207,102376380,0,0,0
bu2203,20220218,20220218,133206500,13:32:07,3412,2999,18207,102376380,0,0,0
bu2203,20220218,20220218,133207000,13:32:07,3412,2999,18207,102376380,0,0,0
bu2203,20220218,20220218,133207500,13:32:07,3412,2999,18207,102376380,0,0,0
bu2203,20220218,20220218,133208000,13:32:09,3412,2999,18207,102376380,0,0,0
bu2203,20220218,20220218,133208500,13:32:10,3412,2999,18207,102376380,0,0,0
bu2203,20220218,20220218,133209000,13:32:10,3412,2999,18207,102376380,0,0,0
bu2203,20220218,20220218,133209500,13:32:10,3414,3004,18211,102547080,5,4,170700
bu2203,20220218,20220218,133210000,13:32:11,3414,3004,18211,102547080,0,0,0
bu2203,20220218,20220218,133210500,13:32:14,3414,3004,18211,102547080,0,0,0
bu2203,20220218,20220218,133211000,13:32:14,3414,3004,18211,102547080,0,0,0
bu2203,20220218,20220218,133213000,13:32:15,3414,3004,18211,102547080,0,0,0
bu2203,20220218,20220218,133214000,13:32:15,3414,3004,18211,102547080,0,0,0
bu2203,20220218,20220218,133215000,13:32:16,3414,3004,18211,102547080,0,0,0
bu2203,20220218,20220218,133215500,13:32:16,3414,3004,18211,102547080,0,0,0
bu2203,20220218,20220218,133216000,13:32:17,3414,3004,18211,102547080,0,0,0
bu2203,20220218,20220218,133216500,13:32:17,3414,3004,18211,102547080,0,0,0
bu2203,20220218,20220218,133217000,13:32:17,3414,3004,18211,102547080,0,0,0
bu2203,20220218,20220218,133217500,13:32:18,3414,3004,18211,102547080,0,0,0
bu2203,20220218,20220218,133218000,13:32:18,3414,3004,18211,102547080,0,0,0
bu2203,20220218,20220218,133218500,13:32:19,3414,3004,18211,102547080,0,0,0
bu2203,20220218,20220218,133219000,13:32:20,3414,3004,18211,102547080,0,0,0
bu2203,20220218,20220218,133219500,13:32:20,3414,3004,18211,102547080,0,0,0
bu2203,20220218,20220218,133222500,13:32:24,3414,3004,18211,102547080,0,0,0
bu2203,20220218,20220218,133223000,13:32:24,3414,3004,18211,102547080,0,0,0
bu2203,20220218,20220218,133223500,13:32:24,3414,3004,18211,102547080,0,0,0
bu2203,20220218,20220218,133224000,13:32:24,3414,3004,18211,102547080,0,0,0
bu2203,20220218,20220218,133225500,13:32:26,3414,3004,18211,102547080,0,0,0
bu2203,20220218,20220218,133227000,13:32:27,3414,3004,18211,102547080,0,0,0
bu2203,20220218,20220218,133227500,13:32:31,3414,3004,18211,102547080,0,0,0
bu2203,20220218,20220218,133228000,13:32:32,3414,3004,18211,102547080,0,0,0
bu2203,20220218,20220218,133236000,13:32:37,3414,3004,18211,102547080,0,0,0
bu2203,20220218,20220218,133237500,13:32:38,3414,3004,18211,102547080,0,0,0
bu2203,20220218,20220218,133243500,13:32:44,3414,3004,18211,102547080,0,0,0
bu2203,20220218,20220218,133245500,13:32:45,3414,3004,18211,102547080,0,0,0
bu2203,20220218,20220218,133246000,13:32:47,3414,3004,18211,102547080,0,0,0
bu2203,20220218,20220218,133246500,13:32:47,3414,3004,18211,102547080,0,0,0
bu2203,20220218,20220218,133247000,13:32:47,3414,3004,18211,102547080,0,0,0
bu2203,20220218,20220218,133251500,13:32:53,3414,3004,18211,102547080,0,0,0
bu2203,20220218,20220218,133252500,13:32:53,3414,3004,18211,102547080,0,0,0
bu2203,20220218,20220218,133254000,13:32:54,3414,3004,18211,102547080,0,0,0
bu2203,20220218,20220218,133300500,13:33:01,3414,3004,18211,102547080,0,0,0
bu2203,20220218,20220218,133304000,13:33:04,3414,3004,18211,102547080,0,0,0
bu2203,20220218,20220218,133320000,13:33:21,3414,3004,18211,102547080,0,0,0
bu2203,20220218,20220218,133320500,13:33:21,3414,3004,18211,102547080,0,0,0
bu2203,20220218,20220218,133321000,13:33:22,3414,3004,18211,102547080,0,0,0
bu2203,20220218,20220218,133325000,13:33:26,3414,3004,18211,102547080,0,0,0
bu2203,20220218,20220218,133332000,13:33:32,3414,3004,18211,102547080,0,0,0
bu2203,20220218,20220218,133340500,13:33:41,3414,3004,18211,102547080,0,0,0
bu2203,20220218,20220218,133344500,13:33:45,3414,3004,18211,102547080,0,0,0
bu2203,20220218,20220218,133345500,13:33:47,3414,3004,18211,102547080,0,0,0
bu2203,20220218,20220218,133348000,13:33:49,3414,3004,18211,102547080,0,0,0
bu2203,20220218,20220218,133352500,13:33:52,3414,3004,18211,102547080,0,0,0
bu2203,20220218,20220218,133404500,13:34:12,3414,3004,18211,102547080,0,0,0
bu2203,20220218,20220218,133410500,13:34:12,3414,3004,18211,102547080,0,0,0
bu2203,20220218,20220218,133411500,13:34:12,3414,3004,18211,102547080,0,0,0
bu2203,20220218,20220218,133412000,13:34:12,3414,3004,18211,102547080,0,0,0
bu2203,20220218,20220218,133412500,13:34:13,3414,3004,18211,102547080,0,0,0
bu2203,20220218,20220218,133446000,13:34:46,3414,3004,18211,102547080,0,0,0
bu2203,20220218,20220218,133458000,13:34:58,3414,3004,18211,102547080,0,0,0
bu2203,20220218,20220218,133517000,13:35:17,3412,3009,18207,102717680,5,-4,170600
bu2203,20220218,20220218,133517500,13:35:18,3412,3013,18203,102854160,4,-4,136480
bu2203,20220218,20220218,133518000,13:35:19,3414,3015,18205,102922440,2,2,68280
bu2203,20220218,20220218,133518500,13:35:19,3414,3015,18205,102922440,0,0,0
bu2203,20220218,20220218,133519000,13:35:19,3414,3015,18205,102922440,0,0,0
bu2203,20220218,20220218,133519500,13:35:20,3412,3023,18203,103195460,8,-2,273020
bu2203,20220218,20220218,133520000,13:35:20,3412,3023,18203,103195460,0,0,0
bu2203,20220218,20220218,133520500,13:35:21,3412,3023,18203,103195460,0,0,0
bu2203,20220218,20220218,133522000,13:35:22,3412,3023,18203,103195460,0,0,0
bu2203,20220218,20220218,133522500,13:35:23,3412,3023,18203,103195460,0,0,0
bu2203,20220218,20220218,133524000,13:35:25,3412,3023,18203,103195460,0,0,0
bu2203,20220218,20220218,133524500,13:35:25,3416,3028,18203,103366260,5,0,170800
bu2203,20220218,20220218,133525000,13:35:25,3418,3030,18205,103434620,2,2,68360
bu2203,20220218,20220218,133525500,13:35:26,3418,3032,18203,103502980,2,-2,68360
bu2203,20220218,20220218,133526000,13:35:26,3418,3032,18203,103502980,0,0,0
bu2203,20220218,20220218,133526500,13:35:27,3418,3032,18203,103502980,0,0,0
bu2203,20220218,20220218,133527000,13:35:27,3418,3032,18203,103502980,0,0,0
bu2203,20220218,20220218,133527500,13:35:31,3418,3032,18203,103502980,0,0,0
bu2203,20220218,20220218,133532000,13:35:42,3418,3032,18203,103502980,0,0,0
bu2203,20220218,20220218,133540500,13:35:43,3418,3034,18202,103571340,2,-1,68360
bu2203,20220218,20220218,133542000,13:35:43,3418,3034,18202,103571340,0,0,0
bu2203,20220218,20220218,133559500,13:36:03,3418,3034,18202,103571340,0,0,0
bu2203,20220218,20220218,133603500,13:36:05,3418,3034,18202,103571340,0,0,0
bu2203,20220218,20220218,133604000,13:36:06,3418,3034,18202,103571340,0,0,0
bu2203,20220218,20220218,133607500,13:36:08,3418,3034,18202,103571340,0,0,0
bu2203,20220218,20220218,133611500,13:36:12,3418,3034,18202,103571340,0,0,0
bu2203,20220218,20220218,133612500,13:36:12,3416,3035,18202,103605500,1,0,34160
bu2203,20220218,20220218,133614000,13:36:14,3416,3035,18202,103605500,0,0,0
bu2203,20220218,20220218,133615500,13:36:15,3416,3035,18202,103605500,0,0,0
bu2203,20220218,20220218,133616500,13:36:17,3416,3035,18202,103605500,0,0,0
bu2203,20220218,20220218,133620000,13:36:20,3416,3035,18202,103605500,0,0,0
bu2203,20220218,20220218,133624000,13:36:24,3416,3035,18202,103605500,0,0,0
bu2203,20220218,20220218,133625500,13:36:26,3416,3035,18202,103605500,0,0,0
bu2203,20220218,20220218,133628500,13:36:29,3416,3035,18202,103605500,0,0,0
bu2203,20220218,20220218,133634000,13:36:34,3416,3035,18202,103605500,0,0,0
bu2203,20220218,20220218,133643000,13:36:43,3416,3035,18202,103605500,0,0,0
bu2203,20220218,20220218,133644000,13:36:44,3416,3035,18202,103605500,0,0,0
bu2203,20220218,20220218,133653000,13:36:53,3416,3035,18202,103605500,0,0,0
bu2203,20220218,20220218,133654000,13:36:54,3416,3035,18202,103605500,0,0,0
bu2203,20220218,20220218,133656000,13:36:56,3416,3035,18202,103605500,0,0,0
bu2203,20220218,20220218,133658500,13:36:59,3416,3035,18202,103605500,0,0,0
bu2203,20220218,20220218,133704000,13:37:04,3416,3035,18202,103605500,0,0,0
bu2203,20220218,20220218,133707500,13:37:08,3416,3035,18202,103605500,0,0,0
bu2203,20220218,20220218,133709500,13:37:10,3416,3035,18202,103605500,0,0,0
bu2203,20220218,20220218,133712000,13:37:13,3416,3035,18202,103605500,0,0,0
bu2203,20220218,20220218,133714000,13:37:14,3416,3035,18202,103605500,0,0,0
bu2203,20220218,20220218,133717500,13:37:18,3416,3035,18202,103605500,0,0,0
bu2203,20220218,20220218,133720000,13:37:21,3416,3035,18202,103605500,0,0,0
bu2203,20220218,20220218,133722500,13:37:22,3416,3037,18202,103673820,2,0,68320
bu2203,20220218,20220218,133723000,13:37:23,3416,3037,18202,103673820,0,0,0
bu2203,20220218,20220218,133723500,13:37:23,3416,3037,18202,103673820,0,0,0
bu2203,20220218,20220218,133724000,13:37:24,3416,3037,18202,103673820,0,0,0
bu2203,20220218,20220218,133724500,13:37:25,3416,3037,18202,103673820,0,0,0
bu2203,20220218,20220218,133726500,13:37:27,3416,3037,18202,103673820,0,0,0
bu2203,20220218,20220218,133727000,13:37:27,3416,3037,18202,103673820,0,0,0
bu2203,20220218,20220218,133729000,13:37:29,3416,3037,18202,103673820,0,0,0
bu2203,20220218,20220218,133729500,13:37:30,3416,3037,18202,103673820,0,0,0
bu2203,20220218,20220218,133731500,13:37:31,3416,3037,18202,103673820,0,0,0
bu2203,20220218,20220218,133732500,13:37:33,3416,3037,18202,103673820,0,0,0
bu2203,20220218,20220218,133734000,13:37:34,3416,3037,18202,103673820,0,0,0
bu2203,20220218,20220218,133744000,13:37:45,3416,3037,18202,103673820,0,0,0
bu2203,20220218,20220218,133744500,13:37:45,3416,3037,18202,103673820,0,0,0
bu2203,20220218,20220218,133751000,13:37:51,3416,3037,18202,103673820,0,0,0
bu2203,20220218,20220218,133751500,13:37:52,3416,3037,18202,103673820,0,0,0
bu2203,20220218,20220218,133752000,13:37:53,3416,3037,18202,103673820,0,0,0
bu2203,20220218,20220218,133752500,13:37:54,3416,3037,18202,103673820,0,0,0
bu2203,20220218,20220218,133753000,13:37:54,3416,3037,18202,103673820,0,0,0
bu2203,20220218,20220218,133753500,13:37:55,3416,3037,18202,103673820,0,0,0
bu2203,20220218,20220218,133754000,13:37:55,3416,3037,18202,103673820,0,0,0
bu2203,20220218,20220218,133754500,13:37:55,3416,3037,18202,103673820,0,0,0
bu2203,20220218,20220218,133755000,13:37:55,3416,3037,18202,103673820,0,0,0
bu2203,20220218,20220218,133755500,13:37:55,3420,3053,18215,104221020,16,13,547200
bu2203,20220218,20220218,133756000,13:37:56,3420,3053,18215,104221020,0,0,0
bu2203,20220218,20220218,133756500,13:37:57,3422,3074,18226,104939640,21,11,718620
bu2203,20220218,20220218,133757000,13:37:57,3424,3081,18225,105179200,7,-1,239560
bu2203,20220218,20220218,133757500,13:37:58,3424,3081,18225,105179200,0,0,0
bu2203,20220218,20220218,133758000,13:37:58,3424,3081,18225,105179200,0,0,0
bu2203,20220218,20220218,133758500,13:37:59,3424,3081,18225,105179200,0,0,0
bu2203,20220218,20220218,133759000,13:38:00,3424,3081,18225,105179200,0,0,0
bu2203,20220218,20220218,133759500,13:38:00,3424,3082,18225,105213440,1,0,34240
bu2203,20220218,20220218,133800000,13:38:02,3424,3082,18225,105213440,0,0,0
bu2203,20220218,20220218,133800500,13:38:02,3424,3082,18225,105213440,0,0,0
bu2203,20220218,20220218,133801000,13:38:03,3424,3082,18225,105213440,0,0,0
bu2203,20220218,20220218,133802000,13:38:03,3424,3082,18225,105213440,0,0,0
bu2203,20220218,20220218,133802500,13:38:06,3424,3082,18225,105213440,0,0,0
bu2203,20220218,20220218,133803000,13:38:06,3424,3082,18225,105213440,0,0,0
bu2203,20220218,20220218,133805000,13:38:06,3424,3082,18225,105213440,0,0,0
bu2203,20220218,20220218,133806000,13:38:08,3424,3082,18225,105213440,0,0,0
bu2203,20220218,20220218,133806500,13:38:09,3428,3086,18227,105350520,4,2,137080
bu2203,20220218,20220218,133807000,13:38:09,3428,3086,18227,105350520,0,0,0
bu2203,20220218,20220218,133809000,13:38:09,3428,3086,18227,105350520,0,0,0
bu2203,20220218,20220218,133809500,13:38:10,3428,3086,18227,105350520,0,0,0
bu2203,20220218,20220218,133810000,13:38:10,3428,3086,18227,105350520,0,0,0
bu2203,20220218,20220218,133810500,13:38:11,3428,3086,18227,105350520,0,0,0
bu2203,20220218,20220218,133811000,13:38:14,3428,3086,18227,105350520,0,0,0
bu2203,20220218,20220218,133812500,13:38:14,3428,3086,18227,105350520,0,0,0
bu2203,20220218,20220218,133813500,13:38:15,3430,3088,18229,105419120,2,2,68600
bu2203,20220218,20220218,133814000,13:38:17,3430,3089,18230,105453420,1,1,34300
bu2203,20220218,20220218,133814500,13:38:17,3430,3089,18230,105453420,0,0,0
bu2203,20220218,20220218,133815000,13:38:17,3430,3089,18230,105453420,0,0,0
bu2203,20220218,20220218,133816000,13:38:18,3430,3089,18230,105453420,0,0,0
bu2203,20220218,20220218,133817500,13:38:18,3430,3089,18230,105453420,0,0,0
bu2203,20220218,20220218,133818000,13:38:18,3430,3089,18230,105453420,0,0,0
bu2203,20220218,20220218,133820500,13:38:22,3430,3089,18230,105453420,0,0,0
bu2203,20220218,20220218,133821000,13:38:22,3430,3089,18230,105453420,0,0,0
bu2203,20220218,20220218,133821500,13:38:23,3430,3089,18230,105453420,0,0,0
bu2203,20220218,20220218,133822000,13:38:23,3430,3089,18230,105453420,0,0,0
bu2203,20220218,20220218,133823000,13:38:24,3430,3089,18230,105453420,0,0,0
bu2203,20220218,20220218,133823500,13:38:24,3430,3089,18230,105453420,0,0,0
bu2203,20220218,20220218,133825500,13:38:41,3430,3089,18230,105453420,0,0,0
bu2203,20220218,20220218,133840500,13:38:42,3430,3089,18230,105453420,0,0,0
bu2203,20220218,20220218,133841000,13:38:43,3424,3097,18225,105727460,8,-5,274040
bu2203,20220218,20220218,133841500,13:38:43,3424,3097,18225,105727460,0,0,0
bu2203,20220218,20220218,133842000,13:38:43,3424,3097,18225,105727460,0,0,0
bu2203,20220218,20220218,133842500,13:38:43,3424,3097,18225,105727460,0,0,0
bu2203,20220218,20220218,133843000,13:38:43,3424,3097,18225,105727460,0,0,0
bu2203,20220218,20220218,133843500,13:38:44,3424,3097,18225,105727460,0,0,0
bu2203,20220218,20220218,133844500,13:38:44,3424,3097,18225,105727460,0,0,0
bu2203,20220218,20220218,133845000,13:38:45,3424,3097,18225,105727460,0,0,0
bu2203,20220218,20220218,133845500,13:38:45,3426,3098,18224,105761720,1,-1,34260
bu2203,20220218,20220218,133846000,13:38:46,3426,3098,18224,105761720,0,0,0
bu2203,20220218,20220218,133847000,13:38:47,3426,3098,18224,105761720,0,0,0
bu2203,20220218,20220218,133849500,13:38:49,3426,3098,18224,105761720,0,0,0
bu2203,20220218,20220218,133850500,13:38:50,3426,3098,18224,105761720,0,0,0
bu2203,20220218,20220218,133852000,13:38:52,3426,3098,18224,105761720,0,0,0
bu2203,20220218,20220218,133854500,13:38:54,3426,3098,18224,105761720,0,0,0
bu2203,20220218,20220218,133856500,13:38:56,3426,3098,18224,105761720,0,0,0
bu2203,20220218,20220218,133858000,13:38:58,3426,3098,18224,105761720,0,0,0
bu2203,20220218,20220218,133900000,13:39:00,3426,3098,18224,105761720,0,0,0
bu2203,20220218,20220218,133901000,13:39:01,3426,3098,18224,105761720,0,0,0
bu2203,20220218,20220218,133902000,13:39:02,3426,3098,18224,105761720,0,0,0
bu2203,20220218,20220218,133903000,13:39:03,3426,3098,18224,105761720,0,0,0
bu2203,20220218,20220218,133912000,13:39:12,3426,3098,18224,105761720,0,0,0
bu2203,20220218,20220218,133914000,13:39:15,3428,3100,18225,105830280,2,1,68560
bu2203,20220218,20220218,133914500,13:39:18,3428,3100,18225,105830280,0,0,0
bu2203,20220218,20220218,133915000,13:39:18,3428,3100,18225,105830280,0,0,0
bu2203,20220218,20220218,133918000,13:39:19,3428,3100,18225,105830280,0,0,0
bu2203,20220218,20220218,133923000,13:39:23,3428,3100,18225,105830280,0,0,0
bu2203,20220218,20220218,133924500,13:39:24,3428,3100,18225,105830280,0,0,0
bu2203,20220218,20220218,133926500,13:39:26,3428,3100,18225,105830280,0,0,0
bu2203,20220218,20220218,133928500,13:39:28,3428,3100,18225,105830280,0,0,0
bu2203,20220218,20220218,133929500,13:39:29,3428,3100,18225,105830280,0,0,0
bu2203,20220218,20220218,133933500,13:39:33,3428,3100,18225,105830280,0,0,0
bu2203,20220218,20220218,133935000,13:39:35,3428,3100,18225,105830280,0,0,0
bu2203,20220218,20220218,133936000,13:39:36,3428,3100,18225,105830280,0,0,0
bu2203,20220218,20220218,133937500,13:39:37,3428,3100,18225,105830280,0,0,0
bu2203,20220218,20220218,133939000,13:39:39,3428,3100,18225,105830280,0,0,0
bu2203,20220218,20220218,133940500,13:39:41,3428,3100,18225,105830280,0,0,0
bu2203,20220218,20220218,133945000,13:39:45,3428,3100,18225,105830280,0,0,0
bu2203,20220218,20220218,133945500,13:39:46,3428,3100,18225,105830280,0,0,0
bu2203,20220218,20220218,133946000,13:39:47,3430,3101,18225,105864580,1,0,34300
bu2203,20220218,20220218,133947500,13:39:47,3430,3101,18225,105864580,0,0,0
bu2203,20220218,20220218,133948000,13:39:48,3430,3101,18225,105864580,0,0,0
bu2203,20220218,20220218,133949000,13:39:49,3430,3101,18225,105864580,0,0,0
bu2203,20220218,20220218,133950500,13:39:50,3430,3101,18225,105864580,0,0,0
bu2203,20220218,20220218,133952000,13:39:53,3430,3101,18225,105864580,0,0,0
bu2203,20220218,20220218,133953000,13:39:54,3430,3101,18225,105864580,0,0,0
bu2203,20220218,20220218,133953500,13:39:54,3430,3101,18225,105864580,0,0,0
bu2203,20220218,20220218,133956000,13:39:56,3430,3101,18225,105864580,0,0,0
bu2203,20220218,20220218,133956500,13:39:57,3430,3101,18225,105864580,0,0,0
bu2203,20220218,20220218,134012000,13:40:13,3430,3101,18225,105864580,0,0,0
bu2203,20220218,20220218,134014500,13:40:16,3430,3101,18225,105864580,0,0,0
bu2203,20220218,20220218,134017500,13:40:18,3430,3101,18225,105864580,0,0,0
bu2203,20220218,20220218,134022000,13:40:22,3430,3101,18225,105864580,0,0,0
bu2203,20220218,20220218,134024500,13:40:25,3430,3101,18225,105864580,0,0,0
bu2203,20220218,20220218,134025000,13:40:25,3430,3101,18225,105864580,0,0,0
bu2203,20220218,20220218,134028500,13:40:30,3430,3101,18225,105864580,0,0,0
bu2203,20220218,20220218,134032000,13:40:32,3430,3101,18225,105864580,0,0,0
bu2203,20220218,20220218,134037000,13:40:37,3426,3103,18227,105933100,2,2,68520
bu2203,20220218,20220218,134037500,13:40:37,3426,3103,18227,105933100,0,0,0
bu2203,20220218,20220218,134038000,13:40:38,3426,3103,18227,105933100,0,0,0
bu2203,20220218,20220218,134038500,13:40:38,3426,3103,18227,105933100,0,0,0
bu2203,20220218,20220218,134039000,13:40:39,3426,3103,18227,105933100,0,0,0
bu2203,20220218,20220218,134040000,13:40:41,3426,3103,18227,105933100,0,0,0
bu2203,20220218,20220218,134041500,13:40:42,3426,3103,18227,105933100,0,0,0
bu2203,20220218,20220218,134042000,13:40:42,3426,3103,18227,105933100,0,0,0
bu2203,20220218,20220218,134043500,13:40:44,3426,3103,18227,105933100,0,0,0
bu2203,20220218,20220218,134047500,13:40:47,3426,3103,18227,105933100,0,0,0
bu2203,20220218,20220218,134048500,13:40:48,3426,3103,18227,105933100,0,0,0
bu2203,20220218,20220218,134051000,13:40:55,3426,3103,18227,105933100,0,0,0
bu2203,20220218,20220218,134054000,13:40:55,3426,3103,18227,105933100,0,0,0
bu2203,20220218,20220218,134058500,13:40:59,3426,3103,18227,105933100,0,0,0
bu2203,20220218,20220218,134059000,13:40:59,3426,3103,18227,105933100,0,0,0
bu2203,20220218,20220218,134100000,13:41:00,3426,3103,18227,105933100,0,0,0
bu2203,20220218,20220218,134103000,13:41:05,3426,3103,18227,105933100,0,0,0
bu2203,20220218,20220218,134107000,13:41:09,3426,3103,18227,105933100,0,0,0
bu2203,20220218,20220218,134109000,13:41:10,3426,3103,18227,105933100,0,0,0
bu2203,20220218,20220218,134109500,13:41:10,3426,3103,18227,105933100,0,0,0
bu2203,20220218,20220218,134110000,13:41:10,3426,3103,18227,105933100,0,0,0
bu2203,20220218,20220218,134111000,13:41:11,3426,3103,18227,105933100,0,0,0
bu2203,20220218,20220218,134111500,13:41:11,3426,3103,18227,105933100,0,0,0
bu2203,20220218,20220218,134117500,13:41:19,3426,3103,18227,105933100,0,0,0
bu2203,20220218,20220218,134118500,13:41:19,3426,3103,18227,105933100,0,0,0
bu2203,20220218,20220218,134120000,13:41:20,3426,3103,18227,105933100,0,0,0
bu2203,20220218,20220218,134122500,13:41:24,3426,3103,18227,105933100,0,0,0
bu2203,20220218,20220218,134126000,13:41:27,3426,3103,18227,105933100,0,0,0
bu2203,20220218,20220218,134126500,13:41:27,3426,3103,18227,105933100,0,0,0
bu2203,20220218,20220218,134127000,13:41:27,3426,3103,18227,105933100,0,0,0
bu2203,20220218,20220218,134128500,13:41:28,3426,3103,18227,105933100,0,0,0
bu2203,20220218,20220218,134130000,13:41:30,3426,3103,18227,105933100,0,0,0
bu2203,20220218,20220218,134133000,13:41:33,3426,3103,18227,105933100,0,0,0
bu2203,20220218,20220218,134133500,13:41:34,3426,3103,18227,105933100,0,0,0
bu2203,20220218,20220218,134134000,13:41:34,3426,3103,18227,105933100,0,0,0
bu2203,20220218,20220218,134134500,13:41:34,3426,3103,18227,105933100,0,0,0
bu2203,20220218,20220218,134135000,13:41:35,3426,3103,18227,105933100,0,0,0
bu2203,20220218,20220218,134136500,13:41:40,3430,3107,18227,106070240,4,0,137140
bu2203,20220218,20220218,134139000,13:41:42,3430,3107,18227,106070240,0,0,0
bu2203,20220218,20220218,134140500,13:41:42,3430,3107,18227,106070240,0,0,0
bu2203,20220218,20220218,134141500,13:41:42,3430,3107,18227,106070240,0,0,0
bu2203,20220218,20220218,134143000,13:41:44,3430,3107,18227,106070240,0,0,0
bu2203,20220218,20220218,134145500,13:41:45,3430,3107,18227,106070240,0,0,0
bu2203,20220218,20220218,134148000,13:41:48,3430,3107,18227,106070240,0,0,0
bu2203,20220218,20220218,134148500,13:41:48,3430,3107,18227,106070240,0,0,0
bu2203,20220218,20220218,134149000,13:41:50,3430,3107,18227,106070240,0,0,0
bu2203,20220218,20220218,134151500,13:41:52,3430,3107,18227,106070240,0,0,0
bu2203,20220218,20220218,134153500,13:42:01,3430,3107,18227,106070240,0,0,0
bu2203,20220218,20220218,134154000,13:42:02,3430,3107,18227,106070240,0,0,0
bu2203,20220218,20220218,134154500,13:42:02,3430,3107,18227,106070240,0,0,0
bu2203,20220218,20220218,134201500,13:42:10,3430,3107,18227,106070240,0,0,0
bu2203,20220218,20220218,134202500,13:42:11,3430,3107,18227,106070240,0,0,0
bu2203,20220218,20220218,134209000,13:42:12,3430,3107,18227,106070240,0,0,0
bu2203,20220218,20220218,134211000,13:42:12,3430,3107,18227,106070240,0,0,0
bu2203,20220218,20220218,134214000,13:42:14,3430,3107,18227,106070240,0,0,0
bu2203,20220218,20220218,134214500,13:42:15,3430,3107,18227,106070240,0,0,0
bu2203,20220218,20220218,134215000,13:42:15,3430,3107,18227,106070240,0,0,0
bu2203,20220218,20220218,134215500,13:42:16,3430,3107,18227,106070240,0,0,0
bu2203,20220218,20220218,134216500,13:42:17,3430,3107,18227,106070240,0,0,0
bu2203,20220218,20220218,134218000,13:42:20,3430,3107,18227,106070240,0,0,0
bu2203,20220218,20220218,134219500,13:42:20,3430,3107,18227,106070240,0,0,0
bu2203,20220218,20220218,134220000,13:42:21,3430,3107,18227,106070240,0,0,0
bu2203,20220218,20220218,134221000,13:42:21,3430,3107,18227,106070240,0,0,0
bu2203,20220218,20220218,134221500,13:42:22,3430,3107,18227,106070240,0,0,0
bu2203,20220218,20220218,134223500,13:42:24,3430,3107,18227,106070240,0,0,0
bu2203,20220218,20220218,134224000,13:42:24,3430,3107,18227,106070240,0,0,0
bu2203,20220218,20220218,134227500,13:42:29,3430,3107,18227,106070240,0,0,0
bu2203,20220218,20220218,134228000,13:42:29,3430,3107,18227,106070240,0,0,0
bu2203,20220218,20220218,134228500,13:42:29,3430,3107,18227,106070240,0,0,0
bu2203,20220218,20220218,134239500,13:42:39,3430,3107,18227,106070240,0,0,0
bu2203,20220218,20220218,134255500,13:42:55,3430,3107,18227,106070240,0,0,0
bu2203,20220218,20220218,134256500,13:42:57,3430,3107,18227,106070240,0,0,0
bu2203,20220218,20220218,134257000,13:42:59,3430,3107,18227,106070240,0,0,0
bu2203,20220218,20220218,134258000,13:42:59,3430,3107,18227,106070240,0,0,0
bu2203,20220218,20220218,134259000,13:42:59,3430,3107,18227,106070240,0,0,0
bu2203,20220218,20220218,134259500,13:43:01,3430,3107,18227,106070240,0,0,0
bu2203,20220218,20220218,134300000,13:43:02,3430,3107,18227,106070240,0,0,0
bu2203,20220218,20220218,134305000,13:43:12,3430,3107,18227,106070240,0,0,0
bu2203,20220218,20220218,134310500,13:43:12,3430,3107,18227,106070240,0,0,0
bu2203,20220218,20220218,134312000,13:43:14,3430,3107,18227,106070240,0,0,0
bu2203,20220218,20220218,134312500,13:43:14,3430,3107,18227,106070240,0,0,0
bu2203,20220218,20220218,134314500,13:43:15,3430,3107,18227,106070240,0,0,0
bu2203,20220218,20220218,134316000,13:43:16,3430,3107,18227,106070240,0,0,0
bu2203,20220218,20220218,134317000,13:43:17,3430,3107,18227,106070240,0,0,0
bu2203,20220218,20220218,134319500,13:43:19,3430,3107,18227,106070240,0,0,0
bu2203,20220218,20220218,134321500,13:43:21,3430,3107,18227,106070240,0,0,0
bu2203,20220218,20220218,134322000,13:43:22,3430,3107,18227,106070240,0,0,0
bu2203,20220218,20220218,134322500,13:43:23,3430,3107,18227,106070240,0,0,0
bu2203,20220218,20220218,134325000,13:43:25,3430,3107,18227,106070240,0,0,0
bu2203,20220218,20220218,134327500,13:43:27,3430,3107,18227,106070240,0,0,0
bu2203,20220218,20220218,134331500,13:43:31,3430,3107,18227,106070240,0,0,0
bu2203,20220218,20220218,134332500,13:43:32,3430,3107,18227,106070240,0,0,0
bu2203,20220218,20220218,134333000,13:43:33,3430,3107,18227,106070240,0,0,0
bu2203,20220218,20220218,134336500,13:43:37,3430,3107,18227,106070240,0,0,0
bu2203,20220218,20220218,134337000,13:43:37,3430,3107,18227,106070240,0,0,0
bu2203,20220218,20220218,134339000,13:43:43,3430,3107,18227,106070240,0,0,0
bu2203,20220218,20220218,134352500,13:44:04,3430,3107,18227,106070240,0,0,0
bu2203,20220218,20220218,134356000,13:44:04,3430,3107,18227,106070240,0,0,0
bu2203,20220218,20220218,134403000,13:44:04,3430,3107,18227,106070240,0,0,0
bu2203,20220218,20220218,134410500,13:44:17,3430,3107,18227,106070240,0,0,0
bu2203,20220218,20220218,134416000,13:44:17,3430,3107,18227,106070240,0,0,0
bu2203,20220218,20220218,134418000,13:44:18,3430,3107,18227,106070240,0,0,0
bu2203,20220218,20220218,134418500,13:44:19,3430,3107,18227,106070240,0,0,0
bu2203,20220218,20220218,134422000,13:44:23,3430,3107,18227,106070240,0,0,0
bu2203,20220218,20220218,134430500,13:44:37,3426,3115,18222,106344480,8,-5,274240
bu2203,20220218,20220218,134431000,13:44:37,3426,3115,18222,106344480,0,0,0
bu2203,20220218,20220218,134435500,13:44:37,3426,3115,18222,106344480,0,0,0
bu2203,20220218,20220218,134442000,13:44:42,3426,3115,18222,106344480,0,0,0
bu2203,20220218,20220218,134448000,13:44:48,3426,3115,18222,106344480,0,0,0
bu2203,20220218,20220218,134451500,13:44:52,3426,3115,18222,106344480,0,0,0
bu2203,20220218,20220218,134452000,13:44:53,3426,3115,18222,106344480,0,0,0
bu2203,20220218,20220218,134454000,13:44:54,3426,3115,18222,106344480,0,0,0
bu2203,20220218,20220218,134459500,13:44:59,3426,3115,18222,106344480,0,0,0
bu2203,20220218,20220218,134502000,13:45:02,3426,3115,18222,106344480,0,0,0
bu2203,20220218,20220218,134504000,13:45:08,3426,3115,18222,106344480,0,0,0
bu2203,20220218,20220218,134504500,13:45:09,3426,3115,18222,106344480,0,0,0
bu2203,20220218,20220218,134508000,13:45:09,3426,3115,18222,106344480,0,0,0
bu2203,20220218,20220218,134508500,13:45:09,3428,3117,18220,106413040,2,-2,68560
bu2203,20220218,20220218,134509000,13:45:10,3428,3117,18220,106413040,0,0,0
bu2203,20220218,20220218,134509500,13:45:10,3428,3117,18220,106413040,0,0,0
bu2203,20220218,20220218,134514000,13:45:15,3428,3117,18220,106413040,0,0,0
bu2203,20220218,20220218,134515500,13:45:17,3428,3117,18220,106413040,0,0,0
bu2203,20220218,20220218,134516500,13:45:17,3428,3117,18220,106413040,0,0,0
bu2203,20220218,20220218,134523500,13:45:24,3428,3117,18220,106413040,0,0,0
bu2203,20220218,20220218,134524000,13:45:25,3428,3117,18220,106413040,0,0,0
bu2203,20220218,20220218,134525500,13:45:27,3428,3117,18220,106413040,0,0,0
bu2203,20220218,20220218,134527000,13:45:30,3428,3117,18220,106413040,0,0,0
bu2203,20220218,20220218,134527500,13:45:30,3428,3117,18220,106413040,0,0,0
bu2203,20220218,20220218,134533000,13:45:33,3428,3117,18220,106413040,0,0,0
bu2203,20220218,20220218,134535500,13:45:35,3428,3117,18220,106413040,0,0,0
bu2203,20220218,20220218,134540000,13:45:40,3428,3117,18220,106413040,0,0,0
bu2203,20220218,20220218,134543000,13:45:46,3428,3117,18220,106413040,0,0,0
bu2203,20220218,20220218,134545500,13:45:46,3428,3117,18220,106413040,0,0,0
bu2203,20220218,20220218,134547500,13:45:47,3428,3117,18220,106413040,0,0,0
bu2203,20220218,20220218,134548000,13:45:48,3428,3117,18220,106413040,0,0,0
bu2203,20220218,20220218,134550000,13:45:53,3428,3117,18220,106413040,0,0,0
bu2203,20220218,20220218,134552500,13:45:54,3428,3117,18220,106413040,0,0,0
bu2203,20220218,20220218,134555000,13:45:56,3428,3117,18220,106413040,0,0,0
bu2203,20220218,20220218,134555500,13:45:57,3428,3117,18220,106413040,0,0,0
bu2203,20220218,20220218,134600500,13:46:01,3428,3117,18220,106413040,0,0,0
bu2203,20220218,20220218,134601000,13:46:02,3428,3117,18220,106413040,0,0,0
bu2203,20220218,20220218,134605500,13:46:05,3428,3117,18220,106413040,0,0,0
bu2203,20220218,20220218,134606000,13:46:06,3428,3117,18220,106413040,0,0,0
bu2203,20220218,20220218,134606500,13:46:07,3428,3117,18220,106413040,0,0,0
bu2203,20220218,20220218,134607500,13:46:08,3428,3117,18220,106413040,0,0,0
bu2203,20220218,20220218,134609000,13:46:09,3428,3117,18220,106413040,0,0,0
bu2203,20220218,20220218,134609500,13:46:10,3428,3117,18220,106413040,0,0,0
bu2203,20220218,20220218,134611500,13:46:11,3428,3117,18220,106413040,0,0,0
bu2203,20220218,20220218,134615500,13:46:17,3428,3117,18220,106413040,0,0,0
bu2203,20220218,20220218,134616000,13:46:18,3428,3117,18220,106413040,0,0,0
bu2203,20220218,20220218,134618500,13:46:19,3428,3117,18220,106413040,0,0,0
bu2203,20220218,20220218,134621000,13:46:21,3428,3117,18220,106413040,0,0,0
bu2203,20220218,20220218,134627000,13:46:31,3428,3117,18220,106413040,0,0,0
bu2203,20220218,20220218,134630500,13:46:31,3428,3117,18220,106413040,0,0,0
bu2203,20220218,20220218,134631000,13:46:31,3428,3117,18220,106413040,0,0,0
bu2203,20220218,20220218,134634000,13:46:34,3428,3117,18220,106413040,0,0,0
bu2203,20220218,20220218,134635500,13:46:36,3428,3117,18220,106413040,0,0,0
bu2203,20220218,20220218,134636500,13:46:37,3428,3117,18220,106413040,0,0,0
bu2203,20220218,20220218,134640500,13:46:42,3428,3117,18220,106413040,0,0,0
bu2203,20220218,20220218,134641500,13:46:43,3430,3118,18220,106447340,1,0,34300
bu2203,20220218,20220218,134647000,13:46:47,3430,3118,18220,106447340,0,0,0
bu2203,20220218,20220218,134649500,13:46:50,3430,3118,18220,106447340,0,0,0
bu2203,20220218,20220218,134655500,13:46:55,3430,3118,18220,106447340,0,0,0
bu2203,20220218,20220218,134657500,13:46:57,3430,3118,18220,106447340,0,0,0
bu2203,20220218,20220218,134705500,13:47:06,3430,3118,18220,106447340,0,0,0
bu2203,20220218,20220218,134709500,13:47:11,3430,3118,18220,106447340,0,0,0
bu2203,20220218,20220218,134711000,13:47:16,3430,3118,18220,106447340,0,0,0
bu2203,20220218,20220218,134711500,13:47:16,3430,3118,18220,106447340,0,0,0
bu2203,20220218,20220218,134712000,13:47:16,3430,3118,18220,106447340,0,0,0
bu2203,20220218,20220218,134713500,13:47:17,3430,3118,18220,106447340,0,0,0
bu2203,20220218,20220218,134717500,13:47:19,3430,3118,18220,106447340,0,0,0
bu2203,20220218,20220218,134718000,13:47:19,3426,3120,18221,106515860,2,1,68520
bu2203,20220218,20220218,134718500,13:47:19,3426,3120,18221,106515860,0,0,0
bu2203,20220218,20220218,134719000,13:47:19,3426,3120,18221,106515860,0,0,0
bu2203,20220218,20220218,134720000,13:47:20,3426,3120,18221,106515860,0,0,0
bu2203,20220218,20220218,134720500,13:47:21,3426,3120,18221,106515860,0,0,0
bu2203,20220218,20220218,134721000,13:47:22,3426,3120,18221,106515860,0,0,0
bu2203,20220218,20220218,134721500,13:47:22,3426,3120,18221,106515860,0,0,0
bu2203,20220218,20220218,134722000,13:47:26,3426,3120,18221,106515860,0,0,0
bu2203,20220218,20220218,134723000,13:47:26,3426,3120,18221,106515860,0,0,0
bu2203,20220218,20220218,134726000,13:47:27,3426,3120,18221,106515860,0,0,0
bu2203,20220218,20220218,134728500,13:47:28,3426,3120,18221,106515860,0,0,0
bu2203,20220218,20220218,134732000,13:47:32,3426,3120,18221,106515860,0,0,0
bu2203,20220218,20220218,134732500,13:47:33,3426,3120,18221,106515860,0,0,0
bu2203,20220218,20220218,134733000,13:47:34,3426,3120,18221,106515860,0,0,0
bu2203,20220218,20220218,134736500,13:47:37,3426,3120,18221,106515860,0,0,0
bu2203,20220218,20220218,134737000,13:47:37,3426,3120,18221,106515860,0,0,0
bu2203,20220218,20220218,134739500,13:47:40,3426,3120,18221,106515860,0,0,0
bu2203,20220218,20220218,134742500,13:47:42,3426,3120,18221,106515860,0,0,0
bu2203,20220218,20220218,134743000,13:47:43,3426,3120,18221,106515860,0,0,0
bu2203,20220218,20220218,134745500,13:47:46,3426,3120,18221,106515860,0,0,0
bu2203,20220218,20220218,134746000,13:47:47,3426,3120,18221,106515860,0,0,0
bu2203,20220218,20220218,134756500,13:47:56,3426,3120,18221,106515860,0,0,0
bu2203,20220218,20220218,134800500,13:48:00,3426,3120,18221,106515860,0,0,0
bu2203,20220218,20220218,134802000,13:48:02,3426,3120,18221,106515860,0,0,0
bu2203,20220218,20220218,134805000,13:48:05,3426,3120,18221,106515860,0,0,0
bu2203,20220218,20220218,134807000,13:48:07,3426,3120,18221,106515860,0,0,0
bu2203,20220218,20220218,134816000,13:48:16,3426,3120,18221,106515860,0,0,0
bu2203,20220218,20220218,134818000,13:48:19,3426,3120,18221,106515860,0,0,0
bu2203,20220218,20220218,134818500,13:48:20,3426,3120,18221,106515860,0,0,0
bu2203,20220218,20220218,134820500,13:48:22,3426,3120,18221,106515860,0,0,0
bu2203,20220218,20220218,134823000,13:48:23,3426,3120,18221,106515860,0,0,0
bu2203,20220218,20220218,134824000,13:48:24,3426,3120,18221,106515860,0,0,0
bu2203,20220218,20220218,134824500,13:48:24,3426,3120,18221,106515860,0,0,0
bu2203,20220218,20220218,134827000,13:48:28,3426,3120,18221,106515860,0,0,0
bu2203,20220218,20220218,134829500,13:48:30,3426,3120,18221,106515860,0,0,0
bu2203,20220218,20220218,134832000,13:48:32,3426,3120,18221,106515860,0,0,0
bu2203,20220218,20220218,134833000,13:48:33,3426,3120,18221,106515860,0,0,0
bu2203,20220218,20220218,134834500,13:48:36,3426,3120,18221,106515860,0,0,0
bu2203,20220218,20220218,134838500,13:48:38,3426,3120,18221,106515860,0,0,0
bu2203,20220218,20220218,134843000,13:48:43,3426,3120,18221,106515860,0,0,0
bu2203,20220218,20220218,134844000,13:48:44,3426,3120,18221,106515860,0,0,0
bu2203,20220218,20220218,134847000,13:48:47,3426,3120,18221,106515860,0,0,0
bu2203,20220218,20220218,134853000,13:48:54,3426,3120,18221,106515860,0,0,0
bu2203,20220218,20220218,134855000,13:48:56,3426,3120,18221,106515860,0,0,0
bu2203,20220218,20220218,134858000,13:48:59,3426,3120,18221,106515860,0,0,0
bu2203,20220218,20220218,134900500,13:49:01,3426,3120,18221,106515860,0,0,0
bu2203,20220218,20220218,134903000,13:49:03,3426,3120,18221,106515860,0,0,0
bu2203,20220218,20220218,134904000,13:49:04,3426,3120,18221,106515860,0,0,0
bu2203,20220218,20220218,134906000,13:49:06,3426,3120,18221,106515860,0,0,0
bu2203,20220218,20220218,134913000,13:49:13,3426,3120,18221,106515860,0,0,0
bu2203,20220218,20220218,134917000,13:49:17,3426,3120,18221,106515860,0,0,0
bu2203,20220218,20220218,134919500,13:49:20,3426,3120,18221,106515860,0,0,0
bu2203,20220218,20220218,134923000,13:49:24,3426,3120,18221,106515860,0,0,0
bu2203,20220218,20220218,134924500,13:49:25,3424,3122,18223,106584340,2,2,68480
bu2203,20220218,20220218,134925000,13:49:25,3424,3122,18223,106584340,0,0,0
bu2203,20220218,20220218,134925500,13:49:26,3424,3122,18223,106584340,0,0,0
bu2203,20220218,20220218,134926000,13:49:26,3424,3122,18223,106584340,0,0,0
bu2203,20220218,20220218,134926500,13:49:27,3424,3122,18223,106584340,0,0,0
bu2203,20220218,20220218,134927000,13:49:28,3424,3122,18223,106584340,0,0,0
bu2203,20220218,20220218,134927500,13:49:28,3424,3122,18223,106584340,0,0,0
bu2203,20220218,20220218,134929000,13:49:29,3424,3122,18223,106584340,0,0,0
bu2203,20220218,20220218,134929500,13:49:30,3424,3122,18223,106584340,0,0,0
bu2203,20220218,20220218,134930000,13:49:30,3424,3122,18223,106584340,0,0,0
bu2203,20220218,20220218,134932000,13:49:32,3424,3122,18223,106584340,0,0,0
bu2203,20220218,20220218,134932500,13:49:32,3424,3122,18223,106584340,0,0,0
bu2203,20220218,20220218,134933000,13:49:33,3424,3122,18223,106584340,0,0,0
bu2203,20220218,20220218,134935500,13:49:36,3424,3122,18223,106584340,0,0,0
bu2203,20220218,20220218,134943000,13:49:43,3424,3122,18223,106584340,0,0,0
bu2203,20220218,20220218,134950000,13:49:50,3424,3122,18223,106584340,0,0,0
bu2203,20220218,20220218,134953000,13:49:54,3424,3122,18223,106584340,0,0,0
bu2203,20220218,20220218,134954500,13:49:55,3424,3122,18223,106584340,0,0,0
bu2203,20220218,20220218,134955500,13:49:56,3424,3122,18223,106584340,0,0,0
bu2203,20220218,20220218,134957000,13:49:57,3424,3122,18223,106584340,0,0,0
bu2203,20220218,20220218,135001500,13:50:02,3424,3122,18223,106584340,0,0,0
bu2203,20220218,20220218,135003000,13:50:03,3424,3122,18223,106584340,0,0,0
bu2203,20220218,20220218,135004500,13:50:05,3424,3122,18223,106584340,0,0,0
bu2203,20220218,20220218,135005000,13:50:05,3424,3122,18223,106584340,0,0,0
bu2203,20220218,20220218,135007000,13:50:07,3424,3122,18223,106584340,0,0,0
bu2203,20220218,20220218,135007500,13:50:09,3424,3122,18223,106584340,0,0,0
bu2203,20220218,20220218,135025500,13:50:27,3424,3122,18223,106584340,0,0,0
bu2203,20220218,20220218,135029000,13:50:35,3424,3122,18223,106584340,0,0,0
bu2203,20220218,20220218,135033000,13:50:37,3424,3122,18223,106584340,0,0,0
bu2203,20220218,20220218,135038000,13:50:39,3424,3122,18223,106584340,0,0,0
bu2203,20220218,20220218,135041500,13:50:42,3424,3122,18223,106584340,0,0,0
bu2203,20220218,20220218,135042000,13:50:43,3424,3122,18223,106584340,0,0,0
bu2203,20220218,20220218,135043000,13:50:43,3424,3122,18223,106584340,0,0,0
bu2203,20220218,20220218,135045500,13:50:46,3424,3122,18223,106584340,0,0,0
bu2203,20220218,20220218,135046000,13:50:47,3424,3122,18223,106584340,0,0,0
bu2203,20220218,20220218,135049000,13:50:49,3424,3122,18223,106584340,0,0,0
bu2203,20220218,20220218,135051500,13:50:52,3424,3122,18223,106584340,0,0,0
bu2203,20220218,20220218,135053000,13:50:53,3424,3122,18223,106584340,0,0,0
bu2203,20220218,20220218,135055500,13:50:56,3424,3122,18223,106584340,0,0,0
bu2203,20220218,20220218,135103000,13:51:03,3424,3122,18223,106584340,0,0,0
bu2203,20220218,20220218,135108000,13:51:21,3424,3122,18223,106584340,0,0,0
bu2203,20220218,20220218,135119500,13:51:21,3424,3122,18223,106584340,0,0,0
bu2203,20220218,20220218,135122000,13:51:22,3424,3122,18223,106584340,0,0,0
bu2203,20220218,20220218,135122500,13:51:23,3428,3124,18224,106652900,2,1,68560
bu2203,20220218,20220218,135123000,13:51:23,3428,3124,18224,106652900,0,0,0
bu2203,20220218,20220218,135124000,13:51:24,3428,3124,18224,106652900,0,0,0
bu2203,20220218,20220218,135124500,13:51:24,3428,3124,18224,106652900,0,0,0
bu2203,20220218,20220218,135127000,13:51:27,3428,3124,18224,106652900,0,0,0
bu2203,20220218,20220218,135135500,13:51:35,3428,3124,18224,106652900,0,0,0
bu2203,20220218,20220218,135148500,13:51:49,3428,3124,18224,106652900,0,0,0
bu2203,20220218,20220218,135149500,13:51:50,3428,3124,18224,106652900,0,0,0
bu2203,20220218,20220218,135159000,13:51:59,3428,3124,18224,106652900,0,0,0
bu2203,20220218,20220218,135200500,13:52:00,3428,3124,18224,106652900,0,0,0
bu2203,20220218,20220218,135202000,13:52:03,3428,3124,18224,106652900,0,0,0
bu2203,20220218,20220218,135202500,13:52:03,3428,3124,18224,106652900,0,0,0
bu2203,20220218,20220218,135203000,13:52:04,3428,3124,18224,106652900,0,0,0
bu2203,20220218,20220218,135203500,13:52:04,3428,3124,18224,106652900,0,0,0
bu2203,20220218,20220218,135204500,13:52:05,3428,3124,18224,106652900,0,0,0
bu2203,20220218,20220218,135211000,13:52:12,3428,3124,18224,106652900,0,0,0
bu2203,20220218,20220218,135211500,13:52:12,3428,3124,18224,106652900,0,0,0
bu2203,20220218,20220218,135213000,13:52:13,3428,3124,18224,106652900,0,0,0
bu2203,20220218,20220218,135213500,13:52:13,3428,3124,18224,106652900,0,0,0
bu2203,20220218,20220218,135214000,13:52:14,3428,3124,18224,106652900,0,0,0
bu2203,20220218,20220218,135215000,13:52:15,3428,3124,18224,106652900,0,0,0
bu2203,20220218,20220218,135217500,13:52:19,3428,3124,18224,106652900,0,0,0
bu2203,20220218,20220218,135220500,13:52:24,3428,3124,18224,106652900,0,0,0
bu2203,20220218,20220218,135223000,13:52:24,3428,3124,18224,106652900,0,0,0
bu2203,20220218,20220218,135225500,13:52:25,3428,3124,18224,106652900,0,0,0
bu2203,20220218,20220218,135230500,13:52:32,3428,3124,18224,106652900,0,0,0
bu2203,20220218,20220218,135231000,13:52:32,3428,3124,18224,106652900,0,0,0
bu2203,20220218,20220218,135233500,13:52:33,3428,3124,18224,106652900,0,0,0
bu2203,20220218,20220218,135236500,13:52:44,3428,3124,18224,106652900,0,0,0
bu2203,20220218,20220218,135243500,13:52:45,3428,3124,18224,106652900,0,0,0
bu2203,20220218,20220218,135245500,13:52:48,3428,3124,18224,106652900,0,0,0
bu2203,20220218,20220218,135251500,13:52:51,3428,3124,18224,106652900,0,0,0
bu2203,20220218,20220218,135253500,13:52:54,3428,3124,18224,106652900,0,0,0
bu2203,20220218,20220218,135254000,13:52:54,3428,3124,18224,106652900,0,0,0
bu2203,20220218,20220218,135256500,13:52:57,3428,3124,18224,106652900,0,0,0
bu2203,20220218,20220218,135302000,13:53:02,3428,3124,18224,106652900,0,0,0
bu2203,20220218,20220218,135303500,13:53:04,3428,3124,18224,106652900,0,0,0
bu2203,20220218,20220218,135304000,13:53:06,3428,3124,18224,106652900,0,0,0
bu2203,20220218,20220218,135304500,13:53:06,3428,3124,18224,106652900,0,0,0
bu2203,20220218,20220218,135305000,13:53:07,3428,3124,18224,106652900,0,0,0
bu2203,20220218,20220218,135305500,13:53:08,3428,3124,18224,106652900,0,0,0
bu2203,20220218,20220218,135306000,13:53:08,3428,3124,18224,106652900,0,0,0
bu2203,20220218,20220218,135306500,13:53:09,3428,3124,18224,106652900,0,0,0
bu2203,20220218,20220218,135307000,13:53:09,3428,3124,18224,106652900,0,0,0
bu2203,20220218,20220218,135309500,13:53:09,3428,3124,18224,106652900,0,0,0
bu2203,20220218,20220218,135310000,13:53:10,3428,3124,18224,106652900,0,0,0
bu2203,20220218,20220218,135310500,13:53:11,3428,3124,18224,106652900,0,0,0
bu2203,20220218,20220218,135313500,13:53:13,3428,3124,18224,106652900,0,0,0
bu2203,20220218,20220218,135322500,13:53:23,3428,3124,18224,106652900,0,0,0
bu2203,20220218,20220218,135323000,13:53:23,3428,3124,18224,106652900,0,0,0
bu2203,20220218,20220218,135323500,13:53:23,3428,3124,18224,106652900,0,0,0
bu2203,20220218,20220218,135333500,13:53:33,3428,3124,18224,106652900,0,0,0
bu2203,20220218,20220218,135334000,13:53:35,3428,3124,18224,106652900,0,0,0
bu2203,20220218,20220218,135335000,13:53:36,3424,3126,18223,106721380,2,-1,68480
bu2203,20220218,20220218,135335500,13:53:36,3424,3126,18223,106721380,0,0,0
bu2203,20220218,20220218,135336000,13:53:44,3424,3126,18223,106721380,0,0,0
bu2203,20220218,20220218,135336500,13:53:44,3424,3126,18223,106721380,0,0,0
bu2203,20220218,20220218,135337000,13:53:45,3424,3126,18223,106721380,0,0,0
bu2203,20220218,20220218,135340500,13:53:45,3424,3126,18223,106721380,0,0,0
bu2203,20220218,20220218,135346500,13:53:47,3424,3126,18223,106721380,0,0,0
bu2203,20220218,20220218,135349500,13:53:50,3424,3126,18223,106721380,0,0,0
bu2203,20220218,20220218,135356000,13:53:56,3424,3126,18223,106721380,0,0,0
bu2203,20220218,20220218,135356500,13:53:57,3424,3126,18223,106721380,0,0,0
bu2203,20220218,20220218,135357000,13:53:57,3424,3126,18223,106721380,0,0,0
bu2203,20220218,20220218,135406500,13:54:09,3424,3126,18223,106721380,0,0,0
bu2203,20220218,20220218,135408500,13:54:09,3424,3126,18223,106721380,0,0,0
bu2203,20220218,20220218,135411000,13:54:11,3424,3126,18223,106721380,0,0,0
bu2203,20220218,20220218,135411500,13:54:12,3424,3126,18223,106721380,0,0,0
bu2203,20220218,20220218,135416500,13:54:16,3424,3126,18223,106721380,0,0,0
bu2203,20220218,20220218,135418500,13:54:18,3422,3128,18224,106789820,2,1,68440
bu2203,20220218,20220218,135419000,13:54:19,3422,3128,18224,106789820,0,0,0
bu2203,20220218,20220218,135419500,13:54:20,3422,3128,18224,106789820,0,0,0
bu2203,20220218,20220218,135420000,13:54:20,3422,3128,18224,106789820,0,0,0
bu2203,20220218,20220218,135420500,13:54:21,3422,3128,18224,106789820,0,0,0
bu2203,20220218,20220218,135421000,13:54:21,3422,3128,18224,106789820,0,0,0
bu2203,20220218,20220218,135421500,13:54:21,3422,3128,18224,106789820,0,0,0
bu2203,20220218,20220218,135426000,13:54:26,3422,3128,18224,106789820,0,0,0
bu2203,20220218,20220218,135426500,13:54:27,3422,3128,18224,106789820,0,0,0
bu2203,20220218,20220218,135430000,13:54:31,3422,3128,18224,106789820,0,0,0
bu2203,20220218,20220218,135438000,13:54:38,3422,3128,18224,106789820,0,0,0
bu2203,20220218,20220218,135440000,13:54:40,3422,3128,18224,106789820,0,0,0
bu2203,20220218,20220218,135441500,13:54:42,3422,3128,18224,106789820,0,0,0
bu2203,20220218,20220218,135445500,13:54:45,3422,3128,18224,106789820,0,0,0
bu2203,20220218,20220218,135449500,13:54:50,3422,3128,18224,106789820,0,0,0
bu2203,20220218,20220218,135450000,13:54:50,3422,3128,18224,106789820,0,0,0
bu2203,20220218,20220218,135457000,13:54:57,3422,3128,18224,106789820,0,0,0
bu2203,20220218,20220218,135459500,13:55:00,3422,3128,18224,106789820,0,0,0
bu2203,20220218,20220218,135500000,13:55:00,3422,3128,18224,106789820,0,0,0
bu2203,20220218,20220218,135502000,13:55:03,3422,3128,18224,106789820,0,0,0
bu2203,20220218,20220218,135502500,13:55:03,3422,3128,18224,106789820,0,0,0
bu2203,20220218,20220218,135503000,13:55:03,3422,3128,18224,106789820,0,0,0
bu2203,20220218,20220218,135513000,13:55:15,3422,3128,18224,106789820,0,0,0
bu2203,20220218,20220218,135517000,13:55:21,3422,3128,18224,106789820,0,0,0
bu2203,20220218,20220218,135519500,13:55:25,3422,3128,18224,106789820,0,0,0
bu2203,20220218,20220218,135523000,13:55:25,3422,3128,18224,106789820,0,0,0
bu2203,20220218,20220218,135526500,13:55:27,3422,3128,18224,106789820,0,0,0
bu2203,20220218,20220218,135527000,13:55:28,3422,3128,18224,106789820,0,0,0
bu2203,20220218,20220218,135527500,13:55:28,3422,3128,18224,106789820,0,0,0
bu2203,20220218,20220218,135533000,13:55:33,3422,3128,18224,106789820,0,0,0
bu2203,20220218,20220218,135534500,13:55:34,3422,3128,18224,106789820,0,0,0
bu2203,20220218,20220218,135535000,13:55:35,3422,3128,18224,106789820,0,0,0
bu2203,20220218,20220218,135535500,13:55:36,3422,3128,18224,106789820,0,0,0
bu2203,20220218,20220218,135536000,13:55:37,3422,3128,18224,106789820,0,0,0
bu2203,20220218,20220218,135536500,13:55:37,3422,3128,18224,106789820,0,0,0
bu2203,20220218,20220218,135537000,13:55:37,3422,3128,18224,106789820,0,0,0
bu2203,20220218,20220218,135541000,13:55:41,3422,3128,18224,106789820,0,0,0
bu2203,20220218,20220218,135541500,13:55:41,3422,3128,18224,106789820,0,0,0
bu2203,20220218,20220218,135543000,13:55:45,3422,3128,18224,106789820,0,0,0
bu2203,20220218,20220218,135543500,13:55:45,3422,3128,18224,106789820,0,0,0
bu2203,20220218,20220218,135544000,13:55:45,3422,3128,18224,106789820,0,0,0
bu2203,20220218,20220218,135546500,13:55:47,3422,3128,18224,106789820,0,0,0
bu2203,20220218,20220218,135551500,13:55:52,3422,3128,18224,106789820,0,0,0
bu2203,20220218,20220218,135552000,13:55:52,3422,3128,18224,106789820,0,0,0
bu2203,20220218,20220218,135553000,13:55:53,3422,3128,18224,106789820,0,0,0
bu2203,20220218,20220218,135553500,13:55:54,3422,3128,18224,106789820,0,0,0
bu2203,20220218,20220218,135554000,13:55:54,3422,3128,18224,106789820,0,0,0
bu2203,20220218,20220218,135556000,13:55:57,3422,3128,18224,106789820,0,0,0
bu2203,20220218,20220218,135556500,13:55:58,3422,3128,18224,106789820,0,0,0
bu2203,20220218,20220218,135558500,13:55:58,3422,3128,18224,106789820,0,0,0
bu2203,20220218,20220218,135559000,13:55:59,3426,3130,18224,106858340,2,0,68520
bu2203,20220218,20220218,135559500,13:55:59,3426,3131,18225,106892600,1,1,34260
bu2203,20220218,20220218,135600000,13:56:02,3426,3131,18225,106892600,0,0,0
bu2203,20220218,20220218,135600500,13:56:02,3426,3131,18225,106892600,0,0,0
bu2203,20220218,20220218,135601500,13:56:03,3426,3131,18225,106892600,0,0,0
bu2203,20220218,20220218,135603000,13:56:23,3426,3131,18225,106892600,0,0,0
bu2203,20220218,20220218,135618500,13:56:23,3426,3131,18225,106892600,0,0,0
bu2203,20220218,20220218,135623000,13:56:24,3426,3131,18225,106892600,0,0,0
bu2203,20220218,20220218,135626000,13:56:33,3422,3134,18224,106995340,3,-1,102740
bu2203,20220218,20220218,135626500,13:56:34,3422,3134,18224,106995340,0,0,0
bu2203,20220218,20220218,135627000,13:56:34,3422,3134,18224,106995340,0,0,0
bu2203,20220218,20220218,135633000,13:56:35,3422,3134,18224,106995340,0,0,0
bu2203,20220218,20220218,135642000,13:56:43,3422,3134,18224,106995340,0,0,0
bu2203,20220218,20220218,135642500,13:56:43,3422,3134,18224,106995340,0,0,0
bu2203,20220218,20220218,135643000,13:56:44,3422,3134,18224,106995340,0,0,0
bu2203,20220218,20220218,135650000,13:56:51,3422,3134,18224,106995340,0,0,0
bu2203,20220218,20220218,135651500,13:56:52,3422,3134,18224,106995340,0,0,0
bu2203,20220218,20220218,135653000,13:56:53,3422,3134,18224,106995340,0,0,0
bu2203,20220218,20220218,135656000,13:56:56,3422,3134,18224,106995340,0,0,0
bu2203,20220218,20220218,135700000,13:57:01,3422,3134,18224,106995340,0,0,0
bu2203,20220218,20220218,135700500,13:57:02,3422,3134,18224,106995340,0,0,0
bu2203,20220218,20220218,135701000,13:57:02,3422,3134,18224,106995340,0,0,0
bu2203,20220218,20220218,135701500,13:57:02,3422,3134,18224,106995340,0,0,0
bu2203,20220218,20220218,135702000,13:57:02,3422,3134,18224,106995340,0,0,0
bu2203,20220218,20220218,135702500,13:57:02,3422,3134,18224,106995340,0,0,0
