hc2203,20220218,20220218,111959000,11:20:04,4951,98,6749,4830090,98,-33,4830090
hc2203,20220218,20220218,112004000,11:20:09,4951,98,6749,4830090,0,0,0
hc2203,20220218,20220218,112013000,11:20:13,4951,98,6749,4830090,0,0,0
hc2203,20220218,20220218,112013500,11:20:13,4951,98,6749,4830090,0,0,0
hc2203,20220218,20220218,112014000,11:20:14,4951,98,6749,4830090,0,0,0
hc2203,20220218,20220218,112014500,11:20:14,4951,98,6749,4830090,0,0,0
hc2203,20220218,20220218,112015000,11:20:15,4951,98,6749,4830090,0,0,0
hc2203,20220218,20220218,112015500,11:20:16,4951,98,6749,4830090,0,0,0
hc2203,20220218,20220218,112016000,11:20:16,4951,98,6749,4830090,0,0,0
hc2203,20220218,20220218,112016500,11:20:16,4951,98,6749,4830090,0,0,0
hc2203,20220218,20220218,112017000,11:20:17,4951,98,6749,4830090,0,0,0
hc2203,20220218,20220218,112017500,11:20:17,4951,98,6749,4830090,0,0,0
hc2203,20220218,20220218,112018000,11:20:18,4951,98,6749,4830090,0,0,0
hc2203,20220218,20220218,112018500,11:20:18,4951,98,6749,4830090,0,0,0
hc2203,20220218,20220218,112019000,11:20:19,4951,98,6749,4830090,0,0,0
hc2203,20220218,20220218,112022500,11:20:23,4951,98,6749,4830090,0,0,0
hc2203,20220218,20220218,112023000,11:20:23,4951,98,6749,4830090,0,0,0
hc2203,20220218,20220218,112027500,11:20:28,4951,98,6749,4830090,0,0,0
hc2203,20220218,20220218,112029000,11:20:29,4951,98,6749,4830090,0,0,0
hc2203,20220218,20220218,112032000,11:20:32,4951,98,6749,4830090,0,0,0
hc2203,20220218,20220218,112040000,11:20:40,4951,98,6749,4830090,0,0,0
hc2203,20220218,20220218,112041000,11:20:41,4951,98,6749,4830090,0,0,0
hc2203,20220218,20220218,112043500,11:20:44,4951,98,6749,4830090,0,0,0
hc2203,20220218,20220218,112048000,11:20:49,4951,98,6749,4830090,0,0,0
hc2203,20220218,20220218,112048500,11:20:50,4951,98,6749,4830090,0,0,0
hc2203,20220218,20220218,112049000,11:20:50,4951,98,6749,4830090,0,0,0
hc2203,20220218,20220218,112051000,11:20:51,4951,98,6749,4830090,0,0,0
hc2203,20220218,20220218,112054000,11:20:54,4951,98,6749,4830090,0,0,0
hc2203,20220218,20220218,112054500,11:20:55,4951,98,6749,4830090,0,0,0
hc2203,20220218,20220218,112058000,11:20:58,4951,98,6749,4830090,0,0,0
hc2203,20220218,20220218,112058500,11:20:59,4951,98,6749,4830090,0,0,0
hc2203,20220218,20220218,112103000,11:21:03,4951,98,6749,4830090,0,0,0
hc2203,20220218,20220218,112104000,11:21:05,4951,98,6749,4830090,0,0,0
hc2203,20220218,20220218,112104500,11:21:05,4951,98,6749,4830090,0,0,0
hc2203,20220218,20220218,112105000,11:21:06,4951,98,6749,4830090,0,0,0
hc2203,20220218,20220218,112105500,11:21:07,4951,98,6749,4830090,0,0,0
hc2203,20220218,20220218,112106000,11:21:07,4951,98,6749,4830090,0,0,0
hc2203,20220218,20220218,112109500,11:21:10,4951,98,6749,4830090,0,0,0
hc2203,20220218,20220218,112112000,11:21:12,4951,98,6749,4830090,0,0,0
hc2203,20220218,20220218,112112500,11:21:13,4951,98,6749,4830090,0,0,0
hc2203,20220218,20220218,112113000,11:21:13,4951,98,6749,4830090,0,0,0
hc2203,20220218,20220218,112113500,11:21:13,4951,98,6749,4830090,0,0,0
hc2203,20220218,20220218,112114000,11:21:14,4951,98,6749,4830090,0,0,0
hc2203,20220218,20220218,112114500,11:21:14,4951,98,6749,4830090,0,0,0
hc2203,20220218,20220218,112115000,11:21:15,4951,98,6749,4830090,0,0,0
hc2203,20220218,20220218,112116000,11:21:16,4951,98,6749,4830090,0,0,0
hc2203,20220218,20220218,112116500,11:21:17,4951,98,6749,4830090,0,0,0
hc2203,20220218,20220218,112123000,11:21:23,4951,98,6749,4830090,0,0,0
hc2203,20220218,20220218,112123500,11:21:23,4951,98,6749,4830090,0,0,0
hc2203,20220218,20220218,112124000,11:21:24,4951,98,6749,4830090,0,0,0
hc2203,20220218,20220218,112125000,11:23:32,4951,98,6749,4830090,0,0,0
hc2203,20220218,20220218,112125500,11:23:32,4951,98,6749,4830090,0,0,0
hc2203,20220218,20220218,112126000,11:23:33,4951,98,6749,4830090,0,0,0
hc2203,20220218,20220218,112332000,11:23:33,4951,98,6749,4830090,0,0,0
hc2203,20220218,20220218,112337500,11:23:38,4951,98,6749,4830090,0,0,0
hc2203,20220218,20220218,112338000,11:23:38,4951,98,6749,4830090,0,0,0
hc2203,20220218,20220218,112338500,11:23:38,4951,98,6749,4830090,0,0,0
hc2203,20220218,20220218,112341000,11:23:41,4951,98,6749,4830090,0,0,0
hc2203,20220218,20220218,112342500,11:23:42,4951,98,6749,4830090,0,0,0
hc2203,20220218,20220218,112343000,11:23:43,4951,98,6749,4830090,0,0,0
hc2203,20220218,20220218,112343500,11:23:43,4951,98,6749,4830090,0,0,0
hc2203,20220218,20220218,112344000,11:23:46,4951,98,6749,4830090,0,0,0
hc2203,20220218,20220218,112344500,11:23:48,4951,98,6749,4830090,0,0,0
hc2203,20220218,20220218,112345000,11:23:48,4951,98,6749,4830090,0,0,0
hc2203,20220218,20220218,112345500,11:23:48,4951,98,6749,4830090,0,0,0
hc2203,20220218,20220218,112346500,11:23:48,4951,98,6749,4830090,0,0,0
hc2203,20220218,20220218,112348500,11:23:49,4951,98,6749,4830090,0,0,0
hc2203,20220218,20220218,112353500,11:23:53,4951,98,6749,4830090,0,0,0
hc2203,20220218,20220218,112354000,11:23:54,4951,98,6749,4830090,0,0,0
hc2203,20220218,20220218,112354500,11:23:55,4951,98,6749,4830090,0,0,0
hc2203,20220218,20220218,112355000,11:23:55,4951,98,6749,4830090,0,0,0
hc2203,20220218,20220218,112356000,11:23:56,4951,98,6749,4830090,0,0,0
hc2203,20220218,20220218,112356500,11:23:56,4951,98,6749,4830090,0,0,0
hc2203,20220218,20220218,112409000,11:24:11,4951,98,6749,4830090,0,0,0
hc2203,20220218,20220218,112417500,11:24:18,4951,98,6749,4830090,0,0,0
hc2203,20220218,20220218,112418000,11:24:18,4951,98,6749,4830090,0,0,0
hc2203,20220218,20220218,112423500,11:24:23,4951,98,6749,4830090,0,0,0
hc2203,20220218,20220218,112424000,11:24:24,4951,98,6749,4830090,0,0,0
hc2203,20220218,20220218,112424500,11:24:24,4951,98,6749,4830090,0,0,0
hc2203,20220218,20220218,112427000,11:24:27,4951,98,6749,4830090,0,0,0
hc2203,20220218,20220218,112427500,11:24:28,4951,98,6749,4830090,0,0,0
hc2203,20220218,20220218,112428500,11:24:28,4951,98,6749,4830090,0,0,0
hc2203,20220218,20220218,112434000,11:24:34,4951,98,6749,4830090,0,0,0
hc2203,20220218,20220218,112434500,11:24:34,4951,98,6749,4830090,0,0,0
hc2203,20220218,20220218,112436000,11:24:36,4951,98,6749,4830090,0,0,0
hc2203,20220218,20220218,112439000,11:24:40,4951,98,6749,4830090,0,0,0
hc2203,20220218,20220218,112439500,11:24:40,4951,98,6749,4830090,0,0,0
hc2203,20220218,20220218,112440000,11:24:40,4951,98,6749,4830090,0,0,0
hc2203,20220218,20220218,112440500,11:24:40,4951,98,6749,4830090,0,0,0
hc2203,20220218,20220218,112500500,11:25:01,4951,98,6749,4830090,0,0,0
hc2203,20220218,20220218,112501500,11:25:05,4951,98,6749,4830090,0,0,0
hc2203,20220218,20220218,112502000,11:25:05,4951,98,6749,4830090,0,0,0
hc2203,20220218,20220218,112504500,11:25:06,4951,98,6749,4830090,0,0,0
hc2203,20220218,20220218,112507000,11:25:07,4951,98,6749,4830090,0,0,0
hc2203,20220218,20220218,112509000,11:25:09,4951,98,6749,4830090,0,0,0
hc2203,20220218,20220218,112511000,11:25:11,4951,98,6749,4830090,0,0,0
hc2203,20220218,20220218,112514500,11:25:15,4951,98,6749,4830090,0,0,0
hc2203,20220218,20220218,112515000,11:25:16,4951,98,6749,4830090,0,0,0
hc2203,20220218,20220218,112523000,11:25:23,4951,98,6749,4830090,0,0,0
hc2203,20220218,20220218,112530000,11:25:31,4951,98,6749,4830090,0,0,0
hc2203,20220218,20220218,112531000,11:25:31,4983,110,6737,5428050,12,-12,597960
hc2203,20220218,20220218,112531500,11:25:32,4983,110,6737,5428050,0,0,0
hc2203,20220218,20220218,112532000,11:25:32,4983,110,6737,5428050,0,0,0
hc2203,20220218,20220218,112533000,11:25:33,4983,110,6737,5428050,0,0,0
hc2203,20220218,20220218,112542500,11:25:43,4983,110,6737,5428050,0,0,0
hc2203,20220218,20220218,112543500,11:25:43,4983,110,6737,5428050,0,0,0
hc2203,20220218,20220218,112544000,11:25:44,4983,110,6737,5428050,0,0,0
hc2203,20220218,20220218,112544500,11:25:44,4983,110,6737,5428050,0,0,0
hc2203,20220218,20220218,112547000,11:25:48,4983,110,6737,5428050,0,0,0
hc2203,20220218,20220218,112547500,11:25:48,4983,110,6737,5428050,0,0,0
hc2203,20220218,20220218,112548000,11:25:48,4983,110,6737,5428050,0,0,0
hc2203,20220218,20220218,112548500,11:25:48,4983,110,6737,5428050,0,0,0
hc2203,20220218,20220218,112549000,11:25:49,4983,110,6737,5428050,0,0,0
hc2203,20220218,20220218,112549500,11:25:49,4983,110,6737,5428050,0,0,0
hc2203,20220218,20220218,112550000,11:25:50,4983,110,6737,5428050,0,0,0
hc2203,20220218,20220218,112550500,11:25:51,4983,110,6737,5428050,0,0,0
hc2203,20220218,20220218,112551000,11:25:51,4983,110,6737,5428050,0,0,0
hc2203,20220218,20220218,112552000,11:25:52,4983,110,6737,5428050,0,0,0
hc2203,20220218,20220218,112558000,11:25:59,4983,110,6737,5428050,0,0,0
hc2203,20220218,20220218,112603500,11:26:04,4983,110,6737,5428050,0,0,0
hc2203,20220218,20220218,112610000,11:26:10,4983,110,6737,5428050,0,0,0
hc2203,20220218,20220218,112611000,11:26:11,4983,110,6737,5428050,0,0,0
hc2203,20220218,20220218,112611500,11:26:13,4983,110,6737,5428050,0,0,0
hc2203,20220218,20220218,112615500,11:26:16,4983,110,6737,5428050,0,0,0
hc2203,20220218,20220218,112624000,11:26:24,4983,110,6737,5428050,0,0,0
hc2203,20220218,20220218,112631000,11:26:31,4983,110,6737,5428050,0,0,0
hc2203,20220218,20220218,112645000,11:27:11,4983,110,6737,5428050,0,0,0
hc2203,20220218,20220218,112704500,11:27:12,4983,110,6737,5428050,0,0,0
hc2203,20220218,20220218,112728500,11:27:28,4983,110,6737,5428050,0,0,0
hc2203,20220218,20220218,112729000,11:27:29,4983,110,6737,5428050,0,0,0
hc2203,20220218,20220218,112738000,11:27:39,4983,110,6737,5428050,0,0,0
hc2203,20220218,20220218,112742000,11:27:42,4983,110,6737,5428050,0,0,0
hc2203,20220218,20220218,112747000,11:27:47,4983,110,6737,5428050,0,0,0
hc2203,20220218,20220218,112752000,11:27:54,4983,110,6737,5428050,0,0,0
hc2203,20220218,20220218,112754500,11:27:55,4983,110,6737,5428050,0,0,0
hc2203,20220218,20220218,112804000,11:28:05,4983,110,6737,5428050,0,0,0
hc2203,20220218,20220218,112807000,11:28:10,4983,110,6737,5428050,0,0,0
hc2203,20220218,20220218,112827000,11:28:27,4983,110,6737,5428050,0,0,0
hc2203,20220218,20220218,112829000,11:28:29,4983,110,6737,5428050,0,0,0
hc2203,20220218,20220218,112829500,11:28:30,4983,110,6737,5428050,0,0,0
hc2203,20220218,20220218,112830000,11:28:30,4983,110,6737,5428050,0,0,0
hc2203,20220218,20220218,112830500,11:28:31,4983,110,6737,5428050,0,0,0
hc2203,20220218,20220218,112831000,11:28:31,4983,110,6737,5428050,0,0,0
hc2203,20220218,20220218,112831500,11:28:31,4983,110,6737,5428050,0,0,0
hc2203,20220218,20220218,112832000,11:28:32,4983,110,6737,5428050,0,0,0
hc2203,20220218,20220218,112838500,11:28:38,4983,110,6737,5428050,0,0,0
hc2203,20220218,20220218,112839000,11:28:40,4983,110,6737,5428050,0,0,0
hc2203,20220218,20220218,112841000,11:28:41,4983,110,6737,5428050,0,0,0
hc2203,20220218,20220218,112841500,11:28:41,4983,110,6737,5428050,0,0,0
hc2203,20220218,20220218,112842000,11:28:42,4983,110,6737,5428050,0,0,0
hc2203,20220218,20220218,112845500,11:28:46,4983,110,6737,5428050,0,0,0
hc2203,20220218,20220218,112850500,11:28:51,4983,110,6737,5428050,0,0,0
hc2203,20220218,20220218,112851000,11:28:51,4983,110,6737,5428050,0,0,0
hc2203,20220218,20220218,112851500,11:28:51,4983,110,6737,5428050,0,0,0
hc2203,20220218,20220218,112855500,11:28:56,4983,110,6737,5428050,0,0,0
hc2203,20220218,20220218,112856000,11:28:56,4983,110,6737,5428050,0,0,0
hc2203,20220218,20220218,112906000,11:29:06,4983,110,6737,5428050,0,0,0
hc2203,20220218,20220218,112911000,11:29:11,4983,110,6737,5428050,0,0,0
hc2203,20220218,20220218,112911500,11:29:12,4983,110,6737,5428050,0,0,0
hc2203,20220218,20220218,112912000,11:29:12,4983,110,6737,5428050,0,0,0
hc2203,20220218,20220218,112914500,11:29:15,4983,110,6737,5428050,0,0,0
hc2203,20220218,20220218,112916000,11:29:16,4983,110,6737,5428050,0,0,0
hc2203,20220218,20220218,112919500,11:29:21,4983,110,6737,5428050,0,0,0
hc2203,20220218,20220218,112924000,11:29:24,4983,110,6737,5428050,0,0,0
hc2203,20220218,20220218,112925500,11:29:25,4983,110,6737,5428050,0,0,0
hc2203,20220218,20220218,112927000,11:29:27,4983,110,6737,5428050,0,0,0
hc2203,20220218,20220218,112931000,11:29:32,4983,110,6737,5428050,0,0,0
hc2203,20220218,20220218,112931500,11:29:32,4983,110,6737,5428050,0,0,0
hc2203,20220218,20220218,112932000,11:29:36,4983,110,6737,5428050,0,0,0
hc2203,20220218,20220218,112933500,11:29:38,4983,110,6737,5428050,0,0,0
hc2203,20220218,20220218,112935500,11:29:38,4983,110,6737,5428050,0,0,0
hc2203,20220218,20220218,112938500,11:29:39,4983,110,6737,5428050,0,0,0
hc2203,20220218,20220218,112945500,11:29:46,4983,110,6737,5428050,0,0,0
hc2203,20220218,20220218,112952000,11:29:53,4983,110,6737,5428050,0,0,0
hc2203,20220218,20220218,112955500,11:29:56,4983,110,6737,5428050,0,0,0
hc2203,20220218,20220218,112959500,11:30:02,4983,110,6737,5428050,0,0,0
hc2203,20220218,20220218,113001500,11:30:03,4983,110,6737,5428050,0,0,0
hc2203,20220218,20220218,133002000,13:30:08,4983,110,6737,5428050,0,0,0
hc2203,20220218,20220218,133002500,13:30:10,4983,110,6737,5428050,0,0,0
hc2203,20220218,20220218,133008000,13:30:10,4983,110,6737,5428050,0,0,0
hc2203,20220218,20220218,133009500,13:30:10,4983,110,6737,5428050,0,0,0
hc2203,20220218,20220218,133010000,13:30:11,4983,110,6737,5428050,0,0,0
hc2203,20220218,20220218,133010500,13:30:12,4983,110,6737,5428050,0,0,0
hc2203,20220218,20220218,133011000,13:30:13,4983,110,6737,5428050,0,0,0
hc2203,20220218,20220218,133011500,13:30:13,4983,110,6737,5428050,0,0,0
hc2203,20220218,20220218,133012500,13:30:13,4983,110,6737,5428050,0,0,0
hc2203,20220218,20220218,133017000,13:30:18,4983,110,6737,5428050,0,0,0
hc2203,20220218,20220218,133017500,13:30:19,4983,110,6737,5428050,0,0,0
hc2203,20220218,20220218,133018000,13:30:19,4983,110,6737,5428050,0,0,0
hc2203,20220218,20220218,133021000,13:30:21,4983,110,6737,5428050,0,0,0
hc2203,20220218,20220218,133036500,13:30:40,4983,110,6737,5428050,0,0,0
hc2203,20220218,20220218,133047000,13:30:48,4983,110,6737,5428050,0,0,0
hc2203,20220218,20220218,133053500,13:30:54,4983,110,6737,5428050,0,0,0
hc2203,20220218,20220218,133054000,13:30:55,4983,110,6737,5428050,0,0,0
hc2203,20220218,20220218,133054500,13:30:55,4983,110,6737,5428050,0,0,0
hc2203,20220218,20220218,133100000,13:31:00,4983,110,6737,5428050,0,0,0
hc2203,20220218,20220218,133101500,13:31:01,4983,110,6737,5428050,0,0,0
hc2203,20220218,20220218,133102500,13:31:03,4983,110,6737,5428050,0,0,0
hc2203,20220218,20220218,133103500,13:31:05,4983,110,6737,5428050,0,0,0
hc2203,20220218,20220218,133106000,13:31:08,4983,110,6737,5428050,0,0,0
hc2203,20220218,20220218,133111000,13:31:11,4983,110,6737,5428050,0,0,0
hc2203,20220218,20220218,133113000,13:31:13,4983,110,6737,5428050,0,0,0
hc2203,20220218,20220218,133116500,13:31:17,4983,110,6737,5428050,0,0,0
hc2203,20220218,20220218,133200500,13:32:01,4983,110,6737,5428050,0,0,0
hc2203,20220218,20220218,133210000,13:32:12,4983,110,6737,5428050,0,0,0
hc2203,20220218,20220218,133211000,13:32:14,4983,110,6737,5428050,0,0,0
hc2203,20220218,20220218,133211500,13:32:15,4983,110,6737,5428050,0,0,0
hc2203,20220218,20220218,133218000,13:32:18,4983,110,6737,5428050,0,0,0
hc2203,20220218,20220218,133219000,13:32:20,4983,110,6737,5428050,0,0,0
hc2203,20220218,20220218,133226500,13:32:27,4983,110,6737,5428050,0,0,0
hc2203,20220218,20220218,133248000,13:32:49,4983,110,6737,5428050,0,0,0
hc2203,20220218,20220218,133249500,13:32:50,4983,110,6737,5428050,0,0,0
hc2203,20220218,20220218,133250000,13:32:50,4983,110,6737,5428050,0,0,0
hc2203,20220218,20220218,133251000,13:32:52,4983,110,6737,5428050,0,0,0
hc2203,20220218,20220218,133251500,13:32:53,4983,110,6737,5428050,0,0,0
hc2203,20220218,20220218,133254500,13:32:55,4983,110,6737,5428050,0,0,0
hc2203,20220218,20220218,133255000,13:32:55,4983,110,6737,5428050,0,0,0
hc2203,20220218,20220218,133257000,13:32:59,4983,110,6737,5428050,0,0,0
hc2203,20220218,20220218,133257500,13:33:00,4983,110,6737,5428050,0,0,0
hc2203,20220218,20220218,133258000,13:33:00,4983,110,6737,5428050,0,0,0
hc2203,20220218,20220218,133258500,13:33:00,4983,110,6737,5428050,0,0,0
hc2203,20220218,20220218,133259500,13:33:01,4983,110,6737,5428050,0,0,0
hc2203,20220218,20220218,133303000,13:33:04,4983,110,6737,5428050,0,0,0
hc2203,20220218,20220218,133303500,13:33:04,4983,110,6737,5428050,0,0,0
hc2203,20220218,20220218,133304000,13:33:04,4983,110,6737,5428050,0,0,0
hc2203,20220218,20220218,133307000,13:33:07,4983,110,6737,5428050,0,0,0
hc2203,20220218,20220218,133317000,13:33:18,4983,110,6737,5428050,0,0,0
hc2203,20220218,20220218,133319000,13:33:20,4983,110,6737,5428050,0,0,0
hc2203,20220218,20220218,133319500,13:33:20,4983,110,6737,5428050,0,0,0
hc2203,20220218,20220218,133320500,13:33:21,4983,110,6737,5428050,0,0,0
hc2203,20220218,20220218,133321500,13:33:22,4983,110,6737,5428050,0,0,0
hc2203,20220218,20220218,133322000,13:33:22,4983,110,6737,5428050,0,0,0
hc2203,20220218,20220218,133322500,13:33:22,4983,110,6737,5428050,0,0,0
hc2203,20220218,20220218,133323000,13:33:23,4983,110,6737,5428050,0,0,0
hc2203,20220218,20220218,133325000,13:33:26,4983,110,6737,5428050,0,0,0
hc2203,20220218,20220218,133325500,13:33:27,4983,110,6737,5428050,0,0,0
hc2203,20220218,20220218,133339500,13:33:40,4983,110,6737,5428050,0,0,0
hc2203,20220218,20220218,133340000,13:33:40,4983,110,6737,5428050,0,0,0
hc2203,20220218,20220218,133340500,13:33:41,4983,110,6737,5428050,0,0,0
hc2203,20220218,20220218,133401000,13:34:02,4983,110,6737,5428050,0,0,0
hc2203,20220218,20220218,133413500,13:34:14,4983,110,6737,5428050,0,0,0
hc2203,20220218,20220218,133421000,13:34:23,4983,110,6737,5428050,0,0,0
hc2203,20220218,20220218,133421500,13:34:23,4983,110,6737,5428050,0,0,0
hc2203,20220218,20220218,133422500,13:34:24,4983,110,6737,5428050,0,0,0
hc2203,20220218,20220218,133436000,13:34:36,4983,110,6737,5428050,0,0,0
hc2203,20220218,20220218,133454500,13:34:56,4983,110,6737,5428050,0,0,0
hc2203,20220218,20220218,133516000,13:35:16,4983,110,6737,5428050,0,0,0
hc2203,20220218,20220218,133524500,13:35:25,4983,110,6737,5428050,0,0,0
hc2203,20220218,20220218,133525500,13:35:26,4983,110,6737,5428050,0,0,0
hc2203,20220218,20220218,133526000,13:35:26,4983,110,6737,5428050,0,0,0
hc2203,20220218,20220218,133526500,13:35:27,4983,110,6737,5428050,0,0,0
hc2203,20220218,20220218,133527000,13:35:31,4983,110,6737,5428050,0,0,0
hc2203,20220218,20220218,133528000,13:35:32,4983,110,6737,5428050,0,0,0
hc2203,20220218,20220218,133531000,13:35:33,4983,110,6737,5428050,0,0,0
hc2203,20220218,20220218,133531500,13:35:41,4983,110,6737,5428050,0,0,0
hc2203,20220218,20220218,133540500,13:35:43,4983,110,6737,5428050,0,0,0
hc2203,20220218,20220218,133543000,13:35:44,4983,110,6737,5428050,0,0,0
hc2203,20220218,20220218,133544000,13:35:44,4983,110,6737,5428050,0,0,0
hc2203,20220218,20220218,133544500,13:35:45,4983,110,6737,5428050,0,0,0
hc2203,20220218,20220218,133545000,13:35:46,4983,110,6737,5428050,0,0,0
hc2203,20220218,20220218,133545500,13:35:46,4983,110,6737,5428050,0,0,0
hc2203,20220218,20220218,133546000,13:35:46,4983,110,6737,5428050,0,0,0
hc2203,20220218,20220218,133546500,13:35:46,4983,110,6737,5428050,0,0,0
hc2203,20220218,20220218,133547000,13:35:47,4983,110,6737,5428050,0,0,0
hc2203,20220218,20220218,133547500,13:35:48,4983,110,6737,5428050,0,0,0
hc2203,20220218,20220218,133548000,13:35:48,4983,110,6737,5428050,0,0,0
hc2203,20220218,20220218,133548500,13:35:48,4983,110,6737,5428050,0,0,0
hc2203,20220218,20220218,133550500,13:35:50,4983,110,6737,5428050,0,0,0
hc2203,20220218,20220218,133558000,13:36:01,4983,110,6737,5428050,0,0,0
hc2203,20220218,20220218,133558500,13:36:03,4983,110,6737,5428050,0,0,0
hc2203,20220218,20220218,133603000,13:36:05,4983,110,6737,5428050,0,0,0
hc2203,20220218,20220218,133604500,13:36:06,4983,110,6737,5428050,0,0,0
hc2203,20220218,20220218,133606000,13:36:07,4983,110,6737,5428050,0,0,0
hc2203,20220218,20220218,133608000,13:36:08,4983,110,6737,5428050,0,0,0
hc2203,20220218,20220218,133608500,13:36:09,4983,110,6737,5428050,0,0,0
hc2203,20220218,20220218,133614000,13:36:14,4983,110,6737,5428050,0,0,0
hc2203,20220218,20220218,133614500,13:36:14,4983,110,6737,5428050,0,0,0
hc2203,20220218,20220218,133619500,13:36:20,4983,110,6737,5428050,0,0,0
hc2203,20220218,20220218,133627000,13:36:28,4983,110,6737,5428050,0,0,0
hc2203,20220218,20220218,133627500,13:36:28,4983,110,6737,5428050,0,0,0
hc2203,20220218,20220218,133640500,13:36:40,4983,110,6737,5428050,0,0,0
hc2203,20220218,20220218,133641000,13:36:41,4983,110,6737,5428050,0,0,0
hc2203,20220218,20220218,133641500,13:36:42,4983,110,6737,5428050,0,0,0
hc2203,20220218,20220218,133653500,13:36:54,4983,110,6737,5428050,0,0,0
hc2203,20220218,20220218,133658000,13:36:58,4983,110,6737,5428050,0,0,0
hc2203,20220218,20220218,133702000,13:37:02,4983,110,6737,5428050,0,0,0
hc2203,20220218,20220218,133716500,13:37:17,4983,110,6737,5428050,0,0,0
hc2203,20220218,20220218,133748000,13:37:48,4983,110,6737,5428050,0,0,0
hc2203,20220218,20220218,133748500,13:37:49,4983,110,6737,5428050,0,0,0
hc2203,20220218,20220218,133749500,13:37:49,4983,110,6737,5428050,0,0,0
hc2203,20220218,20220218,133750000,13:37:50,4983,110,6737,5428050,0,0,0
hc2203,20220218,20220218,133750500,13:37:51,4983,110,6737,5428050,0,0,0
hc2203,20220218,20220218,133751000,13:37:51,4983,110,6737,5428050,0,0,0
hc2203,20220218,20220218,133751500,13:37:52,4983,110,6737,5428050,0,0,0
hc2203,20220218,20220218,133752000,13:37:53,4983,110,6737,5428050,0,0,0
hc2203,20220218,20220218,133752500,13:37:54,4983,110,6737,5428050,0,0,0
hc2203,20220218,20220218,133753000,13:37:54,4983,110,6737,5428050,0,0,0
hc2203,20220218,20220218,133753500,13:37:55,4983,110,6737,5428050,0,0,0
hc2203,20220218,20220218,133754000,13:37:55,4983,110,6737,5428050,0,0,0
hc2203,20220218,20220218,133754500,13:37:55,4983,110,6737,5428050,0,0,0
hc2203,20220218,20220218,133755000,13:37:55,4983,110,6737,5428050,0,0,0
hc2203,20220218,20220218,133755500,13:37:55,4983,110,6737,5428050,0,0,0
hc2203,20220218,20220218,133756000,13:37:56,4983,110,6737,5428050,0,0,0
hc2203,20220218,20220218,133756500,13:37:57,4983,110,6737,5428050,0,0,0
hc2203,20220218,20220218,133757000,13:37:57,4983,110,6737,5428050,0,0,0
hc2203,20220218,20220218,133757500,13:37:58,4983,110,6737,5428050,0,0,0
hc2203,20220218,20220218,133758000,13:37:58,4983,110,6737,5428050,0,0,0
hc2203,20220218,20220218,133759000,13:38:00,4983,110,6737,5428050,0,0,0
hc2203,20220218,20220218,133818500,13:38:19,4983,110,6737,5428050,0,0,0
hc2203,20220218,20220218,133908000,13:39:08,4983,110,6737,5428050,0,0,0
hc2203,20220218,20220218,133940000,13:39:40,4983,110,6737,5428050,0,0,0
hc2203,20220218,20220218,133944000,13:39:44,4983,110,6737,5428050,0,0,0
hc2203,20220218,20220218,133946000,13:39:47,4983,110,6737,5428050,0,0,0
hc2203,20220218,20220218,133957500,13:40:13,4983,110,6737,5428050,0,0,0
hc2203,20220218,20220218,133958000,13:40:13,4983,110,6737,5428050,0,0,0
hc2203,20220218,20220218,134011000,13:40:13,4983,110,6737,5428050,0,0,0
hc2203,20220218,20220218,134035000,13:40:35,4983,110,6737,5428050,0,0,0
hc2203,20220218,20220218,134035500,13:40:36,4983,110,6737,5428050,0,0,0
hc2203,20220218,20220218,134036000,13:40:36,4983,110,6737,5428050,0,0,0
hc2203,20220218,20220218,134058000,13:40:58,4983,110,6737,5428050,0,0,0
hc2203,20220218,20220218,134058500,13:40:59,4983,110,6737,5428050,0,0,0
hc2203,20220218,20220218,134102500,13:41:03,4983,110,6737,5428050,0,0,0
hc2203,20220218,20220218,134116000,13:41:17,4983,110,6737,5428050,0,0,0
hc2203,20220218,20220218,134116500,13:41:17,4983,110,6737,5428050,0,0,0
hc2203,20220218,20220218,134117500,13:41:19,4983,110,6737,5428050,0,0,0
hc2203,20220218,20220218,134120500,13:41:23,4983,110,6737,5428050,0,0,0
hc2203,20220218,20220218,134139500,13:41:42,4983,110,6737,5428050,0,0,0
hc2203,20220218,20220218,134150500,13:41:51,4983,110,6737,5428050,0,0,0
hc2203,20220218,20220218,134151000,13:41:51,4983,110,6737,5428050,0,0,0
hc2203,20220218,20220218,134151500,13:41:52,4983,110,6737,5428050,0,0,0
hc2203,20220218,20220218,134152500,13:41:53,4983,110,6737,5428050,0,0,0
hc2203,20220218,20220218,134200500,13:42:10,4983,110,6737,5428050,0,0,0
hc2203,20220218,20220218,134207000,13:42:12,4983,110,6737,5428050,0,0,0
hc2203,20220218,20220218,134212500,13:42:13,4983,110,6737,5428050,0,0,0
hc2203,20220218,20220218,134214000,13:42:14,4983,110,6737,5428050,0,0,0
hc2203,20220218,20220218,134217500,13:42:19,4983,110,6737,5428050,0,0,0
hc2203,20220218,20220218,134219000,13:42:20,4983,110,6737,5428050,0,0,0
hc2203,20220218,20220218,134221500,13:42:22,4983,110,6737,5428050,0,0,0
hc2203,20220218,20220218,134257000,13:42:59,4983,110,6737,5428050,0,0,0
hc2203,20220218,20220218,134301500,13:43:02,4983,110,6737,5428050,0,0,0
hc2203,20220218,20220218,134302500,13:43:03,4983,110,6737,5428050,0,0,0
hc2203,20220218,20220218,134303500,13:43:11,4983,110,6737,5428050,0,0,0
hc2203,20220218,20220218,134319500,13:43:20,4983,110,6737,5428050,0,0,0
hc2203,20220218,20220218,134320000,13:43:20,4983,110,6737,5428050,0,0,0
hc2203,20220218,20220218,134320500,13:43:21,4983,110,6737,5428050,0,0,0
hc2203,20220218,20220218,134342000,13:44:04,4983,110,6737,5428050,0,0,0
hc2203,20220218,20220218,134401000,13:44:04,4983,110,6737,5428050,0,0,0
hc2203,20220218,20220218,134419000,13:44:23,4983,110,6737,5428050,0,0,0
hc2203,20220218,20220218,134423500,13:44:24,4983,110,6737,5428050,0,0,0
hc2203,20220218,20220218,134441000,13:44:41,4983,110,6737,5428050,0,0,0
hc2203,20220218,20220218,134441500,13:44:42,4983,110,6737,5428050,0,0,0
hc2203,20220218,20220218,134442000,13:44:42,4983,110,6737,5428050,0,0,0
hc2203,20220218,20220218,134452500,13:44:53,4983,110,6737,5428050,0,0,0
hc2203,20220218,20220218,134453000,13:44:53,4983,110,6737,5428050,0,0,0
hc2203,20220218,20220218,134523000,13:45:24,4983,110,6737,5428050,0,0,0
hc2203,20220218,20220218,134550000,13:45:53,4983,110,6737,5428050,0,0,0
hc2203,20220218,20220218,134550500,13:45:54,4983,110,6737,5428050,0,0,0
hc2203,20220218,20220218,134553000,13:45:54,4983,110,6737,5428050,0,0,0
hc2203,20220218,20220218,134608000,13:46:09,4983,110,6737,5428050,0,0,0
hc2203,20220218,20220218,134608500,13:46:09,4983,110,6737,5428050,0,0,0
hc2203,20220218,20220218,134614500,13:46:15,4983,110,6737,5428050,0,0,0
hc2203,20220218,20220218,134642500,13:46:43,4983,110,6737,5428050,0,0,0
hc2203,20220218,20220218,134647500,13:46:47,4983,110,6737,5428050,0,0,0
hc2203,20220218,20220218,134648000,13:46:48,4983,110,6737,5428050,0,0,0
hc2203,20220218,20220218,134649000,13:46:50,4983,110,6737,5428050,0,0,0
hc2203,20220218,20220218,134702500,13:47:02,4983,110,6737,5428050,0,0,0
hc2203,20220218,20220218,134707000,13:47:10,4983,110,6737,5428050,0,0,0
hc2203,20220218,20220218,134711000,13:47:16,4983,110,6737,5428050,0,0,0
hc2203,20220218,20220218,134713500,13:47:17,4983,110,6737,5428050,0,0,0
hc2203,20220218,20220218,134725000,13:47:27,4983,110,6737,5428050,0,0,0
hc2203,20220218,20220218,134727000,13:47:27,4983,110,6737,5428050,0,0,0
hc2203,20220218,20220218,134727500,13:47:28,4983,110,6737,5428050,0,0,0
hc2203,20220218,20220218,134728000,13:47:28,4983,110,6737,5428050,0,0,0
hc2203,20220218,20220218,134737000,13:47:37,4983,110,6737,5428050,0,0,0
hc2203,20220218,20220218,134744500,13:47:45,4983,110,6737,5428050,0,0,0
hc2203,20220218,20220218,134750000,13:47:50,4983,110,6737,5428050,0,0,0
hc2203,20220218,20220218,134807000,13:48:07,4983,110,6737,5428050,0,0,0
hc2203,20220218,20220218,134813500,13:48:13,4983,110,6737,5428050,0,0,0
hc2203,20220218,20220218,134818500,13:48:20,4983,110,6737,5428050,0,0,0
hc2203,20220218,20220218,134824000,13:48:24,4983,110,6737,5428050,0,0,0
hc2203,20220218,20220218,134828000,13:48:28,4983,110,6737,5428050,0,0,0
hc2203,20220218,20220218,134828500,13:48:29,4983,110,6737,5428050,0,0,0
hc2203,20220218,20220218,134837500,13:48:37,4983,110,6737,5428050,0,0,0
hc2203,20220218,20220218,134838000,13:48:38,4983,110,6737,5428050,0,0,0
hc2203,20220218,20220218,134842000,13:48:42,4983,110,6737,5428050,0,0,0
hc2203,20220218,20220218,134843500,13:48:43,4983,110,6737,5428050,0,0,0
hc2203,20220218,20220218,134850000,13:48:50,4983,110,6737,5428050,0,0,0
hc2203,20220218,20220218,134850500,13:48:51,4983,110,6737,5428050,0,0,0
hc2203,20220218,20220218,134852000,13:48:52,4983,110,6737,5428050,0,0,0
hc2203,20220218,20220218,134853000,13:48:54,4983,110,6737,5428050,0,0,0
hc2203,20220218,20220218,134908500,13:49:08,4983,110,6737,5428050,0,0,0
hc2203,20220218,20220218,134909000,13:49:09,4983,110,6737,5428050,0,0,0
hc2203,20220218,20220218,134924500,13:49:25,4983,110,6737,5428050,0,0,0
hc2203,20220218,20220218,134931000,13:49:31,4983,110,6737,5428050,0,0,0
hc2203,20220218,20220218,134931500,13:49:32,4983,110,6737,5428050,0,0,0
hc2203,20220218,20220218,134932000,13:49:32,4983,110,6737,5428050,0,0,0
hc2203,20220218,20220218,135005500,13:50:06,4983,110,6737,5428050,0,0,0
hc2203,20220218,20220218,135022000,13:50:27,4983,110,6737,5428050,0,0,0
hc2203,20220218,20220218,135050500,13:50:51,4983,110,6737,5428050,0,0,0
hc2203,20220218,20220218,135053000,13:50:53,4983,110,6737,5428050,0,0,0
hc2203,20220218,20220218,135054000,13:50:54,4983,110,6737,5428050,0,0,0
hc2203,20220218,20220218,135054500,13:50:54,4983,110,6737,5428050,0,0,0
hc2203,20220218,20220218,135055000,13:50:55,4983,110,6737,5428050,0,0,0
hc2203,20220218,20220218,135056000,13:50:56,4983,110,6737,5428050,0,0,0
hc2203,20220218,20220218,135059000,13:50:59,4983,110,6737,5428050,0,0,0
hc2203,20220218,20220218,135059500,13:51:00,4983,110,6737,5428050,0,0,0
hc2203,20220218,20220218,135117500,13:51:21,4983,110,6737,5428050,0,0,0
hc2203,20220218,20220218,135124500,13:51:24,4983,110,6737,5428050,0,0,0
hc2203,20220218,20220218,135128000,13:51:28,4955,119,6737,5874000,9,0,445950
hc2203,20220218,20220218,135131000,13:51:31,4955,119,6737,5874000,0,0,0
hc2203,20220218,20220218,135132000,13:51:32,4970,124,6737,6122500,5,0,248500
hc2203,20220218,20220218,135133500,13:51:33,4970,124,6737,6122500,0,0,0
hc2203,20220218,20220218,135141000,13:51:41,4970,124,6737,6122500,0,0,0
hc2203,20220218,20220218,135145500,13:51:45,4970,124,6737,6122500,0,0,0
hc2203,20220218,20220218,135148500,13:51:49,4970,124,6737,6122500,0,0,0
hc2203,20220218,20220218,135149500,13:51:50,4970,124,6737,6122500,0,0,0
hc2203,20220218,20220218,135152500,13:51:52,4970,124,6737,6122500,0,0,0
hc2203,20220218,20220218,135154000,13:51:54,4970,124,6737,6122500,0,0,0
hc2203,20220218,20220218,135201000,13:52:01,4970,124,6737,6122500,0,0,0
hc2203,20220218,20220218,135202000,13:52:03,4970,124,6737,6122500,0,0,0
hc2203,20220218,20220218,135202500,13:52:03,4970,124,6737,6122500,0,0,0
hc2203,20220218,20220218,135203000,13:52:04,4970,124,6737,6122500,0,0,0
hc2203,20220218,20220218,135203500,13:52:04,4970,124,6737,6122500,0,0,0
hc2203,20220218,20220218,135206000,13:52:06,4970,124,6737,6122500,0,0,0
hc2203,20220218,20220218,135208500,13:52:11,4970,124,6737,6122500,0,0,0
hc2203,20220218,20220218,135215500,13:52:15,4970,124,6737,6122500,0,0,0
hc2203,20220218,20220218,135216500,13:52:17,4970,124,6737,6122500,0,0,0
hc2203,20220218,20220218,135218500,13:52:20,4970,124,6737,6122500,0,0,0
hc2203,20220218,20220218,135222500,13:52:24,4970,124,6737,6122500,0,0,0
hc2203,20220218,20220218,135225000,13:52:25,4968,132,6743,6518890,8,6,396390
hc2203,20220218,20220218,135227000,13:52:27,4968,132,6743,6518890,0,0,0
hc2203,20220218,20220218,135228000,13:52:28,4968,132,6743,6518890,0,0,0
hc2203,20220218,20220218,135230000,13:52:31,4968,132,6743,6518890,0,0,0
hc2203,20220218,20220218,135234000,13:52:34,4968,132,6743,6518890,0,0,0
hc2203,20220218,20220218,135235500,13:52:36,4968,132,6743,6518890,0,0,0
hc2203,20220218,20220218,135244000,13:52:45,4968,132,6743,6518890,0,0,0
hc2203,20220218,20220218,135248000,13:52:48,4968,132,6743,6518890,0,0,0
hc2203,20220218,20220218,135248500,13:52:49,4965,133,6742,6568540,1,-1,49650
hc2203,20220218,20220218,135249000,13:52:49,4965,133,6742,6568540,0,0,0
hc2203,20220218,20220218,135250000,13:52:50,4965,133,6742,6568540,0,0,0
hc2203,20220218,20220218,135250500,13:52:51,4965,133,6742,6568540,0,0,0
hc2203,20220218,20220218,135251000,13:52:51,4964,134,6742,6618180,1,0,49640
hc2203,20220218,20220218,135251500,13:52:51,4964,134,6742,6618180,0,0,0
hc2203,20220218,20220218,135253000,13:52:53,4964,134,6742,6618180,0,0,0
hc2203,20220218,20220218,135254500,13:52:54,4964,134,6742,6618180,0,0,0
hc2203,20220218,20220218,135255500,13:52:55,4964,134,6742,6618180,0,0,0
hc2203,20220218,20220218,135256000,13:52:56,4965,135,6741,6667830,1,-1,49650
hc2203,20220218,20220218,135257000,13:52:57,4965,135,6741,6667830,0,0,0
hc2203,20220218,20220218,135257500,13:52:57,4965,136,6740,6717480,1,-1,49650
hc2203,20220218,20220218,135259000,13:53:00,4965,137,6739,6767130,1,-1,49650
hc2203,20220218,20220218,135301500,13:53:02,4965,137,6739,6767130,0,0,0
hc2203,20220218,20220218,135302000,13:53:02,4965,137,6739,6767130,0,0,0
hc2203,20220218,20220218,135302500,13:53:03,4965,137,6739,6767130,0,0,0
hc2203,20220218,20220218,135303500,13:53:04,4965,137,6739,6767130,0,0,0
hc2203,20220218,20220218,135304000,13:53:06,4965,137,6739,6767130,0,0,0
hc2203,20220218,20220218,135305000,13:53:07,4965,137,6739,6767130,0,0,0
hc2203,20220218,20220218,135305500,13:53:08,4965,137,6739,6767130,0,0,0
hc2203,20220218,20220218,135306000,13:53:08,4965,137,6739,6767130,0,0,0
hc2203,20220218,20220218,135308500,13:53:09,4965,137,6739,6767130,0,0,0
hc2203,20220218,20220218,135310500,13:53:11,4965,137,6739,6767130,0,0,0
hc2203,20220218,20220218,135311500,13:53:12,4966,139,6737,6866450,2,-2,99320
hc2203,20220218,20220218,135316000,13:53:16,4966,139,6737,6866450,0,0,0
hc2203,20220218,20220218,135316500,13:53:20,4966,139,6737,6866450,0,0,0
hc2203,20220218,20220218,135317000,13:53:20,4953,140,6738,6915980,1,1,49530
hc2203,20220218,20220218,135320000,13:53:20,4953,140,6738,6915980,0,0,0
hc2203,20220218,20220218,135321000,13:53:21,4953,140,6738,6915980,0,0,0
hc2203,20220218,20220218,135321500,13:53:22,4951,159,6756,7856700,19,18,940720
hc2203,20220218,20220218,135322000,13:53:22,4951,159,6756,7856700,0,0,0
hc2203,20220218,20220218,135323000,13:53:23,4951,159,6756,7856700,0,0,0
hc2203,20220218,20220218,135323500,13:53:23,4951,159,6756,7856700,0,0,0
hc2203,20220218,20220218,135324000,13:53:26,4952,162,6757,8005360,3,1,148660
hc2203,20220218,20220218,135324500,13:53:26,4952,162,6757,8005360,0,0,0
hc2203,20220218,20220218,135326000,13:53:26,4952,162,6757,8005360,0,0,0
hc2203,20220218,20220218,135327500,13:53:28,4952,162,6757,8005360,0,0,0
hc2203,20220218,20220218,135328000,13:53:29,4952,162,6757,8005360,0,0,0
hc2203,20220218,20220218,135328500,13:53:29,4952,162,6757,8005360,0,0,0
hc2203,20220218,20220218,135330500,13:53:31,4952,162,6757,8005360,0,0,0
hc2203,20220218,20220218,135332000,13:53:32,4952,162,6757,8005360,0,0,0
hc2203,20220218,20220218,135333000,13:53:33,4952,162,6757,8005360,0,0,0
hc2203,20220218,20220218,135334500,13:53:35,4952,162,6757,8005360,0,0,0
hc2203,20220218,20220218,135335000,13:53:36,4952,162,6757,8005360,0,0,0
hc2203,20220218,20220218,135336000,13:53:44,4952,162,6757,8005360,0,0,0
hc2203,20220218,20220218,135344000,13:53:45,4952,162,6757,8005360,0,0,0
hc2203,20220218,20220218,135345500,13:53:46,4952,162,6757,8005360,0,0,0
hc2203,20220218,20220218,135346000,13:53:47,4952,162,6757,8005360,0,0,0
hc2203,20220218,20220218,135346500,13:53:47,4952,162,6757,8005360,0,0,0
hc2203,20220218,20220218,135347000,13:53:47,4952,162,6757,8005360,0,0,0
hc2203,20220218,20220218,135348000,13:53:48,4952,162,6757,8005360,0,0,0
hc2203,20220218,20220218,135349000,13:53:49,4952,162,6757,8005360,0,0,0
hc2203,20220218,20220218,135352000,13:53:53,4952,162,6757,8005360,0,0,0
hc2203,20220218,20220218,135354000,13:53:54,4952,162,6757,8005360,0,0,0
hc2203,20220218,20220218,135354500,13:53:55,4952,162,6757,8005360,0,0,0
hc2203,20220218,20220218,135355000,13:53:55,4951,166,6757,8203510,4,0,198150
hc2203,20220218,20220218,135355500,13:53:56,4951,166,6757,8203510,0,0,0
hc2203,20220218,20220218,135356000,13:53:56,4951,166,6757,8203510,0,0,0
hc2203,20220218,20220218,135356500,13:53:57,4951,166,6757,8203510,0,0,0
hc2203,20220218,20220218,135357000,13:53:57,4951,166,6757,8203510,0,0,0
hc2203,20220218,20220218,135357500,13:53:58,4951,166,6757,8203510,0,0,0
hc2203,20220218,20220218,135358000,13:53:59,4951,166,6757,8203510,0,0,0
hc2203,20220218,20220218,135400000,13:54:08,4951,166,6757,8203510,0,0,0
hc2203,20220218,20220218,135400500,13:54:09,4951,166,6757,8203510,0,0,0
hc2203,20220218,20220218,135407500,13:54:09,4951,166,6757,8203510,0,0,0
hc2203,20220218,20220218,135408000,13:54:09,4951,166,6757,8203510,0,0,0
hc2203,20220218,20220218,135410000,13:54:10,4951,166,6757,8203510,0,0,0
hc2203,20220218,20220218,135410500,13:54:11,4951,166,6757,8203510,0,0,0
hc2203,20220218,20220218,135412500,13:54:13,4951,166,6757,8203510,0,0,0
hc2203,20220218,20220218,135413000,13:54:13,4951,166,6757,8203510,0,0,0
hc2203,20220218,20220218,135415500,13:54:15,4951,166,6757,8203510,0,0,0
hc2203,20220218,20220218,135416000,13:54:16,4951,166,6757,8203510,0,0,0
hc2203,20220218,20220218,135417500,13:54:18,4951,166,6757,8203510,0,0,0
hc2203,20220218,20220218,135418000,13:54:18,4951,166,6757,8203510,0,0,0
hc2203,20220218,20220218,135418500,13:54:18,4951,166,6757,8203510,0,0,0
hc2203,20220218,20220218,135419000,13:54:19,4951,166,6757,8203510,0,0,0
hc2203,20220218,20220218,135420500,13:54:21,4951,166,6757,8203510,0,0,0
hc2203,20220218,20220218,135421500,13:54:21,4951,166,6757,8203510,0,0,0
hc2203,20220218,20220218,135422000,13:54:22,4951,166,6757,8203510,0,0,0
hc2203,20220218,20220218,135426000,13:54:26,4951,166,6757,8203510,0,0,0
hc2203,20220218,20220218,135430500,13:54:32,4951,166,6757,8203510,0,0,0
hc2203,20220218,20220218,135454000,13:54:54,4951,166,6757,8203510,0,0,0
hc2203,20220218,20220218,135455000,13:54:55,4937,167,6758,8252880,1,1,49370
hc2203,20220218,20220218,135455500,13:54:55,4937,170,6758,8400980,3,0,148100
hc2203,20220218,20220218,135456000,13:54:56,4937,170,6758,8400980,0,0,0
hc2203,20220218,20220218,135458500,13:54:59,4937,172,6760,8499720,2,2,98740
hc2203,20220218,20220218,135459000,13:54:59,4937,172,6760,8499720,0,0,0
hc2203,20220218,20220218,135501000,13:55:01,4937,172,6760,8499720,0,0,0
hc2203,20220218,20220218,135502500,13:55:03,4937,172,6760,8499720,0,0,0
hc2203,20220218,20220218,135503000,13:55:03,4937,172,6760,8499720,0,0,0
hc2203,20220218,20220218,135503500,13:55:04,4937,172,6760,8499720,0,0,0
hc2203,20220218,20220218,135505500,13:55:06,4937,172,6760,8499720,0,0,0
hc2203,20220218,20220218,135506500,13:55:06,4937,172,6760,8499720,0,0,0
hc2203,20220218,20220218,135507000,13:55:11,4937,172,6760,8499720,0,0,0
hc2203,20220218,20220218,135511500,13:55:12,4937,172,6760,8499720,0,0,0
hc2203,20220218,20220218,135514000,13:55:15,4937,172,6760,8499720,0,0,0
hc2203,20220218,20220218,135517500,13:55:21,4937,172,6760,8499720,0,0,0
hc2203,20220218,20220218,135518000,13:55:24,4937,172,6760,8499720,0,0,0
hc2203,20220218,20220218,135526000,13:55:27,4937,172,6760,8499720,0,0,0
hc2203,20220218,20220218,135526500,13:55:27,4937,172,6760,8499720,0,0,0
hc2203,20220218,20220218,135528500,13:55:29,4937,172,6760,8499720,0,0,0
hc2203,20220218,20220218,135530000,13:55:30,4937,172,6760,8499720,0,0,0
hc2203,20220218,20220218,135530500,13:55:31,4938,177,6764,8746620,5,4,246900
hc2203,20220218,20220218,135531000,13:55:31,4938,177,6764,8746620,0,0,0
hc2203,20220218,20220218,135532500,13:55:32,4938,182,6769,8993520,5,5,246900
hc2203,20220218,20220218,135534000,13:55:34,4938,182,6769,8993520,0,0,0
hc2203,20220218,20220218,135535000,13:55:35,4938,182,6769,8993520,0,0,0
hc2203,20220218,20220218,135535500,13:55:36,4954,183,6770,9043060,1,1,49540
hc2203,20220218,20220218,135536000,13:55:37,4954,183,6770,9043060,0,0,0
hc2203,20220218,20220218,135536500,13:55:37,4954,183,6770,9043060,0,0,0
hc2203,20220218,20220218,135537500,13:55:38,4938,186,6773,9191200,3,3,148140
hc2203,20220218,20220218,135538000,13:55:38,4938,188,6775,9289960,2,2,98760
hc2203,20220218,20220218,135538500,13:55:39,4938,188,6775,9289960,0,0,0
hc2203,20220218,20220218,135539000,13:55:39,4938,188,6775,9289960,0,0,0
hc2203,20220218,20220218,135539500,13:55:40,4938,193,6780,9536860,5,5,246900
hc2203,20220218,20220218,135541500,13:55:41,4945,194,6779,9586310,1,-1,49450
hc2203,20220218,20220218,135542000,13:55:42,4945,197,6776,9734660,3,-3,148350
hc2203,20220218,20220218,135542500,13:55:42,4945,197,6776,9734660,0,0,0
hc2203,20220218,20220218,135543000,13:55:45,4938,202,6781,9981560,5,5,246900
hc2203,20220218,20220218,135544000,13:55:45,4938,202,6781,9981560,0,0,0
hc2203,20220218,20220218,135545000,13:55:45,4938,202,6781,9981560,0,0,0
hc2203,20220218,20220218,135545500,13:55:46,4938,202,6781,9981560,0,0,0
hc2203,20220218,20220218,135547000,13:55:47,4938,202,6781,9981560,0,0,0
hc2203,20220218,20220218,135547500,13:55:47,4938,202,6781,9981560,0,0,0
hc2203,20220218,20220218,135548000,13:55:48,4938,202,6781,9981560,0,0,0
hc2203,20220218,20220218,135549000,13:55:50,4954,206,6781,10179510,4,0,197950
hc2203,20220218,20220218,135549500,13:55:50,4954,206,6781,10179510,0,0,0
hc2203,20220218,20220218,135550000,13:55:50,4954,206,6781,10179510,0,0,0
hc2203,20220218,20220218,135551000,13:55:51,4954,206,6781,10179510,0,0,0
hc2203,20220218,20220218,135552000,13:55:52,4954,206,6781,10179510,0,0,0
hc2203,20220218,20220218,135552500,13:55:52,4940,211,6784,10426530,5,3,247020
hc2203,20220218,20220218,135554000,13:55:54,4940,211,6784,10426530,0,0,0
hc2203,20220218,20220218,135555000,13:55:55,4940,211,6784,10426530,0,0,0
hc2203,20220218,20220218,135555500,13:55:57,4940,217,6789,10723110,6,5,296580
hc2203,20220218,20220218,135556000,13:55:57,4940,217,6789,10723110,0,0,0
hc2203,20220218,20220218,135556500,13:55:58,4940,217,6789,10723110,0,0,0
hc2203,20220218,20220218,135557000,13:55:58,4940,223,6794,11019640,6,5,296530
hc2203,20220218,20220218,135557500,13:55:58,4949,227,6792,11217600,4,-2,197960
hc2203,20220218,20220218,135558000,13:55:58,4949,227,6792,11217600,0,0,0
hc2203,20220218,20220218,135558500,13:55:58,4949,227,6792,11217600,0,0,0
hc2203,20220218,20220218,135559000,13:55:59,4949,227,6792,11217600,0,0,0
hc2203,20220218,20220218,135559500,13:55:59,4949,227,6792,11217600,0,0,0
hc2203,20220218,20220218,135600000,13:56:02,4949,227,6792,11217600,0,0,0
hc2203,20220218,20220218,135600500,13:56:02,4949,227,6792,11217600,0,0,0
hc2203,20220218,20220218,135601000,13:56:03,4949,227,6792,11217600,0,0,0
hc2203,20220218,20220218,135602500,13:56:19,4948,228,6791,11267080,1,-1,49480
hc2203,20220218,20220218,135603000,13:56:23,4947,229,6791,11316550,1,0,49470
hc2203,20220218,20220218,135603500,13:56:23,4947,229,6791,11316550,0,0,0
hc2203,20220218,20220218,135617500,13:56:23,4947,229,6791,11316550,0,0,0
hc2203,20220218,20220218,135621000,13:56:24,4947,229,6791,11316550,0,0,0
hc2203,20220218,20220218,135625000,13:56:25,4947,229,6791,11316550,0,0,0
hc2203,20220218,20220218,135625500,13:56:33,4947,229,6791,11316550,0,0,0
hc2203,20220218,20220218,135626500,13:56:34,4947,229,6791,11316550,0,0,0
hc2203,20220218,20220218,135627000,13:56:34,4947,229,6791,11316550,0,0,0
hc2203,20220218,20220218,135633000,13:56:35,4943,243,6794,12008590,14,3,692040
hc2203,20220218,20220218,135635500,13:56:35,4943,243,6794,12008590,0,0,0
hc2203,20220218,20220218,135636500,13:56:39,4943,243,6794,12008590,0,0,0
hc2203,20220218,20220218,135637500,13:56:39,4940,250,6793,12354400,7,-1,345810
hc2203,20220218,20220218,135638000,13:56:39,4940,253,6793,12502600,3,0,148200
hc2203,20220218,20220218,135639500,13:56:39,4940,253,6793,12502600,0,0,0
hc2203,20220218,20220218,135640000,13:56:40,4940,253,6793,12502600,0,0,0
hc2203,20220218,20220218,135640500,13:56:41,4940,258,6795,12749700,5,2,247100
hc2203,20220218,20220218,135641000,13:56:41,4940,260,6797,12848500,2,2,98800
hc2203,20220218,20220218,135642000,13:56:43,4940,260,6797,12848500,0,0,0
hc2203,20220218,20220218,135642500,13:56:43,4945,261,6797,12897950,1,0,49450
hc2203,20220218,20220218,135643000,13:56:44,4945,261,6797,12897950,0,0,0
hc2203,20220218,20220218,135644000,13:56:45,4945,261,6797,12897950,0,0,0
hc2203,20220218,20220218,135644500,13:56:45,4945,261,6797,12897950,0,0,0
hc2203,20220218,20220218,135645000,13:56:47,4945,262,6797,12947400,1,0,49450
hc2203,20220218,20220218,135645500,13:56:47,4946,264,6796,13046320,2,-1,98920
hc2203,20220218,20220218,135646500,13:56:48,4946,264,6796,13046320,0,0,0
hc2203,20220218,20220218,135647000,13:56:48,4945,266,6796,13145220,2,0,98900
hc2203,20220218,20220218,135648000,13:56:50,4945,266,6796,13145220,0,0,0
hc2203,20220218,20220218,135648500,13:56:50,4945,266,6796,13145220,0,0,0
hc2203,20220218,20220218,135650000,13:56:51,4945,266,6796,13145220,0,0,0
hc2203,20220218,20220218,135651000,13:56:51,4945,266,6796,13145220,0,0,0
hc2203,20220218,20220218,135651500,13:56:52,4945,266,6796,13145220,0,0,0
hc2203,20220218,20220218,135654000,13:56:54,4945,266,6796,13145220,0,0,0
hc2203,20220218,20220218,135654500,13:56:54,4945,266,6796,13145220,0,0,0
hc2203,20220218,20220218,135655500,13:56:55,4945,266,6796,13145220,0,0,0
hc2203,20220218,20220218,135658500,13:56:59,4945,266,6796,13145220,0,0,0
hc2203,20220218,20220218,135659000,13:57:00,4945,266,6796,13145220,0,0,0
hc2203,20220218,20220218,135700500,13:57:02,4945,266,6796,13145220,0,0,0
hc2203,20220218,20220218,135702000,13:57:02,4945,266,6796,13145220,0,0,0
hc2203,20220218,20220218,135702500,13:57:02,4945,266,6796,13145220,0,0,0
hc2203,20220218,20220218,135704500,13:57:05,4945,266,6796,13145220,0,0,0
hc2203,20220218,20220218,135705000,13:57:05,4945,266,6796,13145220,0,0,0
hc2203,20220218,20220218,135706000,13:57:06,4945,266,6796,13145220,0,0,0
hc2203,20220218,20220218,135707500,13:57:08,4945,266,6796,13145220,0,0,0
hc2203,20220218,20220218,135708000,13:57:08,4945,266,6796,13145220,0,0,0
