sn2206,20220218,20220218,112002500,11:20:04,325000,230,1573,74166740,230,2,74166740
sn2206,20220218,20220218,112004500,11:20:10,325000,230,1573,74166740,0,0,0
sn2206,20220218,20220218,112009000,11:20:10,325000,230,1573,74166740,0,0,0
sn2206,20220218,20220218,112009500,11:20:10,325000,230,1573,74166740,0,0,0
sn2206,20220218,20220218,112016500,11:20:16,325000,230,1573,74166740,0,0,0
sn2206,20220218,20220218,112031000,11:20:32,325000,230,1573,74166740,0,0,0
sn2206,20220218,20220218,112031500,11:20:32,325000,230,1573,74166740,0,0,0
sn2206,20220218,20220218,112032500,11:20:32,325000,230,1573,74166740,0,0,0
sn2206,20220218,20220218,112033000,11:20:33,325000,230,1573,74166740,0,0,0
sn2206,20220218,20220218,112033500,11:20:33,325000,230,1573,74166740,0,0,0
sn2206,20220218,20220218,112034000,11:20:34,325000,230,1573,74166740,0,0,0
sn2206,20220218,20220218,112034500,11:20:35,325000,230,1573,74166740,0,0,0
sn2206,20220218,20220218,112035500,11:20:35,325000,230,1573,74166740,0,0,0
sn2206,20220218,20220218,112038500,11:20:38,325000,230,1573,74166740,0,0,0
sn2206,20220218,20220218,112039000,11:20:39,325000,230,1573,74166740,0,0,0
sn2206,20220218,20220218,112039500,11:20:40,325000,230,1573,74166740,0,0,0
sn2206,20220218,20220218,112041000,11:20:41,325000,230,1573,74166740,0,0,0
sn2206,20220218,20220218,112041500,11:20:41,325000,230,1573,74166740,0,0,0
sn2206,20220218,20220218,112042000,11:20:42,325000,230,1573,74166740,0,0,0
sn2206,20220218,20220218,112042500,11:20:42,325000,230,1573,74166740,0,0,0
sn2206,20220218,20220218,112043000,11:20:43,325000,230,1573,74166740,0,0,0
sn2206,20220218,20220218,112043500,11:20:44,325000,230,1573,74166740,0,0,0
sn2206,20220218,20220218,112044000,11:20:44,325000,230,1573,74166740,0,0,0
sn2206,20220218,20220218,112045500,11:20:46,325000,230,1573,74166740,0,0,0
sn2206,20220218,20220218,112046000,11:20:46,325000,230,1573,74166740,0,0,0
sn2206,20220218,20220218,112046500,11:20:46,325000,230,1573,74166740,0,0,0
sn2206,20220218,20220218,112047000,11:20:47,325000,230,1573,74166740,0,0,0
sn2206,20220218,20220218,112047500,11:20:48,325000,230,1573,74166740,0,0,0
sn2206,20220218,20220218,112048000,11:20:48,325000,230,1573,74166740,0,0,0
sn2206,20220218,20220218,112048500,11:20:50,325000,230,1573,74166740,0,0,0
sn2206,20220218,20220218,112049000,11:20:50,325000,230,1573,74166740,0,0,0
sn2206,20220218,20220218,112049500,11:20:50,325000,230,1573,74166740,0,0,0
sn2206,20220218,20220218,112050500,11:20:51,325000,230,1573,74166740,0,0,0
sn2206,20220218,20220218,112051500,11:20:51,325000,230,1573,74166740,0,0,0
sn2206,20220218,20220218,112053000,11:20:53,325000,230,1573,74166740,0,0,0
sn2206,20220218,20220218,112053500,11:20:53,325000,230,1573,74166740,0,0,0
sn2206,20220218,20220218,112054000,11:20:54,325000,230,1573,74166740,0,0,0
sn2206,20220218,20220218,112054500,11:20:55,325000,230,1573,74166740,0,0,0
sn2206,20220218,20220218,112055000,11:20:55,325000,230,1573,74166740,0,0,0
sn2206,20220218,20220218,112055500,11:20:56,325000,230,1573,74166740,0,0,0
sn2206,20220218,20220218,112056000,11:20:56,325000,230,1573,74166740,0,0,0
sn2206,20220218,20220218,112058000,11:20:58,325000,230,1573,74166740,0,0,0
sn2206,20220218,20220218,112058500,11:20:59,325000,230,1573,74166740,0,0,0
sn2206,20220218,20220218,112059000,11:20:59,325000,230,1573,74166740,0,0,0
sn2206,20220218,20220218,112059500,11:21:00,325000,230,1573,74166740,0,0,0
sn2206,20220218,20220218,112100000,11:21:00,325000,230,1573,74166740,0,0,0
sn2206,20220218,20220218,112100500,11:21:01,325000,230,1573,74166740,0,0,0
sn2206,20220218,20220218,112101000,11:21:01,325000,230,1573,74166740,0,0,0
sn2206,20220218,20220218,112101500,11:21:02,325000,230,1573,74166740,0,0,0
sn2206,20220218,20220218,112102000,11:21:02,325000,230,1573,74166740,0,0,0
sn2206,20220218,20220218,112102500,11:21:03,325000,230,1573,74166740,0,0,0
sn2206,20220218,20220218,112103500,11:21:03,325000,230,1573,74166740,0,0,0
sn2206,20220218,20220218,112104500,11:21:05,325000,230,1573,74166740,0,0,0
sn2206,20220218,20220218,112105000,11:21:05,325000,230,1573,74166740,0,0,0
sn2206,20220218,20220218,112105500,11:21:07,325000,230,1573,74166740,0,0,0
sn2206,20220218,20220218,112106500,11:21:07,325000,230,1573,74166740,0,0,0
sn2206,20220218,20220218,112108000,11:21:10,325000,230,1573,74166740,0,0,0
sn2206,20220218,20220218,112108500,11:21:10,325000,230,1573,74166740,0,0,0
sn2206,20220218,20220218,112109500,11:21:11,325000,230,1573,74166740,0,0,0
sn2206,20220218,20220218,112111000,11:21:11,325000,230,1573,74166740,0,0,0
sn2206,20220218,20220218,112111500,11:21:12,325000,230,1573,74166740,0,0,0
sn2206,20220218,20220218,112113000,11:21:13,325000,230,1573,74166740,0,0,0
sn2206,20220218,20220218,112113500,11:21:13,325000,230,1573,74166740,0,0,0
sn2206,20220218,20220218,112115000,11:21:15,325000,230,1573,74166740,0,0,0
sn2206,20220218,20220218,112116000,11:21:16,325000,230,1573,74166740,0,0,0
sn2206,20220218,20220218,112119000,11:21:19,325000,230,1573,74166740,0,0,0
sn2206,20220218,20220218,112120000,11:21:20,325000,230,1573,74166740,0,0,0
sn2206,20220218,20220218,112120500,11:21:21,325000,230,1573,74166740,0,0,0
sn2206,20220218,20220218,112121000,11:21:22,325000,230,1573,74166740,0,0,0
sn2206,20220218,20220218,112121500,11:21:22,325000,230,1573,74166740,0,0,0
sn2206,20220218,20220218,112122000,11:21:22,325000,230,1573,74166740,0,0,0
sn2206,20220218,20220218,112122500,11:21:22,325000,230,1573,74166740,0,0,0
sn2206,20220218,20220218,112123000,11:21:23,325000,230,1573,74166740,0,0,0
sn2206,20220218,20220218,112123500,11:21:23,325000,230,1573,74166740,0,0,0
sn2206,20220218,20220218,112124000,11:21:24,325000,230,1573,74166740,0,0,0
sn2206,20220218,20220218,112124500,11:21:25,325000,230,1573,74166740,0,0,0
sn2206,20220218,20220218,112331500,11:23:33,325000,230,1573,74166740,0,0,0
sn2206,20220218,20220218,112339000,11:23:39,325000,230,1573,74166740,0,0,0
sn2206,20220218,20220218,112339500,11:23:39,325000,230,1573,74166740,0,0,0
sn2206,20220218,20220218,112340000,11:23:40,325000,230,1573,74166740,0,0,0
sn2206,20220218,20220218,112341500,11:23:42,325000,230,1573,74166740,0,0,0
sn2206,20220218,20220218,112342000,11:23:42,325000,230,1573,74166740,0,0,0
sn2206,20220218,20220218,112344000,11:23:45,325000,230,1573,74166740,0,0,0
sn2206,20220218,20220218,112352000,11:23:52,325000,230,1573,74166740,0,0,0
sn2206,20220218,20220218,112353500,11:23:53,325000,230,1573,74166740,0,0,0
sn2206,20220218,20220218,112354000,11:23:54,325000,230,1573,74166740,0,0,0
sn2206,20220218,20220218,112354500,11:23:55,325000,230,1573,74166740,0,0,0
sn2206,20220218,20220218,112355000,11:23:55,325000,230,1573,74166740,0,0,0
sn2206,20220218,20220218,112355500,11:23:55,325000,230,1573,74166740,0,0,0
sn2206,20220218,20220218,112356000,11:23:56,325000,230,1573,74166740,0,0,0
sn2206,20220218,20220218,112357000,11:23:57,325000,230,1573,74166740,0,0,0
sn2206,20220218,20220218,112357500,11:23:57,325000,230,1573,74166740,0,0,0
sn2206,20220218,20220218,112358000,11:23:58,325000,230,1573,74166740,0,0,0
sn2206,20220218,20220218,112359000,11:23:59,325000,230,1573,74166740,0,0,0
sn2206,20220218,20220218,112359500,11:23:59,325000,230,1573,74166740,0,0,0
sn2206,20220218,20220218,112401000,11:24:01,325000,230,1573,74166740,0,0,0
sn2206,20220218,20220218,112409500,11:24:11,325000,230,1573,74166740,0,0,0
sn2206,20220218,20220218,112420000,11:24:20,325000,230,1573,74166740,0,0,0
sn2206,20220218,20220218,112433500,11:24:33,325000,230,1573,74166740,0,0,0
sn2206,20220218,20220218,112435000,11:24:35,325000,230,1573,74166740,0,0,0
sn2206,20220218,20220218,112437500,11:24:37,325000,230,1573,74166740,0,0,0
sn2206,20220218,20220218,112439500,11:24:40,325000,230,1573,74166740,0,0,0
sn2206,20220218,20220218,112442000,11:24:42,325000,230,1573,74166740,0,0,0
sn2206,20220218,20220218,112453500,11:24:53,325000,230,1573,74166740,0,0,0
sn2206,20220218,20220218,112455000,11:24:55,325000,230,1573,74166740,0,0,0
sn2206,20220218,20220218,112456500,11:24:56,325000,230,1573,74166740,0,0,0
sn2206,20220218,20220218,112506500,11:25:07,325000,230,1573,74166740,0,0,0
sn2206,20220218,20220218,112508500,11:25:08,325000,230,1573,74166740,0,0,0
sn2206,20220218,20220218,112509000,11:25:09,325000,230,1573,74166740,0,0,0
sn2206,20220218,20220218,112509500,11:25:09,325000,230,1573,74166740,0,0,0
sn2206,20220218,20220218,112510500,11:25:10,325000,230,1573,74166740,0,0,0
sn2206,20220218,20220218,112511000,11:25:11,325000,230,1573,74166740,0,0,0
sn2206,20220218,20220218,112511500,11:25:11,325000,230,1573,74166740,0,0,0
sn2206,20220218,20220218,112512000,11:25:12,325000,230,1573,74166740,0,0,0
sn2206,20220218,20220218,112513500,11:25:15,325000,230,1573,74166740,0,0,0
sn2206,20220218,20220218,112515000,11:25:16,325000,230,1573,74166740,0,0,0
sn2206,20220218,20220218,112519000,11:25:19,325000,230,1573,74166740,0,0,0
sn2206,20220218,20220218,112526000,11:25:26,325000,230,1573,74166740,0,0,0
sn2206,20220218,20220218,112526500,11:25:27,325000,230,1573,74166740,0,0,0
sn2206,20220218,20220218,112527000,11:25:27,325000,230,1573,74166740,0,0,0
sn2206,20220218,20220218,112527500,11:25:28,325000,230,1573,74166740,0,0,0
sn2206,20220218,20220218,112528000,11:25:28,325000,230,1573,74166740,0,0,0
sn2206,20220218,20220218,112529000,11:25:29,325000,230,1573,74166740,0,0,0
sn2206,20220218,20220218,112529500,11:25:30,325000,230,1573,74166740,0,0,0
sn2206,20220218,20220218,112531000,11:25:31,325000,230,1573,74166740,0,0,0
sn2206,20220218,20220218,112531500,11:25:32,325000,230,1573,74166740,0,0,0
sn2206,20220218,20220218,112532000,11:25:32,325000,230,1573,74166740,0,0,0
sn2206,20220218,20220218,112532500,11:25:33,325000,230,1573,74166740,0,0,0
sn2206,20220218,20220218,112533000,11:25:33,325000,230,1573,74166740,0,0,0
sn2206,20220218,20220218,112533500,11:25:33,325000,230,1573,74166740,0,0,0
sn2206,20220218,20220218,112534000,11:25:34,325000,230,1573,74166740,0,0,0
sn2206,20220218,20220218,112534500,11:25:35,325000,230,1573,74166740,0,0,0
sn2206,20220218,20220218,112535000,11:25:36,325000,230,1573,74166740,0,0,0
sn2206,20220218,20220218,112535500,11:25:37,325000,230,1573,74166740,0,0,0
sn2206,20220218,20220218,112539500,11:25:40,325000,230,1573,74166740,0,0,0
sn2206,20220218,20220218,112542500,11:25:42,325000,230,1573,74166740,0,0,0
sn2206,20220218,20220218,112543500,11:25:43,325000,230,1573,74166740,0,0,0
sn2206,20220218,20220218,112545500,11:25:46,325000,230,1573,74166740,0,0,0
sn2206,20220218,20220218,112546000,11:25:47,325000,230,1573,74166740,0,0,0
sn2206,20220218,20220218,112546500,11:25:48,325000,230,1573,74166740,0,0,0
sn2206,20220218,20220218,112547000,11:25:48,325000,230,1573,74166740,0,0,0
sn2206,20220218,20220218,112548000,11:25:48,325000,230,1573,74166740,0,0,0
sn2206,20220218,20220218,112548500,11:25:48,325000,230,1573,74166740,0,0,0
sn2206,20220218,20220218,112549000,11:25:49,325000,230,1573,74166740,0,0,0
sn2206,20220218,20220218,112549500,11:25:49,325000,230,1573,74166740,0,0,0
sn2206,20220218,20220218,112550000,11:25:50,325000,230,1573,74166740,0,0,0
sn2206,20220218,20220218,112551500,11:25:51,325000,230,1573,74166740,0,0,0
sn2206,20220218,20220218,112552000,11:25:52,325000,230,1573,74166740,0,0,0
sn2206,20220218,20220218,112552500,11:25:52,325000,230,1573,74166740,0,0,0
sn2206,20220218,20220218,112553000,11:25:53,325000,230,1573,74166740,0,0,0
sn2206,20220218,20220218,112555000,11:25:55,325000,230,1573,74166740,0,0,0
sn2206,20220218,20220218,112555500,11:25:56,325000,230,1573,74166740,0,0,0
sn2206,20220218,20220218,112556000,11:25:57,325000,230,1573,74166740,0,0,0
sn2206,20220218,20220218,112558000,11:25:59,325000,230,1573,74166740,0,0,0
sn2206,20220218,20220218,112559000,11:26:00,325000,230,1573,74166740,0,0,0
sn2206,20220218,20220218,112559500,11:26:00,325000,230,1573,74166740,0,0,0
sn2206,20220218,20220218,112601000,11:26:01,325000,230,1573,74166740,0,0,0
sn2206,20220218,20220218,112601500,11:26:02,325000,230,1573,74166740,0,0,0
sn2206,20220218,20220218,112602000,11:26:03,325000,230,1573,74166740,0,0,0
sn2206,20220218,20220218,112602500,11:26:03,325000,230,1573,74166740,0,0,0
sn2206,20220218,20220218,112603000,11:26:03,325000,230,1573,74166740,0,0,0
sn2206,20220218,20220218,112604000,11:26:05,325000,230,1573,74166740,0,0,0
sn2206,20220218,20220218,112604500,11:26:05,325000,230,1573,74166740,0,0,0
sn2206,20220218,20220218,112605000,11:26:05,325000,230,1573,74166740,0,0,0
sn2206,20220218,20220218,112605500,11:26:06,325000,230,1573,74166740,0,0,0
sn2206,20220218,20220218,112606500,11:26:07,325000,230,1573,74166740,0,0,0
sn2206,20220218,20220218,112607000,11:26:09,325000,230,1573,74166740,0,0,0
sn2206,20220218,20220218,112608500,11:26:10,325000,230,1573,74166740,0,0,0
sn2206,20220218,20220218,112611000,11:26:11,325000,230,1573,74166740,0,0,0
sn2206,20220218,20220218,112611500,11:26:13,325000,230,1573,74166740,0,0,0
sn2206,20220218,20220218,112612500,11:26:14,325000,230,1573,74166740,0,0,0
sn2206,20220218,20220218,112613000,11:26:15,325000,230,1573,74166740,0,0,0
sn2206,20220218,20220218,112613500,11:26:15,325000,230,1573,74166740,0,0,0
sn2206,20220218,20220218,112614500,11:26:15,325000,230,1573,74166740,0,0,0
sn2206,20220218,20220218,112622500,11:26:22,325000,230,1573,74166740,0,0,0
sn2206,20220218,20220218,112627000,11:26:27,325000,230,1573,74166740,0,0,0
sn2206,20220218,20220218,112627500,11:26:27,325000,230,1573,74166740,0,0,0
sn2206,20220218,20220218,112631000,11:26:31,325000,230,1573,74166740,0,0,0
sn2206,20220218,20220218,112634000,11:26:35,325000,230,1573,74166740,0,0,0
sn2206,20220218,20220218,112635000,11:26:37,325000,230,1573,74166740,0,0,0
sn2206,20220218,20220218,112636000,11:26:38,325000,230,1573,74166740,0,0,0
sn2206,20220218,20220218,112637000,11:26:54,325000,230,1573,74166740,0,0,0
sn2206,20220218,20220218,112637500,11:26:54,325000,230,1573,74166740,0,0,0
sn2206,20220218,20220218,112638000,11:27:10,325000,230,1573,74166740,0,0,0
sn2206,20220218,20220218,112638500,11:27:10,325000,230,1573,74166740,0,0,0
sn2206,20220218,20220218,112646500,11:27:11,325000,230,1573,74166740,0,0,0
sn2206,20220218,20220218,112709000,11:27:12,325000,230,1573,74166740,0,0,0
sn2206,20220218,20220218,112710500,11:27:12,325000,230,1573,74166740,0,0,0
sn2206,20220218,20220218,112712000,11:27:13,325000,230,1573,74166740,0,0,0
sn2206,20220218,20220218,112713500,11:27:14,325000,230,1573,74166740,0,0,0
sn2206,20220218,20220218,112717000,11:27:17,325000,230,1573,74166740,0,0,0
sn2206,20220218,20220218,112719000,11:27:19,325000,230,1573,74166740,0,0,0
sn2206,20220218,20220218,112719500,11:27:20,325000,230,1573,74166740,0,0,0
sn2206,20220218,20220218,112720500,11:27:21,325000,230,1573,74166740,0,0,0
sn2206,20220218,20220218,112721000,11:27:21,325000,230,1573,74166740,0,0,0
sn2206,20220218,20220218,112722000,11:27:22,325000,230,1573,74166740,0,0,0
sn2206,20220218,20220218,112722500,11:27:22,325000,230,1573,74166740,0,0,0
sn2206,20220218,20220218,112723000,11:27:26,325000,230,1573,74166740,0,0,0
sn2206,20220218,20220218,112723500,11:27:27,325000,230,1573,74166740,0,0,0
sn2206,20220218,20220218,112724000,11:27:27,325000,230,1573,74166740,0,0,0
sn2206,20220218,20220218,112724500,11:27:27,325000,230,1573,74166740,0,0,0
sn2206,20220218,20220218,112727500,11:27:27,325000,230,1573,74166740,0,0,0
sn2206,20220218,20220218,112728000,11:27:28,325000,230,1573,74166740,0,0,0
sn2206,20220218,20220218,112729500,11:27:29,325000,230,1573,74166740,0,0,0
sn2206,20220218,20220218,112730000,11:27:30,325000,230,1573,74166740,0,0,0
sn2206,20220218,20220218,112731500,11:27:35,325000,230,1573,74166740,0,0,0
sn2206,20220218,20220218,112732000,11:27:36,325000,230,1573,74166740,0,0,0
sn2206,20220218,20220218,112732500,11:27:36,325000,230,1573,74166740,0,0,0
sn2206,20220218,20220218,112735500,11:27:36,325000,230,1573,74166740,0,0,0
sn2206,20220218,20220218,112737500,11:27:38,325000,230,1573,74166740,0,0,0
sn2206,20220218,20220218,112748000,11:27:52,325000,230,1573,74166740,0,0,0
sn2206,20220218,20220218,112752000,11:27:54,325000,230,1573,74166740,0,0,0
sn2206,20220218,20220218,112755000,11:27:55,325000,230,1573,74166740,0,0,0
sn2206,20220218,20220218,112801500,11:28:02,325000,230,1573,74166740,0,0,0
sn2206,20220218,20220218,112804000,11:28:04,325000,230,1573,74166740,0,0,0
sn2206,20220218,20220218,112815000,11:28:15,325000,230,1573,74166740,0,0,0
sn2206,20220218,20220218,112815500,11:28:15,325000,230,1573,74166740,0,0,0
sn2206,20220218,20220218,112816000,11:28:16,325000,230,1573,74166740,0,0,0
sn2206,20220218,20220218,112816500,11:28:16,325000,230,1573,74166740,0,0,0
sn2206,20220218,20220218,112817000,11:28:17,325000,230,1573,74166740,0,0,0
sn2206,20220218,20220218,112817500,11:28:17,325000,230,1573,74166740,0,0,0
sn2206,20220218,20220218,112818000,11:28:18,325000,230,1573,74166740,0,0,0
sn2206,20220218,20220218,112818500,11:28:18,325000,230,1573,74166740,0,0,0
sn2206,20220218,20220218,112819000,11:28:19,325000,230,1573,74166740,0,0,0
sn2206,20220218,20220218,112820000,11:28:20,325000,230,1573,74166740,0,0,0
sn2206,20220218,20220218,112820500,11:28:20,325000,230,1573,74166740,0,0,0
sn2206,20220218,20220218,112822000,11:28:22,325000,230,1573,74166740,0,0,0
sn2206,20220218,20220218,112824500,11:28:24,325000,230,1573,74166740,0,0,0
sn2206,20220218,20220218,112826000,11:28:26,325000,230,1573,74166740,0,0,0
sn2206,20220218,20220218,112826500,11:28:27,325000,230,1573,74166740,0,0,0
sn2206,20220218,20220218,112827000,11:28:27,325000,230,1573,74166740,0,0,0
sn2206,20220218,20220218,112827500,11:28:27,325000,230,1573,74166740,0,0,0
sn2206,20220218,20220218,112828000,11:28:28,325000,230,1573,74166740,0,0,0
sn2206,20220218,20220218,112828500,11:28:28,325000,230,1573,74166740,0,0,0
sn2206,20220218,20220218,112830000,11:28:30,325000,230,1573,74166740,0,0,0
sn2206,20220218,20220218,112832000,11:28:32,325000,230,1573,74166740,0,0,0
sn2206,20220218,20220218,112833000,11:28:33,323440,231,1572,74490180,1,-1,323440
sn2206,20220218,20220218,112833500,11:28:34,323440,237,1567,76430820,6,-5,1940640
sn2206,20220218,20220218,112834000,11:28:34,323440,240,1565,77401140,3,-2,970320
sn2206,20220218,20220218,112834500,11:28:34,323440,240,1565,77401140,0,0,0
sn2206,20220218,20220218,112835000,11:28:35,323440,240,1565,77401140,0,0,0
sn2206,20220218,20220218,112835500,11:28:37,323440,240,1565,77401140,0,0,0
sn2206,20220218,20220218,112836500,11:28:37,323440,240,1565,77401140,0,0,0
sn2206,20220218,20220218,112837000,11:28:37,323440,240,1565,77401140,0,0,0
sn2206,20220218,20220218,112837500,11:28:37,323440,240,1565,77401140,0,0,0
sn2206,20220218,20220218,112840000,11:28:40,323440,240,1565,77401140,0,0,0
sn2206,20220218,20220218,112844500,11:28:44,323440,240,1565,77401140,0,0,0
sn2206,20220218,20220218,112852500,11:28:53,323440,240,1565,77401140,0,0,0
sn2206,20220218,20220218,112854000,11:28:54,323440,240,1565,77401140,0,0,0
sn2206,20220218,20220218,112902500,11:29:03,323440,240,1565,77401140,0,0,0
sn2206,20220218,20220218,112904000,11:29:04,323440,240,1565,77401140,0,0,0
sn2206,20220218,20220218,112921000,11:29:22,323440,240,1565,77401140,0,0,0
sn2206,20220218,20220218,112921500,11:29:24,323440,240,1565,77401140,0,0,0
sn2206,20220218,20220218,112924500,11:29:24,323440,240,1565,77401140,0,0,0
sn2206,20220218,20220218,112926500,11:29:26,323900,241,1565,77725040,1,0,323900
sn2206,20220218,20220218,112927000,11:29:27,323900,241,1565,77725040,0,0,0
sn2206,20220218,20220218,112927500,11:29:27,323900,241,1565,77725040,0,0,0
sn2206,20220218,20220218,112928500,11:29:28,323450,244,1565,78695400,3,0,970360
sn2206,20220218,20220218,112929000,11:29:29,323450,250,1566,80636100,6,1,1940700
sn2206,20220218,20220218,112929500,11:29:29,323450,251,1566,80959550,1,0,323450
sn2206,20220218,20220218,112930000,11:29:30,323450,251,1566,80959550,0,0,0
sn2206,20220218,20220218,112930500,11:29:30,323450,251,1566,80959550,0,0,0
sn2206,20220218,20220218,112931000,11:29:32,323450,251,1566,80959550,0,0,0
sn2206,20220218,20220218,112932000,11:29:32,323450,251,1566,80959550,0,0,0
sn2206,20220218,20220218,112935000,11:29:38,323450,251,1566,80959550,0,0,0
sn2206,20220218,20220218,112937000,11:29:38,323450,251,1566,80959550,0,0,0
sn2206,20220218,20220218,112938500,11:29:39,323450,251,1566,80959550,0,0,0
sn2206,20220218,20220218,112939500,11:29:40,323450,251,1566,80959550,0,0,0
sn2206,20220218,20220218,112946000,11:29:46,323450,251,1566,80959550,0,0,0
sn2206,20220218,20220218,112952500,11:29:53,323450,251,1566,80959550,0,0,0
sn2206,20220218,20220218,112953000,11:29:53,323450,251,1566,80959550,0,0,0
sn2206,20220218,20220218,112953500,11:29:54,323450,251,1566,80959550,0,0,0
sn2206,20220218,20220218,112954000,11:29:54,323450,251,1566,80959550,0,0,0
sn2206,20220218,20220218,112954500,11:29:54,323450,251,1566,80959550,0,0,0
sn2206,20220218,20220218,112955000,11:29:55,323450,251,1566,80959550,0,0,0
sn2206,20220218,20220218,112955500,11:29:56,323450,251,1566,80959550,0,0,0
sn2206,20220218,20220218,112956000,11:29:56,323450,251,1566,80959550,0,0,0
sn2206,20220218,20220218,112956500,11:30:00,323450,251,1566,80959550,0,0,0
sn2206,20220218,20220218,112957000,11:30:01,323450,251,1566,80959550,0,0,0
sn2206,20220218,20220218,112957500,11:30:02,323450,251,1566,80959550,0,0,0
sn2206,20220218,20220218,112959500,11:30:02,323450,251,1566,80959550,0,0,0
sn2206,20220218,20220218,113001000,11:30:03,323450,251,1566,80959550,0,0,0
sn2206,20220218,20220218,113001500,11:30:03,323450,251,1566,80959550,0,0,0
sn2206,20220218,20220218,133002000,13:30:08,323450,251,1566,80959550,0,0,0
sn2206,20220218,20220218,133002500,13:30:10,323450,251,1566,80959550,0,0,0
sn2206,20220218,20220218,133008000,13:30:10,323450,251,1566,80959550,0,0,0
sn2206,20220218,20220218,133009500,13:30:11,323450,251,1566,80959550,0,0,0
sn2206,20220218,20220218,133010000,13:30:11,323450,251,1566,80959550,0,0,0
sn2206,20220218,20220218,133010500,13:30:12,323450,251,1566,80959550,0,0,0
sn2206,20220218,20220218,133011000,13:30:13,323450,251,1566,80959550,0,0,0
sn2206,20220218,20220218,133011500,13:30:13,323450,251,1566,80959550,0,0,0
sn2206,20220218,20220218,133012000,13:30:13,323450,251,1566,80959550,0,0,0
sn2206,20220218,20220218,133013000,13:30:14,323450,251,1566,80959550,0,0,0
sn2206,20220218,20220218,133013500,13:30:14,323450,251,1566,80959550,0,0,0
sn2206,20220218,20220218,133014000,13:30:15,323450,251,1566,80959550,0,0,0
sn2206,20220218,20220218,133014500,13:30:16,323450,251,1566,80959550,0,0,0
sn2206,20220218,20220218,133015000,13:30:17,323450,251,1566,80959550,0,0,0
sn2206,20220218,20220218,133016500,13:30:18,323450,251,1566,80959550,0,0,0
sn2206,20220218,20220218,133017000,13:30:18,323450,251,1566,80959550,0,0,0
sn2206,20220218,20220218,133017500,13:30:19,323450,251,1566,80959550,0,0,0
sn2206,20220218,20220218,133018000,13:30:19,323450,251,1566,80959550,0,0,0
sn2206,20220218,20220218,133018500,13:30:20,323450,251,1566,80959550,0,0,0
sn2206,20220218,20220218,133019000,13:30:20,323450,251,1566,80959550,0,0,0
sn2206,20220218,20220218,133020000,13:30:21,323450,251,1566,80959550,0,0,0
sn2206,20220218,20220218,133020500,13:30:21,323450,251,1566,80959550,0,0,0
sn2206,20220218,20220218,133021000,13:30:21,323450,251,1566,80959550,0,0,0
sn2206,20220218,20220218,133021500,13:30:22,323450,251,1566,80959550,0,0,0
sn2206,20220218,20220218,133022000,13:30:38,323450,251,1566,80959550,0,0,0
sn2206,20220218,20220218,133022500,13:30:38,323450,251,1566,80959550,0,0,0
sn2206,20220218,20220218,133023000,13:30:38,323450,251,1566,80959550,0,0,0
sn2206,20220218,20220218,133038000,13:30:41,323450,251,1566,80959550,0,0,0
sn2206,20220218,20220218,133038500,13:30:41,323450,251,1566,80959550,0,0,0
sn2206,20220218,20220218,133039500,13:30:43,323450,251,1566,80959550,0,0,0
sn2206,20220218,20220218,133042500,13:30:44,323450,251,1566,80959550,0,0,0
sn2206,20220218,20220218,133043000,13:30:44,323450,251,1566,80959550,0,0,0
sn2206,20220218,20220218,133044500,13:30:46,323450,251,1566,80959550,0,0,0
sn2206,20220218,20220218,133045000,13:30:46,323450,251,1566,80959550,0,0,0
sn2206,20220218,20220218,133046000,13:30:47,323450,251,1566,80959550,0,0,0
sn2206,20220218,20220218,133047000,13:30:47,323450,251,1566,80959550,0,0,0
sn2206,20220218,20220218,133047500,13:30:48,323450,251,1566,80959550,0,0,0
sn2206,20220218,20220218,133048000,13:30:48,323450,251,1566,80959550,0,0,0
sn2206,20220218,20220218,133049500,13:30:50,323450,251,1566,80959550,0,0,0
sn2206,20220218,20220218,133050000,13:30:50,323450,251,1566,80959550,0,0,0
sn2206,20220218,20220218,133052500,13:30:53,323450,251,1566,80959550,0,0,0
sn2206,20220218,20220218,133053500,13:30:54,323450,251,1566,80959550,0,0,0
sn2206,20220218,20220218,133054000,13:30:54,323450,251,1566,80959550,0,0,0
sn2206,20220218,20220218,133054500,13:30:55,323450,251,1566,80959550,0,0,0
sn2206,20220218,20220218,133055000,13:30:56,323450,251,1566,80959550,0,0,0
sn2206,20220218,20220218,133056000,13:30:57,323450,251,1566,80959550,0,0,0
sn2206,20220218,20220218,133056500,13:30:57,323450,251,1566,80959550,0,0,0
sn2206,20220218,20220218,133057000,13:30:58,323450,251,1566,80959550,0,0,0
sn2206,20220218,20220218,133057500,13:30:58,323450,251,1566,80959550,0,0,0
sn2206,20220218,20220218,133059000,13:30:59,323750,252,1566,81283300,1,0,323750
sn2206,20220218,20220218,133059500,13:31:00,323750,252,1566,81283300,0,0,0
sn2206,20220218,20220218,133100000,13:31:00,323750,252,1566,81283300,0,0,0
sn2206,20220218,20220218,133100500,13:31:00,323750,252,1566,81283300,0,0,0
sn2206,20220218,20220218,133101000,13:31:01,323750,252,1566,81283300,0,0,0
sn2206,20220218,20220218,133101500,13:31:01,323750,252,1566,81283300,0,0,0
sn2206,20220218,20220218,133102000,13:31:02,323750,252,1566,81283300,0,0,0
sn2206,20220218,20220218,133103000,13:31:03,323750,252,1566,81283300,0,0,0
sn2206,20220218,20220218,133104000,13:31:06,323750,252,1566,81283300,0,0,0
sn2206,20220218,20220218,133104500,13:31:07,323750,252,1566,81283300,0,0,0
sn2206,20220218,20220218,133105500,13:31:08,323750,252,1566,81283300,0,0,0
sn2206,20220218,20220218,133107000,13:31:09,323750,252,1566,81283300,0,0,0
sn2206,20220218,20220218,133107500,13:31:09,323750,252,1566,81283300,0,0,0
sn2206,20220218,20220218,133108500,13:31:09,323750,252,1566,81283300,0,0,0
sn2206,20220218,20220218,133109000,13:31:09,323750,252,1566,81283300,0,0,0
sn2206,20220218,20220218,133110000,13:31:11,323750,252,1566,81283300,0,0,0
sn2206,20220218,20220218,133110500,13:31:11,323750,252,1566,81283300,0,0,0
sn2206,20220218,20220218,133111500,13:31:12,323750,252,1566,81283300,0,0,0
sn2206,20220218,20220218,133112000,13:31:12,323750,252,1566,81283300,0,0,0
sn2206,20220218,20220218,133112500,13:31:13,323750,252,1566,81283300,0,0,0
sn2206,20220218,20220218,133114000,13:31:15,323750,252,1566,81283300,0,0,0
sn2206,20220218,20220218,133114500,13:31:15,323750,252,1566,81283300,0,0,0
sn2206,20220218,20220218,133115000,13:31:15,323750,252,1566,81283300,0,0,0
sn2206,20220218,20220218,133115500,13:31:16,323750,252,1566,81283300,0,0,0
sn2206,20220218,20220218,133116000,13:31:16,323750,252,1566,81283300,0,0,0
sn2206,20220218,20220218,133116500,13:31:17,323750,252,1566,81283300,0,0,0
sn2206,20220218,20220218,133117000,13:31:17,323750,252,1566,81283300,0,0,0
sn2206,20220218,20220218,133117500,13:31:18,323750,252,1566,81283300,0,0,0
sn2206,20220218,20220218,133119000,13:31:19,323750,252,1566,81283300,0,0,0
sn2206,20220218,20220218,133119500,13:31:20,323750,252,1566,81283300,0,0,0
sn2206,20220218,20220218,133120000,13:31:20,323750,252,1566,81283300,0,0,0
sn2206,20220218,20220218,133120500,13:31:21,323750,252,1566,81283300,0,0,0
sn2206,20220218,20220218,133121000,13:31:21,323750,252,1566,81283300,0,0,0
sn2206,20220218,20220218,133122500,13:31:25,323750,252,1566,81283300,0,0,0
sn2206,20220218,20220218,133123000,13:31:25,323750,252,1566,81283300,0,0,0
sn2206,20220218,20220218,133124500,13:31:25,323750,252,1566,81283300,0,0,0
sn2206,20220218,20220218,133156000,13:31:56,323750,252,1566,81283300,0,0,0
sn2206,20220218,20220218,133158500,13:31:58,323750,252,1566,81283300,0,0,0
sn2206,20220218,20220218,133201000,13:32:01,323750,252,1566,81283300,0,0,0
sn2206,20220218,20220218,133205500,13:32:06,323750,252,1566,81283300,0,0,0
sn2206,20220218,20220218,133206500,13:32:07,323750,252,1566,81283300,0,0,0
sn2206,20220218,20220218,133207000,13:32:07,323750,252,1566,81283300,0,0,0
sn2206,20220218,20220218,133209500,13:32:10,323750,252,1566,81283300,0,0,0
sn2206,20220218,20220218,133210000,13:32:10,323750,252,1566,81283300,0,0,0
sn2206,20220218,20220218,133213000,13:32:15,323750,252,1566,81283300,0,0,0
sn2206,20220218,20220218,133215500,13:32:16,323750,252,1566,81283300,0,0,0
sn2206,20220218,20220218,133227500,13:32:28,323750,252,1566,81283300,0,0,0
sn2206,20220218,20220218,133238500,13:32:39,323750,252,1566,81283300,0,0,0
sn2206,20220218,20220218,133239000,13:32:39,323750,252,1566,81283300,0,0,0
sn2206,20220218,20220218,133239500,13:32:40,323750,252,1566,81283300,0,0,0
sn2206,20220218,20220218,133240000,13:32:40,323750,252,1566,81283300,0,0,0
sn2206,20220218,20220218,133308000,13:33:08,323750,252,1566,81283300,0,0,0
sn2206,20220218,20220218,133308500,13:33:09,323750,252,1566,81283300,0,0,0
sn2206,20220218,20220218,133309000,13:33:09,323750,252,1566,81283300,0,0,0
sn2206,20220218,20220218,133309500,13:33:10,323750,252,1566,81283300,0,0,0
sn2206,20220218,20220218,133310000,13:33:11,323750,252,1566,81283300,0,0,0
sn2206,20220218,20220218,133310500,13:33:12,323750,252,1566,81283300,0,0,0
sn2206,20220218,20220218,133311000,13:33:14,323750,252,1566,81283300,0,0,0
sn2206,20220218,20220218,133311500,13:33:14,323750,252,1566,81283300,0,0,0
sn2206,20220218,20220218,133312000,13:33:14,323750,252,1566,81283300,0,0,0
sn2206,20220218,20220218,133313500,13:33:15,323750,252,1566,81283300,0,0,0
sn2206,20220218,20220218,133314000,13:33:17,323750,252,1566,81283300,0,0,0
sn2206,20220218,20220218,133314500,13:33:17,323750,252,1566,81283300,0,0,0
sn2206,20220218,20220218,133315000,13:33:18,323750,252,1566,81283300,0,0,0
sn2206,20220218,20220218,133315500,13:33:18,323750,252,1566,81283300,0,0,0
sn2206,20220218,20220218,133317000,13:33:19,323750,252,1566,81283300,0,0,0
sn2206,20220218,20220218,133318500,13:33:19,323750,252,1566,81283300,0,0,0
sn2206,20220218,20220218,133319000,13:33:20,323750,252,1566,81283300,0,0,0
sn2206,20220218,20220218,133320000,13:33:21,323750,252,1566,81283300,0,0,0
sn2206,20220218,20220218,133321500,13:33:22,323750,252,1566,81283300,0,0,0
sn2206,20220218,20220218,133323000,13:33:23,323750,252,1566,81283300,0,0,0
sn2206,20220218,20220218,133326000,13:33:27,323750,252,1566,81283300,0,0,0
sn2206,20220218,20220218,133326500,13:33:29,323750,252,1566,81283300,0,0,0
sn2206,20220218,20220218,133329000,13:33:30,323750,252,1566,81283300,0,0,0
sn2206,20220218,20220218,133330000,13:33:30,323750,252,1566,81283300,0,0,0
sn2206,20220218,20220218,133331000,13:33:32,323750,252,1566,81283300,0,0,0
sn2206,20220218,20220218,133331500,13:33:32,323750,252,1566,81283300,0,0,0
sn2206,20220218,20220218,133332000,13:33:32,323750,252,1566,81283300,0,0,0
sn2206,20220218,20220218,133333500,13:33:33,323750,252,1566,81283300,0,0,0
sn2206,20220218,20220218,133335000,13:33:35,323750,252,1566,81283300,0,0,0
sn2206,20220218,20220218,133338000,13:33:38,323750,252,1566,81283300,0,0,0
sn2206,20220218,20220218,133338500,13:33:39,323750,252,1566,81283300,0,0,0
sn2206,20220218,20220218,133339000,13:33:39,323750,252,1566,81283300,0,0,0
sn2206,20220218,20220218,133339500,13:33:40,323750,252,1566,81283300,0,0,0
sn2206,20220218,20220218,133340000,13:33:40,323750,252,1566,81283300,0,0,0
sn2206,20220218,20220218,133342000,13:33:42,323750,252,1566,81283300,0,0,0
sn2206,20220218,20220218,133343500,13:33:44,323750,252,1566,81283300,0,0,0
sn2206,20220218,20220218,133344000,13:33:44,323750,252,1566,81283300,0,0,0
sn2206,20220218,20220218,133345000,13:33:45,323750,252,1566,81283300,0,0,0
sn2206,20220218,20220218,133350500,13:33:50,323750,252,1566,81283300,0,0,0
sn2206,20220218,20220218,133352500,13:33:52,323750,252,1566,81283300,0,0,0
sn2206,20220218,20220218,133353000,13:33:53,323750,252,1566,81283300,0,0,0
sn2206,20220218,20220218,133353500,13:33:53,323420,253,1565,81606720,1,-1,323420
sn2206,20220218,20220218,133354000,13:33:54,323420,253,1565,81606720,0,0,0
sn2206,20220218,20220218,133354500,13:33:55,323420,253,1565,81606720,0,0,0
sn2206,20220218,20220218,133355000,13:33:56,323420,253,1565,81606720,0,0,0
sn2206,20220218,20220218,133355500,13:33:56,323420,253,1565,81606720,0,0,0
sn2206,20220218,20220218,133356000,13:33:56,323420,253,1565,81606720,0,0,0
sn2206,20220218,20220218,133357000,13:33:57,323420,253,1565,81606720,0,0,0
sn2206,20220218,20220218,133357500,13:33:58,323420,253,1565,81606720,0,0,0
sn2206,20220218,20220218,133358000,13:33:58,323420,253,1565,81606720,0,0,0
sn2206,20220218,20220218,133359000,13:33:59,323420,253,1565,81606720,0,0,0
sn2206,20220218,20220218,133400000,13:34:00,323420,253,1565,81606720,0,0,0
sn2206,20220218,20220218,133400500,13:34:00,323420,253,1565,81606720,0,0,0
sn2206,20220218,20220218,133402000,13:34:10,323420,253,1565,81606720,0,0,0
sn2206,20220218,20220218,133402500,13:34:10,323420,253,1565,81606720,0,0,0
sn2206,20220218,20220218,133409500,13:34:12,323420,253,1565,81606720,0,0,0
sn2206,20220218,20220218,133410500,13:34:12,323420,253,1565,81606720,0,0,0
sn2206,20220218,20220218,133411000,13:34:12,323420,253,1565,81606720,0,0,0
sn2206,20220218,20220218,133411500,13:34:12,323420,253,1565,81606720,0,0,0
sn2206,20220218,20220218,133412000,13:34:12,323420,253,1565,81606720,0,0,0
sn2206,20220218,20220218,133412500,13:34:13,323420,253,1565,81606720,0,0,0
sn2206,20220218,20220218,133413000,13:34:13,323420,253,1565,81606720,0,0,0
sn2206,20220218,20220218,133414000,13:34:14,323420,253,1565,81606720,0,0,0
sn2206,20220218,20220218,133415500,13:34:16,323420,253,1565,81606720,0,0,0
sn2206,20220218,20220218,133416500,13:34:16,323420,253,1565,81606720,0,0,0
sn2206,20220218,20220218,133417000,13:34:17,323420,253,1565,81606720,0,0,0
sn2206,20220218,20220218,133418500,13:34:19,323420,253,1565,81606720,0,0,0
sn2206,20220218,20220218,133419000,13:34:19,323420,253,1565,81606720,0,0,0
sn2206,20220218,20220218,133420500,13:34:23,323420,253,1565,81606720,0,0,0
sn2206,20220218,20220218,133421000,13:34:23,323420,253,1565,81606720,0,0,0
sn2206,20220218,20220218,133422500,13:34:24,323420,253,1565,81606720,0,0,0
sn2206,20220218,20220218,133424500,13:34:24,323420,253,1565,81606720,0,0,0
sn2206,20220218,20220218,133426500,13:34:26,323420,253,1565,81606720,0,0,0
sn2206,20220218,20220218,133427000,13:34:27,323420,253,1565,81606720,0,0,0
sn2206,20220218,20220218,133427500,13:34:28,323420,253,1565,81606720,0,0,0
sn2206,20220218,20220218,133428000,13:34:28,323420,253,1565,81606720,0,0,0
sn2206,20220218,20220218,133429000,13:34:29,323420,253,1565,81606720,0,0,0
sn2206,20220218,20220218,133429500,13:34:29,323420,253,1565,81606720,0,0,0
sn2206,20220218,20220218,133430000,13:34:30,323420,253,1565,81606720,0,0,0
sn2206,20220218,20220218,133430500,13:34:30,323420,253,1565,81606720,0,0,0
sn2206,20220218,20220218,133431000,13:34:31,323420,253,1565,81606720,0,0,0
sn2206,20220218,20220218,133431500,13:34:31,323420,253,1565,81606720,0,0,0
sn2206,20220218,20220218,133432000,13:34:32,323420,253,1565,81606720,0,0,0
sn2206,20220218,20220218,133432500,13:34:32,323420,253,1565,81606720,0,0,0
sn2206,20220218,20220218,133433000,13:34:33,323420,253,1565,81606720,0,0,0
sn2206,20220218,20220218,133433500,13:34:34,323420,253,1565,81606720,0,0,0
sn2206,20220218,20220218,133436500,13:34:36,323420,253,1565,81606720,0,0,0
sn2206,20220218,20220218,133437500,13:34:38,323420,253,1565,81606720,0,0,0
sn2206,20220218,20220218,133438000,13:34:38,323420,253,1565,81606720,0,0,0
sn2206,20220218,20220218,133438500,13:34:38,323420,253,1565,81606720,0,0,0
sn2206,20220218,20220218,133440000,13:34:40,323420,253,1565,81606720,0,0,0
sn2206,20220218,20220218,133443500,13:34:45,323420,253,1565,81606720,0,0,0
sn2206,20220218,20220218,133446000,13:34:46,323420,253,1565,81606720,0,0,0
sn2206,20220218,20220218,133451000,13:34:51,323420,253,1565,81606720,0,0,0
sn2206,20220218,20220218,133451500,13:34:51,323420,253,1565,81606720,0,0,0
sn2206,20220218,20220218,133452000,13:34:52,323420,253,1565,81606720,0,0,0
sn2206,20220218,20220218,133452500,13:34:53,323420,253,1565,81606720,0,0,0
sn2206,20220218,20220218,133453000,13:34:53,323420,253,1565,81606720,0,0,0
sn2206,20220218,20220218,133453500,13:34:55,323420,253,1565,81606720,0,0,0
sn2206,20220218,20220218,133454000,13:34:56,323420,253,1565,81606720,0,0,0
sn2206,20220218,20220218,133454500,13:34:56,323420,253,1565,81606720,0,0,0
sn2206,20220218,20220218,133455000,13:34:56,323420,253,1565,81606720,0,0,0
sn2206,20220218,20220218,133455500,13:34:56,323420,253,1565,81606720,0,0,0
sn2206,20220218,20220218,133456000,13:34:57,323420,253,1565,81606720,0,0,0
sn2206,20220218,20220218,133457500,13:34:58,323420,253,1565,81606720,0,0,0
sn2206,20220218,20220218,133458000,13:34:58,323420,253,1565,81606720,0,0,0
sn2206,20220218,20220218,133459500,13:35:00,323420,253,1565,81606720,0,0,0
sn2206,20220218,20220218,133501000,13:35:04,323420,253,1565,81606720,0,0,0
sn2206,20220218,20220218,133501500,13:35:05,323420,253,1565,81606720,0,0,0
sn2206,20220218,20220218,133502000,13:35:10,323420,253,1565,81606720,0,0,0
sn2206,20220218,20220218,133504500,13:35:10,323420,253,1565,81606720,0,0,0
sn2206,20220218,20220218,133505000,13:35:10,323420,253,1565,81606720,0,0,0
sn2206,20220218,20220218,133507500,13:35:11,323420,253,1565,81606720,0,0,0
sn2206,20220218,20220218,133517500,13:35:18,323420,253,1565,81606720,0,0,0
sn2206,20220218,20220218,133518000,13:35:19,323420,253,1565,81606720,0,0,0
sn2206,20220218,20220218,133538000,13:35:43,323420,253,1565,81606720,0,0,0
sn2206,20220218,20220218,133548500,13:35:48,323420,253,1565,81606720,0,0,0
sn2206,20220218,20220218,133549000,13:35:49,323420,253,1565,81606720,0,0,0
sn2206,20220218,20220218,133551500,13:35:51,323420,253,1565,81606720,0,0,0
sn2206,20220218,20220218,133552000,13:35:52,323420,253,1565,81606720,0,0,0
sn2206,20220218,20220218,133552500,13:35:53,323420,253,1565,81606720,0,0,0
sn2206,20220218,20220218,133553500,13:35:55,323420,253,1565,81606720,0,0,0
sn2206,20220218,20220218,133554000,13:35:55,323420,253,1565,81606720,0,0,0
sn2206,20220218,20220218,133556500,13:35:57,323420,253,1565,81606720,0,0,0
sn2206,20220218,20220218,133557000,13:35:59,323420,253,1565,81606720,0,0,0
sn2206,20220218,20220218,133558500,13:36:02,323420,253,1565,81606720,0,0,0
sn2206,20220218,20220218,133559000,13:36:03,323420,253,1565,81606720,0,0,0
sn2206,20220218,20220218,133601000,13:36:03,323420,253,1565,81606720,0,0,0
sn2206,20220218,20220218,133602500,13:36:04,323420,253,1565,81606720,0,0,0
sn2206,20220218,20220218,133605000,13:36:06,323420,253,1565,81606720,0,0,0
sn2206,20220218,20220218,133605500,13:36:07,323420,253,1565,81606720,0,0,0
sn2206,20220218,20220218,133611500,13:36:12,323420,253,1565,81606720,0,0,0
sn2206,20220218,20220218,133615000,13:36:15,323420,253,1565,81606720,0,0,0
sn2206,20220218,20220218,133620000,13:36:20,323420,253,1565,81606720,0,0,0
sn2206,20220218,20220218,133620500,13:36:20,323420,253,1565,81606720,0,0,0
sn2206,20220218,20220218,133621000,13:36:21,323420,253,1565,81606720,0,0,0
sn2206,20220218,20220218,133621500,13:36:21,323420,253,1565,81606720,0,0,0
sn2206,20220218,20220218,133622000,13:36:22,323420,253,1565,81606720,0,0,0
sn2206,20220218,20220218,133622500,13:36:22,323420,253,1565,81606720,0,0,0
sn2206,20220218,20220218,133623000,13:36:23,323420,253,1565,81606720,0,0,0
sn2206,20220218,20220218,133624000,13:36:24,323420,253,1565,81606720,0,0,0
sn2206,20220218,20220218,133624500,13:36:24,323420,253,1565,81606720,0,0,0
sn2206,20220218,20220218,133625000,13:36:25,323420,253,1565,81606720,0,0,0
sn2206,20220218,20220218,133625500,13:36:26,323420,253,1565,81606720,0,0,0
sn2206,20220218,20220218,133626000,13:36:26,323420,253,1565,81606720,0,0,0
sn2206,20220218,20220218,133626500,13:36:27,323420,253,1565,81606720,0,0,0
sn2206,20220218,20220218,133628500,13:36:29,323420,253,1565,81606720,0,0,0
sn2206,20220218,20220218,133629000,13:36:29,323420,253,1565,81606720,0,0,0
sn2206,20220218,20220218,133631000,13:36:31,323420,253,1565,81606720,0,0,0
sn2206,20220218,20220218,133638000,13:36:38,323420,253,1565,81606720,0,0,0
sn2206,20220218,20220218,133644500,13:36:44,323420,253,1565,81606720,0,0,0
sn2206,20220218,20220218,133650500,13:36:50,323420,253,1565,81606720,0,0,0
sn2206,20220218,20220218,133651000,13:36:51,323420,253,1565,81606720,0,0,0
sn2206,20220218,20220218,133651500,13:36:52,323420,253,1565,81606720,0,0,0
sn2206,20220218,20220218,133652000,13:36:52,323420,253,1565,81606720,0,0,0
sn2206,20220218,20220218,133652500,13:36:53,323420,253,1565,81606720,0,0,0
sn2206,20220218,20220218,133653000,13:36:53,323420,253,1565,81606720,0,0,0
sn2206,20220218,20220218,133653500,13:36:54,323420,253,1565,81606720,0,0,0
sn2206,20220218,20220218,133654000,13:36:54,323420,253,1565,81606720,0,0,0
sn2206,20220218,20220218,133654500,13:36:54,323420,253,1565,81606720,0,0,0
sn2206,20220218,20220218,133702000,13:37:02,323420,253,1565,81606720,0,0,0
sn2206,20220218,20220218,133702500,13:37:03,323420,253,1565,81606720,0,0,0
sn2206,20220218,20220218,133707500,13:37:08,323420,253,1565,81606720,0,0,0
sn2206,20220218,20220218,133708000,13:37:08,323420,253,1565,81606720,0,0,0
sn2206,20220218,20220218,133712000,13:37:13,323420,253,1565,81606720,0,0,0
sn2206,20220218,20220218,133717500,13:37:18,323420,253,1565,81606720,0,0,0
sn2206,20220218,20220218,133726500,13:37:27,323420,253,1565,81606720,0,0,0
sn2206,20220218,20220218,133745000,13:37:45,323420,253,1565,81606720,0,0,0
sn2206,20220218,20220218,133749500,13:37:49,323420,253,1565,81606720,0,0,0
sn2206,20220218,20220218,133750000,13:37:50,323420,253,1565,81606720,0,0,0
sn2206,20220218,20220218,133751500,13:37:52,323420,253,1565,81606720,0,0,0
sn2206,20220218,20220218,133813500,13:38:15,323420,253,1565,81606720,0,0,0
sn2206,20220218,20220218,133814000,13:38:17,323420,253,1565,81606720,0,0,0
sn2206,20220218,20220218,133818000,13:38:18,323420,253,1565,81606720,0,0,0
sn2206,20220218,20220218,133818500,13:38:19,323420,253,1565,81606720,0,0,0
sn2206,20220218,20220218,133819000,13:38:19,323420,253,1565,81606720,0,0,0
sn2206,20220218,20220218,133819500,13:38:20,323420,253,1565,81606720,0,0,0
sn2206,20220218,20220218,133820000,13:38:22,323420,253,1565,81606720,0,0,0
sn2206,20220218,20220218,133828000,13:38:43,323420,253,1565,81606720,0,0,0
sn2206,20220218,20220218,133843000,13:38:43,323420,253,1565,81606720,0,0,0
sn2206,20220218,20220218,133843500,13:38:43,323420,253,1565,81606720,0,0,0
sn2206,20220218,20220218,133844500,13:38:44,323420,253,1565,81606720,0,0,0
sn2206,20220218,20220218,133845000,13:38:45,323420,253,1565,81606720,0,0,0
sn2206,20220218,20220218,133914500,13:39:16,323420,253,1565,81606720,0,0,0
sn2206,20220218,20220218,133935500,13:39:35,323420,253,1565,81606720,0,0,0
sn2206,20220218,20220218,133945000,13:39:45,323420,253,1565,81606720,0,0,0
sn2206,20220218,20220218,133945500,13:39:46,323420,253,1565,81606720,0,0,0
sn2206,20220218,20220218,133946000,13:39:47,323420,253,1565,81606720,0,0,0
sn2206,20220218,20220218,134006500,13:40:13,323420,253,1565,81606720,0,0,0
sn2206,20220218,20220218,134024000,13:40:24,323420,253,1565,81606720,0,0,0
sn2206,20220218,20220218,134024500,13:40:25,323420,253,1565,81606720,0,0,0
sn2206,20220218,20220218,134028500,13:40:29,323420,253,1565,81606720,0,0,0
sn2206,20220218,20220218,134029000,13:40:30,323420,253,1565,81606720,0,0,0
sn2206,20220218,20220218,134029500,13:40:30,323420,253,1565,81606720,0,0,0
sn2206,20220218,20220218,134030000,13:40:30,323420,253,1565,81606720,0,0,0
sn2206,20220218,20220218,134030500,13:40:31,323420,253,1565,81606720,0,0,0
sn2206,20220218,20220218,134031500,13:40:32,323420,253,1565,81606720,0,0,0
sn2206,20220218,20220218,134032000,13:40:32,323420,253,1565,81606720,0,0,0
sn2206,20220218,20220218,134032500,13:40:32,323420,253,1565,81606720,0,0,0
sn2206,20220218,20220218,134033000,13:40:34,323420,253,1565,81606720,0,0,0
sn2206,20220218,20220218,134034000,13:40:34,323420,253,1565,81606720,0,0,0
sn2206,20220218,20220218,134035000,13:40:35,323420,253,1565,81606720,0,0,0
sn2206,20220218,20220218,134035500,13:40:36,323420,253,1565,81606720,0,0,0
sn2206,20220218,20220218,134036500,13:40:36,323420,253,1565,81606720,0,0,0
sn2206,20220218,20220218,134037000,13:40:37,323420,253,1565,81606720,0,0,0
sn2206,20220218,20220218,134041500,13:40:42,323420,253,1565,81606720,0,0,0
sn2206,20220218,20220218,134042500,13:40:42,323420,253,1565,81606720,0,0,0
sn2206,20220218,20220218,134044000,13:40:44,323420,253,1565,81606720,0,0,0
sn2206,20220218,20220218,134045500,13:40:45,323420,253,1565,81606720,0,0,0
sn2206,20220218,20220218,134047000,13:40:47,323420,253,1565,81606720,0,0,0
sn2206,20220218,20220218,134047500,13:40:47,323420,253,1565,81606720,0,0,0
sn2206,20220218,20220218,134052000,13:40:55,323420,253,1565,81606720,0,0,0
sn2206,20220218,20220218,134100000,13:41:00,323420,253,1565,81606720,0,0,0
sn2206,20220218,20220218,134109000,13:41:10,323420,253,1565,81606720,0,0,0
sn2206,20220218,20220218,134113000,13:41:13,323420,253,1565,81606720,0,0,0
sn2206,20220218,20220218,134205000,13:42:12,323420,253,1565,81606720,0,0,0
sn2206,20220218,20220218,134257000,13:42:59,323420,253,1565,81606720,0,0,0
sn2206,20220218,20220218,134304500,13:43:12,323420,253,1565,81606720,0,0,0
sn2206,20220218,20220218,134305500,13:43:13,323420,253,1565,81606720,0,0,0
sn2206,20220218,20220218,134311000,13:43:14,323420,253,1565,81606720,0,0,0
sn2206,20220218,20220218,134311500,13:43:14,323420,253,1565,81606720,0,0,0
sn2206,20220218,20220218,134313000,13:43:14,323420,253,1565,81606720,0,0,0
sn2206,20220218,20220218,134313500,13:43:14,323420,253,1565,81606720,0,0,0
sn2206,20220218,20220218,134315000,13:43:15,323420,253,1565,81606720,0,0,0
sn2206,20220218,20220218,134315500,13:43:15,323420,253,1565,81606720,0,0,0
sn2206,20220218,20220218,134316000,13:43:16,323420,253,1565,81606720,0,0,0
sn2206,20220218,20220218,134316500,13:43:17,323420,253,1565,81606720,0,0,0
sn2206,20220218,20220218,134317000,13:43:17,323420,253,1565,81606720,0,0,0
sn2206,20220218,20220218,134320000,13:43:20,323420,253,1565,81606720,0,0,0
sn2206,20220218,20220218,134322000,13:43:22,323420,253,1565,81606720,0,0,0
sn2206,20220218,20220218,134415500,13:44:18,323420,253,1565,81606720,0,0,0
sn2206,20220218,20220218,134418000,13:44:18,323420,253,1565,81606720,0,0,0
sn2206,20220218,20220218,134418500,13:44:19,323420,253,1565,81606720,0,0,0
sn2206,20220218,20220218,134420000,13:44:23,323420,253,1565,81606720,0,0,0
sn2206,20220218,20220218,134420500,13:44:23,323420,253,1565,81606720,0,0,0
sn2206,20220218,20220218,134423000,13:44:23,323420,253,1565,81606720,0,0,0
sn2206,20220218,20220218,134424000,13:44:24,323420,253,1565,81606720,0,0,0
sn2206,20220218,20220218,134443500,13:44:44,323420,253,1565,81606720,0,0,0
sn2206,20220218,20220218,134444000,13:44:44,323420,253,1565,81606720,0,0,0
sn2206,20220218,20220218,134445000,13:44:45,323420,253,1565,81606720,0,0,0
sn2206,20220218,20220218,134446500,13:44:46,323420,253,1565,81606720,0,0,0
sn2206,20220218,20220218,134447000,13:44:47,323420,253,1565,81606720,0,0,0
sn2206,20220218,20220218,134448500,13:44:48,323420,253,1565,81606720,0,0,0
sn2206,20220218,20220218,134504500,13:45:08,323420,253,1565,81606720,0,0,0
sn2206,20220218,20220218,134506500,13:45:09,323420,253,1565,81606720,0,0,0
sn2206,20220218,20220218,134513000,13:45:13,323420,253,1565,81606720,0,0,0
sn2206,20220218,20220218,134519000,13:45:23,323420,253,1565,81606720,0,0,0
sn2206,20220218,20220218,134556000,13:46:00,323420,253,1565,81606720,0,0,0
sn2206,20220218,20220218,134609500,13:46:10,323420,253,1565,81606720,0,0,0
sn2206,20220218,20220218,134610000,13:46:11,323420,253,1565,81606720,0,0,0
sn2206,20220218,20220218,134611000,13:46:11,323420,253,1565,81606720,0,0,0
sn2206,20220218,20220218,134611500,13:46:11,323420,253,1565,81606720,0,0,0
sn2206,20220218,20220218,134613000,13:46:13,323420,253,1565,81606720,0,0,0
sn2206,20220218,20220218,134620000,13:46:20,323420,253,1565,81606720,0,0,0
sn2206,20220218,20220218,134621500,13:46:21,323420,253,1565,81606720,0,0,0
sn2206,20220218,20220218,134622000,13:46:30,323420,253,1565,81606720,0,0,0
sn2206,20220218,20220218,134627000,13:46:31,323420,253,1565,81606720,0,0,0
sn2206,20220218,20220218,134640500,13:46:42,323420,253,1565,81606720,0,0,0
sn2206,20220218,20220218,134657000,13:46:57,323420,253,1565,81606720,0,0,0
sn2206,20220218,20220218,134702000,13:47:02,323420,253,1565,81606720,0,0,0
sn2206,20220218,20220218,134702500,13:47:02,323420,253,1565,81606720,0,0,0
sn2206,20220218,20220218,134725000,13:47:27,323420,253,1565,81606720,0,0,0
sn2206,20220218,20220218,134750500,13:47:50,323420,253,1565,81606720,0,0,0
sn2206,20220218,20220218,134813500,13:48:13,323420,253,1565,81606720,0,0,0
sn2206,20220218,20220218,134817500,13:48:18,323420,253,1565,81606720,0,0,0
sn2206,20220218,20220218,134818000,13:48:19,323420,253,1565,81606720,0,0,0
sn2206,20220218,20220218,134818500,13:48:20,323420,253,1565,81606720,0,0,0
sn2206,20220218,20220218,134819000,13:48:20,323420,253,1565,81606720,0,0,0
sn2206,20220218,20220218,134819500,13:48:20,323420,253,1565,81606720,0,0,0
sn2206,20220218,20220218,134820500,13:48:22,323420,253,1565,81606720,0,0,0
sn2206,20220218,20220218,134821000,13:48:22,323420,253,1565,81606720,0,0,0
sn2206,20220218,20220218,134822500,13:48:23,323420,253,1565,81606720,0,0,0
sn2206,20220218,20220218,134829500,13:48:30,323420,253,1565,81606720,0,0,0
sn2206,20220218,20220218,134830000,13:48:30,323420,253,1565,81606720,0,0,0
sn2206,20220218,20220218,134830500,13:48:31,323420,253,1565,81606720,0,0,0
sn2206,20220218,20220218,134831000,13:48:32,323420,253,1565,81606720,0,0,0
sn2206,20220218,20220218,134833000,13:48:33,323420,253,1565,81606720,0,0,0
sn2206,20220218,20220218,134833500,13:48:34,323420,253,1565,81606720,0,0,0
sn2206,20220218,20220218,134837000,13:48:37,323420,253,1565,81606720,0,0,0
sn2206,20220218,20220218,134837500,13:48:37,323420,253,1565,81606720,0,0,0
sn2206,20220218,20220218,134838500,13:48:38,323420,253,1565,81606720,0,0,0
sn2206,20220218,20220218,134839000,13:48:39,323420,253,1565,81606720,0,0,0
sn2206,20220218,20220218,134839500,13:48:39,323420,253,1565,81606720,0,0,0
sn2206,20220218,20220218,134840000,13:48:40,323420,253,1565,81606720,0,0,0
sn2206,20220218,20220218,134841000,13:48:41,323420,253,1565,81606720,0,0,0
sn2206,20220218,20220218,134841500,13:48:41,323420,253,1565,81606720,0,0,0
sn2206,20220218,20220218,134842500,13:48:42,323420,253,1565,81606720,0,0,0
sn2206,20220218,20220218,134843500,13:48:43,323420,253,1565,81606720,0,0,0
sn2206,20220218,20220218,134844000,13:48:44,323420,253,1565,81606720,0,0,0
sn2206,20220218,20220218,134844500,13:48:44,323420,253,1565,81606720,0,0,0
sn2206,20220218,20220218,134845000,13:48:45,323420,253,1565,81606720,0,0,0
sn2206,20220218,20220218,134845500,13:48:45,323420,253,1565,81606720,0,0,0
sn2206,20220218,20220218,134846500,13:48:46,323420,253,1565,81606720,0,0,0
sn2206,20220218,20220218,134847000,13:48:47,323420,253,1565,81606720,0,0,0
sn2206,20220218,20220218,134847500,13:48:47,323420,253,1565,81606720,0,0,0
sn2206,20220218,20220218,134848000,13:48:48,323420,253,1565,81606720,0,0,0
sn2206,20220218,20220218,134850000,13:48:50,323420,253,1565,81606720,0,0,0
sn2206,20220218,20220218,134850500,13:48:51,323420,253,1565,81606720,0,0,0
sn2206,20220218,20220218,134851000,13:48:51,323420,253,1565,81606720,0,0,0
sn2206,20220218,20220218,134851500,13:48:51,323420,253,1565,81606720,0,0,0
sn2206,20220218,20220218,134852000,13:48:52,323420,253,1565,81606720,0,0,0
sn2206,20220218,20220218,134852500,13:48:52,323420,253,1565,81606720,0,0,0
sn2206,20220218,20220218,134853000,13:48:54,323420,253,1565,81606720,0,0,0
sn2206,20220218,20220218,134853500,13:48:54,323420,253,1565,81606720,0,0,0
sn2206,20220218,20220218,134854000,13:48:56,323420,253,1565,81606720,0,0,0
sn2206,20220218,20220218,134854500,13:48:56,323420,253,1565,81606720,0,0,0
sn2206,20220218,20220218,134855000,13:48:56,323420,253,1565,81606720,0,0,0
sn2206,20220218,20220218,134856000,13:48:56,323420,253,1565,81606720,0,0,0
sn2206,20220218,20220218,134856500,13:48:57,323420,253,1565,81606720,0,0,0
sn2206,20220218,20220218,134858000,13:48:58,323420,253,1565,81606720,0,0,0
sn2206,20220218,20220218,134858500,13:48:59,323420,253,1565,81606720,0,0,0
sn2206,20220218,20220218,134859000,13:48:59,323420,253,1565,81606720,0,0,0
sn2206,20220218,20220218,134859500,13:49:00,323420,253,1565,81606720,0,0,0
sn2206,20220218,20220218,134900000,13:49:00,323420,253,1565,81606720,0,0,0
sn2206,20220218,20220218,134900500,13:49:01,323420,253,1565,81606720,0,0,0
sn2206,20220218,20220218,134901000,13:49:01,323420,253,1565,81606720,0,0,0
sn2206,20220218,20220218,134901500,13:49:02,323420,253,1565,81606720,0,0,0
sn2206,20220218,20220218,134902000,13:49:02,323420,253,1565,81606720,0,0,0
sn2206,20220218,20220218,134902500,13:49:03,323420,253,1565,81606720,0,0,0
sn2206,20220218,20220218,134903500,13:49:04,323420,253,1565,81606720,0,0,0
sn2206,20220218,20220218,134904000,13:49:04,323420,253,1565,81606720,0,0,0
sn2206,20220218,20220218,134904500,13:49:04,323420,253,1565,81606720,0,0,0
sn2206,20220218,20220218,134905000,13:49:05,323420,253,1565,81606720,0,0,0
sn2206,20220218,20220218,134906000,13:49:06,323420,253,1565,81606720,0,0,0
sn2206,20220218,20220218,134906500,13:49:06,323420,253,1565,81606720,0,0,0
sn2206,20220218,20220218,134907000,13:49:07,323420,253,1565,81606720,0,0,0
sn2206,20220218,20220218,134907500,13:49:07,323420,253,1565,81606720,0,0,0
sn2206,20220218,20220218,134908000,13:49:08,324320,255,1567,82255360,2,2,648640
sn2206,20220218,20220218,134908500,13:49:08,324320,255,1567,82255360,0,0,0
sn2206,20220218,20220218,134909000,13:49:09,324320,255,1567,82255360,0,0,0
sn2206,20220218,20220218,134910500,13:49:10,324320,255,1567,82255360,0,0,0
sn2206,20220218,20220218,134912000,13:49:12,324320,255,1567,82255360,0,0,0
sn2206,20220218,20220218,134912500,13:49:13,324320,255,1567,82255360,0,0,0
sn2206,20220218,20220218,134913000,13:49:13,324320,255,1567,82255360,0,0,0
sn2206,20220218,20220218,134913500,13:49:13,324320,255,1567,82255360,0,0,0
sn2206,20220218,20220218,134914000,13:49:14,324320,255,1567,82255360,0,0,0
sn2206,20220218,20220218,134914500,13:49:14,324320,255,1567,82255360,0,0,0
sn2206,20220218,20220218,134915000,13:49:15,324320,255,1567,82255360,0,0,0
sn2206,20220218,20220218,134916000,13:49:16,324320,255,1567,82255360,0,0,0
sn2206,20220218,20220218,134916500,13:49:17,324320,255,1567,82255360,0,0,0
sn2206,20220218,20220218,134917500,13:49:17,324320,255,1567,82255360,0,0,0
sn2206,20220218,20220218,134918000,13:49:18,324320,255,1567,82255360,0,0,0
sn2206,20220218,20220218,134918500,13:49:19,324320,255,1567,82255360,0,0,0
sn2206,20220218,20220218,134920500,13:49:20,324320,255,1567,82255360,0,0,0
sn2206,20220218,20220218,134921500,13:49:21,324320,255,1567,82255360,0,0,0
sn2206,20220218,20220218,134922000,13:49:22,324320,255,1567,82255360,0,0,0
sn2206,20220218,20220218,134922500,13:49:23,324320,255,1567,82255360,0,0,0
sn2206,20220218,20220218,134923000,13:49:24,324320,255,1567,82255360,0,0,0
sn2206,20220218,20220218,134923500,13:49:24,324320,255,1567,82255360,0,0,0
sn2206,20220218,20220218,134925000,13:49:25,324320,255,1567,82255360,0,0,0
sn2206,20220218,20220218,134927500,13:49:28,324320,255,1567,82255360,0,0,0
sn2206,20220218,20220218,134928000,13:49:28,324320,255,1567,82255360,0,0,0
sn2206,20220218,20220218,134928500,13:49:29,324320,255,1567,82255360,0,0,0
sn2206,20220218,20220218,134931000,13:49:31,324320,255,1567,82255360,0,0,0
sn2206,20220218,20220218,134932000,13:49:32,323910,257,1565,82903180,2,-2,647820
sn2206,20220218,20220218,134932500,13:49:32,323910,257,1565,82903180,0,0,0
sn2206,20220218,20220218,134933000,13:49:33,323910,257,1565,82903180,0,0,0
sn2206,20220218,20220218,134933500,13:49:34,323910,257,1565,82903180,0,0,0
sn2206,20220218,20220218,134934500,13:49:35,323910,257,1565,82903180,0,0,0
sn2206,20220218,20220218,134935500,13:49:36,323910,257,1565,82903180,0,0,0
sn2206,20220218,20220218,134936000,13:49:36,323910,257,1565,82903180,0,0,0
sn2206,20220218,20220218,134936500,13:49:36,323910,257,1565,82903180,0,0,0
sn2206,20220218,20220218,134937000,13:49:37,323910,257,1565,82903180,0,0,0
sn2206,20220218,20220218,134937500,13:49:37,323910,257,1565,82903180,0,0,0
sn2206,20220218,20220218,134938000,13:49:38,323910,257,1565,82903180,0,0,0
sn2206,20220218,20220218,134938500,13:49:38,323910,257,1565,82903180,0,0,0
sn2206,20220218,20220218,134939000,13:49:39,323910,257,1565,82903180,0,0,0
sn2206,20220218,20220218,134939500,13:49:39,323910,257,1565,82903180,0,0,0
sn2206,20220218,20220218,134940000,13:49:40,323910,257,1565,82903180,0,0,0
sn2206,20220218,20220218,134940500,13:49:40,323910,257,1565,82903180,0,0,0
sn2206,20220218,20220218,134941000,13:49:41,323910,257,1565,82903180,0,0,0
sn2206,20220218,20220218,134941500,13:49:42,323910,257,1565,82903180,0,0,0
sn2206,20220218,20220218,134942000,13:49:42,323910,257,1565,82903180,0,0,0
sn2206,20220218,20220218,134942500,13:49:42,323910,257,1565,82903180,0,0,0
sn2206,20220218,20220218,134943000,13:49:43,323910,257,1565,82903180,0,0,0
sn2206,20220218,20220218,134943500,13:49:44,323910,257,1565,82903180,0,0,0
sn2206,20220218,20220218,134944000,13:49:44,323910,257,1565,82903180,0,0,0
sn2206,20220218,20220218,134944500,13:49:44,323910,257,1565,82903180,0,0,0
sn2206,20220218,20220218,134945000,13:49:45,323910,257,1565,82903180,0,0,0
sn2206,20220218,20220218,134945500,13:49:45,323910,257,1565,82903180,0,0,0
sn2206,20220218,20220218,134946000,13:49:46,323910,257,1565,82903180,0,0,0
sn2206,20220218,20220218,134946500,13:49:46,323910,257,1565,82903180,0,0,0
sn2206,20220218,20220218,134947000,13:49:47,323910,257,1565,82903180,0,0,0
sn2206,20220218,20220218,134947500,13:49:47,323910,257,1565,82903180,0,0,0
sn2206,20220218,20220218,134948000,13:49:48,323910,257,1565,82903180,0,0,0
sn2206,20220218,20220218,134948500,13:49:48,323910,257,1565,82903180,0,0,0
sn2206,20220218,20220218,134949000,13:49:49,323910,257,1565,82903180,0,0,0
sn2206,20220218,20220218,134949500,13:49:50,323910,257,1565,82903180,0,0,0
sn2206,20220218,20220218,134950000,13:49:50,323910,257,1565,82903180,0,0,0
sn2206,20220218,20220218,134950500,13:49:50,323910,257,1565,82903180,0,0,0
sn2206,20220218,20220218,134951000,13:49:51,323910,257,1565,82903180,0,0,0
sn2206,20220218,20220218,134951500,13:49:52,323910,257,1565,82903180,0,0,0
sn2206,20220218,20220218,134952000,13:49:52,323910,257,1565,82903180,0,0,0
sn2206,20220218,20220218,134952500,13:49:54,323910,257,1565,82903180,0,0,0
sn2206,20220218,20220218,134953000,13:49:54,323910,257,1565,82903180,0,0,0
sn2206,20220218,20220218,134954000,13:49:55,323910,257,1565,82903180,0,0,0
sn2206,20220218,20220218,134955000,13:49:55,323910,257,1565,82903180,0,0,0
sn2206,20220218,20220218,134955500,13:49:56,323910,257,1565,82903180,0,0,0
sn2206,20220218,20220218,134956000,13:49:56,323910,257,1565,82903180,0,0,0
sn2206,20220218,20220218,134956500,13:49:57,323910,257,1565,82903180,0,0,0
sn2206,20220218,20220218,134957000,13:49:57,323910,257,1565,82903180,0,0,0
sn2206,20220218,20220218,134957500,13:49:57,323910,257,1565,82903180,0,0,0
sn2206,20220218,20220218,134958000,13:49:58,323910,257,1565,82903180,0,0,0
sn2206,20220218,20220218,134959000,13:49:59,323910,257,1565,82903180,0,0,0
sn2206,20220218,20220218,135000000,13:50:00,323910,257,1565,82903180,0,0,0
sn2206,20220218,20220218,135001000,13:50:01,323910,257,1565,82903180,0,0,0
sn2206,20220218,20220218,135003500,13:50:03,323910,257,1565,82903180,0,0,0
sn2206,20220218,20220218,135004000,13:50:04,323910,257,1565,82903180,0,0,0
sn2206,20220218,20220218,135004500,13:50:05,323910,257,1565,82903180,0,0,0
sn2206,20220218,20220218,135005000,13:50:05,323910,257,1565,82903180,0,0,0
sn2206,20220218,20220218,135005500,13:50:06,323910,257,1565,82903180,0,0,0
sn2206,20220218,20220218,135006000,13:50:06,323910,257,1565,82903180,0,0,0
sn2206,20220218,20220218,135006500,13:50:07,323910,257,1565,82903180,0,0,0
sn2206,20220218,20220218,135007000,13:50:07,323910,257,1565,82903180,0,0,0
sn2206,20220218,20220218,135007500,13:50:09,323910,257,1565,82903180,0,0,0
sn2206,20220218,20220218,135008000,13:50:10,323910,257,1565,82903180,0,0,0
sn2206,20220218,20220218,135008500,13:50:25,323910,257,1565,82903180,0,0,0
sn2206,20220218,20220218,135009000,13:50:26,323910,257,1565,82903180,0,0,0
sn2206,20220218,20220218,135009500,13:50:26,323910,257,1565,82903180,0,0,0
sn2206,20220218,20220218,135010000,13:50:26,323910,257,1565,82903180,0,0,0
sn2206,20220218,20220218,135024500,13:50:27,323910,257,1565,82903180,0,0,0
sn2206,20220218,20220218,135026000,13:50:28,323910,257,1565,82903180,0,0,0
sn2206,20220218,20220218,135026500,13:50:31,323910,257,1565,82903180,0,0,0
sn2206,20220218,20220218,135027000,13:50:33,323910,257,1565,82903180,0,0,0
sn2206,20220218,20220218,135028500,13:50:37,323910,257,1565,82903180,0,0,0
sn2206,20220218,20220218,135033000,13:50:37,323910,257,1565,82903180,0,0,0
sn2206,20220218,20220218,135037000,13:50:38,323910,257,1565,82903180,0,0,0
sn2206,20220218,20220218,135037500,13:50:38,323910,257,1565,82903180,0,0,0
sn2206,20220218,20220218,135039000,13:50:39,323910,257,1565,82903180,0,0,0
sn2206,20220218,20220218,135039500,13:50:39,323910,257,1565,82903180,0,0,0
sn2206,20220218,20220218,135040000,13:50:40,323910,257,1565,82903180,0,0,0
sn2206,20220218,20220218,135040500,13:50:41,323910,257,1565,82903180,0,0,0
sn2206,20220218,20220218,135041000,13:50:41,323910,257,1565,82903180,0,0,0
sn2206,20220218,20220218,135041500,13:50:42,323910,257,1565,82903180,0,0,0
sn2206,20220218,20220218,135042000,13:50:43,323910,257,1565,82903180,0,0,0
sn2206,20220218,20220218,135042500,13:50:43,323910,257,1565,82903180,0,0,0
sn2206,20220218,20220218,135043000,13:50:43,323910,257,1565,82903180,0,0,0
sn2206,20220218,20220218,135043500,13:50:44,323910,257,1565,82903180,0,0,0
sn2206,20220218,20220218,135044000,13:50:45,323910,257,1565,82903180,0,0,0
sn2206,20220218,20220218,135045500,13:50:46,323910,257,1565,82903180,0,0,0
sn2206,20220218,20220218,135046000,13:50:47,323910,257,1565,82903180,0,0,0
sn2206,20220218,20220218,135048000,13:50:48,323910,257,1565,82903180,0,0,0
sn2206,20220218,20220218,135048500,13:50:48,323910,257,1565,82903180,0,0,0
sn2206,20220218,20220218,135049000,13:50:49,323910,257,1565,82903180,0,0,0
sn2206,20220218,20220218,135049500,13:50:50,323910,257,1565,82903180,0,0,0
sn2206,20220218,20220218,135050000,13:50:50,323910,257,1565,82903180,0,0,0
sn2206,20220218,20220218,135050500,13:50:51,323910,257,1565,82903180,0,0,0
sn2206,20220218,20220218,135052000,13:50:53,323910,257,1565,82903180,0,0,0
sn2206,20220218,20220218,135053500,13:50:54,323910,257,1565,82903180,0,0,0
sn2206,20220218,20220218,135058000,13:50:58,323910,257,1565,82903180,0,0,0
sn2206,20220218,20220218,135101000,13:51:01,323910,257,1565,82903180,0,0,0
sn2206,20220218,20220218,135101500,13:51:01,323910,257,1565,82903180,0,0,0
sn2206,20220218,20220218,135103000,13:51:03,323910,257,1565,82903180,0,0,0
sn2206,20220218,20220218,135103500,13:51:03,323910,257,1565,82903180,0,0,0
sn2206,20220218,20220218,135104000,13:51:04,323910,257,1565,82903180,0,0,0
sn2206,20220218,20220218,135105000,13:51:05,323910,257,1565,82903180,0,0,0
sn2206,20220218,20220218,135106500,13:51:07,323910,257,1565,82903180,0,0,0
sn2206,20220218,20220218,135107000,13:51:20,323910,257,1565,82903180,0,0,0
sn2206,20220218,20220218,135107500,13:51:21,323910,257,1565,82903180,0,0,0
sn2206,20220218,20220218,135108000,13:51:21,323910,257,1565,82903180,0,0,0
sn2206,20220218,20220218,135120500,13:51:21,323910,257,1565,82903180,0,0,0
sn2206,20220218,20220218,135121500,13:51:21,323910,257,1565,82903180,0,0,0
sn2206,20220218,20220218,135122000,13:51:22,323910,257,1565,82903180,0,0,0
sn2206,20220218,20220218,135122500,13:51:23,323910,257,1565,82903180,0,0,0
sn2206,20220218,20220218,135127000,13:51:27,323910,257,1565,82903180,0,0,0
sn2206,20220218,20220218,135130000,13:51:30,323910,257,1565,82903180,0,0,0
sn2206,20220218,20220218,135141000,13:51:41,323910,257,1565,82903180,0,0,0
sn2206,20220218,20220218,135147000,13:51:47,323910,257,1565,82903180,0,0,0
sn2206,20220218,20220218,135152500,13:51:52,323910,257,1565,82903180,0,0,0
sn2206,20220218,20220218,135156500,13:51:57,323910,257,1565,82903180,0,0,0
sn2206,20220218,20220218,135202000,13:52:03,323910,257,1565,82903180,0,0,0
sn2206,20220218,20220218,135202500,13:52:03,323910,257,1565,82903180,0,0,0
sn2206,20220218,20220218,135203000,13:52:03,323910,257,1565,82903180,0,0,0
sn2206,20220218,20220218,135203500,13:52:04,323910,257,1565,82903180,0,0,0
sn2206,20220218,20220218,135204500,13:52:05,323910,257,1565,82903180,0,0,0
sn2206,20220218,20220218,135205000,13:52:05,323910,257,1565,82903180,0,0,0
sn2206,20220218,20220218,135206000,13:52:06,323910,257,1565,82903180,0,0,0
sn2206,20220218,20220218,135206500,13:52:08,323910,257,1565,82903180,0,0,0
sn2206,20220218,20220218,135216500,13:52:17,323910,257,1565,82903180,0,0,0
sn2206,20220218,20220218,135217000,13:52:17,323910,257,1565,82903180,0,0,0
sn2206,20220218,20220218,135218000,13:52:19,323910,257,1565,82903180,0,0,0
sn2206,20220218,20220218,135219500,13:52:24,323910,257,1565,82903180,0,0,0
sn2206,20220218,20220218,135220500,13:52:24,323910,257,1565,82903180,0,0,0
sn2206,20220218,20220218,135221000,13:52:24,323910,257,1565,82903180,0,0,0
sn2206,20220218,20220218,135238500,13:52:45,323910,257,1565,82903180,0,0,0
sn2206,20220218,20220218,135244000,13:52:45,323910,257,1565,82903180,0,0,0
sn2206,20220218,20220218,135244500,13:52:46,323910,257,1565,82903180,0,0,0
sn2206,20220218,20220218,135245000,13:52:47,323910,257,1565,82903180,0,0,0
sn2206,20220218,20220218,135245500,13:52:48,323910,257,1565,82903180,0,0,0
sn2206,20220218,20220218,135246000,13:52:48,323910,257,1565,82903180,0,0,0
sn2206,20220218,20220218,135246500,13:52:48,323910,257,1565,82903180,0,0,0
sn2206,20220218,20220218,135247000,13:52:48,323910,257,1565,82903180,0,0,0
sn2206,20220218,20220218,135248000,13:52:48,323910,257,1565,82903180,0,0,0
sn2206,20220218,20220218,135248500,13:52:49,323910,257,1565,82903180,0,0,0
sn2206,20220218,20220218,135249000,13:52:49,323910,257,1565,82903180,0,0,0
sn2206,20220218,20220218,135249500,13:52:50,323910,257,1565,82903180,0,0,0
sn2206,20220218,20220218,135250500,13:52:51,323910,257,1565,82903180,0,0,0
sn2206,20220218,20220218,135253000,13:52:53,323910,257,1565,82903180,0,0,0
sn2206,20220218,20220218,135254000,13:52:54,323910,257,1565,82903180,0,0,0
sn2206,20220218,20220218,135254500,13:52:54,323910,257,1565,82903180,0,0,0
sn2206,20220218,20220218,135303000,13:53:03,323910,257,1565,82903180,0,0,0
sn2206,20220218,20220218,135303500,13:53:04,323910,257,1565,82903180,0,0,0
sn2206,20220218,20220218,135305000,13:53:07,323910,257,1565,82903180,0,0,0
sn2206,20220218,20220218,135309000,13:53:09,323910,257,1565,82903180,0,0,0
sn2206,20220218,20220218,135309500,13:53:09,323910,257,1565,82903180,0,0,0
sn2206,20220218,20220218,135311500,13:53:12,323910,257,1565,82903180,0,0,0
sn2206,20220218,20220218,135312000,13:53:12,323910,257,1565,82903180,0,0,0
sn2206,20220218,20220218,135313500,13:53:13,323910,257,1565,82903180,0,0,0
sn2206,20220218,20220218,135314000,13:53:14,323910,257,1565,82903180,0,0,0
sn2206,20220218,20220218,135315500,13:53:15,323910,257,1565,82903180,0,0,0
sn2206,20220218,20220218,135316000,13:53:16,323910,257,1565,82903180,0,0,0
sn2206,20220218,20220218,135316500,13:53:20,323910,257,1565,82903180,0,0,0
sn2206,20220218,20220218,135317000,13:53:20,323910,257,1565,82903180,0,0,0
sn2206,20220218,20220218,135317500,13:53:20,323910,257,1565,82903180,0,0,0
sn2206,20220218,20220218,135321000,13:53:21,323910,257,1565,82903180,0,0,0
sn2206,20220218,20220218,135321500,13:53:22,323910,257,1565,82903180,0,0,0
sn2206,20220218,20220218,135322500,13:53:23,323910,257,1565,82903180,0,0,0
sn2206,20220218,20220218,135323000,13:53:23,323910,257,1565,82903180,0,0,0
sn2206,20220218,20220218,135326000,13:53:26,323910,257,1565,82903180,0,0,0
sn2206,20220218,20220218,135326500,13:53:26,323910,257,1565,82903180,0,0,0
sn2206,20220218,20220218,135327000,13:53:27,323910,257,1565,82903180,0,0,0
sn2206,20220218,20220218,135327500,13:53:28,323910,257,1565,82903180,0,0,0
sn2206,20220218,20220218,135328000,13:53:28,323910,257,1565,82903180,0,0,0
sn2206,20220218,20220218,135328500,13:53:29,323910,257,1565,82903180,0,0,0
sn2206,20220218,20220218,135330000,13:53:30,323910,257,1565,82903180,0,0,0
sn2206,20220218,20220218,135335500,13:53:36,323910,257,1565,82903180,0,0,0
sn2206,20220218,20220218,135336000,13:53:44,323910,257,1565,82903180,0,0,0
sn2206,20220218,20220218,135343500,13:53:45,323910,257,1565,82903180,0,0,0
sn2206,20220218,20220218,135344500,13:53:46,323910,257,1565,82903180,0,0,0
sn2206,20220218,20220218,135345000,13:53:46,323910,257,1565,82903180,0,0,0
sn2206,20220218,20220218,135345500,13:53:46,323910,257,1565,82903180,0,0,0
sn2206,20220218,20220218,135346500,13:53:47,323910,257,1565,82903180,0,0,0
sn2206,20220218,20220218,135347000,13:53:47,323910,257,1565,82903180,0,0,0
sn2206,20220218,20220218,135348000,13:53:48,323910,257,1565,82903180,0,0,0
sn2206,20220218,20220218,135351000,13:53:53,323910,257,1565,82903180,0,0,0
sn2206,20220218,20220218,135351500,13:53:53,323910,257,1565,82903180,0,0,0
sn2206,20220218,20220218,135352000,13:53:53,323910,257,1565,82903180,0,0,0
sn2206,20220218,20220218,135352500,13:53:53,323910,257,1565,82903180,0,0,0
sn2206,20220218,20220218,135355500,13:53:56,323910,257,1565,82903180,0,0,0
sn2206,20220218,20220218,135356000,13:53:56,323910,257,1565,82903180,0,0,0
sn2206,20220218,20220218,135356500,13:53:57,323910,257,1565,82903180,0,0,0
sn2206,20220218,20220218,135357000,13:53:57,323910,257,1565,82903180,0,0,0
sn2206,20220218,20220218,135357500,13:53:58,323910,257,1565,82903180,0,0,0
sn2206,20220218,20220218,135358000,13:53:59,323910,257,1565,82903180,0,0,0
sn2206,20220218,20220218,135358500,13:54:00,323910,257,1565,82903180,0,0,0
sn2206,20220218,20220218,135359000,13:54:01,323910,257,1565,82903180,0,0,0
sn2206,20220218,20220218,135359500,13:54:08,323910,257,1565,82903180,0,0,0
sn2206,20220218,20220218,135400000,13:54:08,323910,257,1565,82903180,0,0,0
sn2206,20220218,20220218,135407500,13:54:09,323910,257,1565,82903180,0,0,0
sn2206,20220218,20220218,135408500,13:54:09,323910,257,1565,82903180,0,0,0
sn2206,20220218,20220218,135409000,13:54:09,323910,257,1565,82903180,0,0,0
sn2206,20220218,20220218,135410500,13:54:11,323910,257,1565,82903180,0,0,0
sn2206,20220218,20220218,135411500,13:54:12,323910,257,1565,82903180,0,0,0
sn2206,20220218,20220218,135413000,13:54:13,323910,257,1565,82903180,0,0,0
sn2206,20220218,20220218,135413500,13:54:14,323910,257,1565,82903180,0,0,0
sn2206,20220218,20220218,135415000,13:54:15,323910,257,1565,82903180,0,0,0
sn2206,20220218,20220218,135415500,13:54:15,323910,257,1565,82903180,0,0,0
sn2206,20220218,20220218,135416000,13:54:16,323910,257,1565,82903180,0,0,0
sn2206,20220218,20220218,135416500,13:54:16,323910,257,1565,82903180,0,0,0
sn2206,20220218,20220218,135417000,13:54:17,323910,257,1565,82903180,0,0,0
sn2206,20220218,20220218,135417500,13:54:18,323910,257,1565,82903180,0,0,0
sn2206,20220218,20220218,135418500,13:54:18,323910,257,1565,82903180,0,0,0
sn2206,20220218,20220218,135419000,13:54:19,323910,257,1565,82903180,0,0,0
sn2206,20220218,20220218,135419500,13:54:19,323910,257,1565,82903180,0,0,0
sn2206,20220218,20220218,135420000,13:54:20,323910,257,1565,82903180,0,0,0
sn2206,20220218,20220218,135420500,13:54:21,323910,257,1565,82903180,0,0,0
sn2206,20220218,20220218,135421000,13:54:21,323910,257,1565,82903180,0,0,0
sn2206,20220218,20220218,135423000,13:54:23,323910,257,1565,82903180,0,0,0
sn2206,20220218,20220218,135423500,13:54:23,323910,257,1565,82903180,0,0,0
sn2206,20220218,20220218,135426500,13:54:27,323910,257,1565,82903180,0,0,0
sn2206,20220218,20220218,135427000,13:54:28,323910,257,1565,82903180,0,0,0
sn2206,20220218,20220218,135427500,13:54:28,323910,257,1565,82903180,0,0,0
sn2206,20220218,20220218,135428000,13:54:30,323910,257,1565,82903180,0,0,0
sn2206,20220218,20220218,135430000,13:54:31,323910,257,1565,82903180,0,0,0
sn2206,20220218,20220218,135430500,13:54:31,323910,257,1565,82903180,0,0,0
sn2206,20220218,20220218,135431000,13:54:32,323910,257,1565,82903180,0,0,0
sn2206,20220218,20220218,135431500,13:54:32,323910,257,1565,82903180,0,0,0
sn2206,20220218,20220218,135432000,13:54:32,323910,257,1565,82903180,0,0,0
sn2206,20220218,20220218,135432500,13:54:33,323910,257,1565,82903180,0,0,0
sn2206,20220218,20220218,135433000,13:54:33,323910,257,1565,82903180,0,0,0
sn2206,20220218,20220218,135434000,13:54:34,323910,257,1565,82903180,0,0,0
sn2206,20220218,20220218,135434500,13:54:34,323910,257,1565,82903180,0,0,0
sn2206,20220218,20220218,135435000,13:54:35,323910,257,1565,82903180,0,0,0
sn2206,20220218,20220218,135436000,13:54:36,323910,257,1565,82903180,0,0,0
sn2206,20220218,20220218,135436500,13:54:36,323910,257,1565,82903180,0,0,0
sn2206,20220218,20220218,135437500,13:54:37,323910,257,1565,82903180,0,0,0
sn2206,20220218,20220218,135439000,13:54:39,323910,257,1565,82903180,0,0,0
sn2206,20220218,20220218,135439500,13:54:40,323910,257,1565,82903180,0,0,0
sn2206,20220218,20220218,135440000,13:54:40,323910,257,1565,82903180,0,0,0
sn2206,20220218,20220218,135441000,13:54:41,323910,257,1565,82903180,0,0,0
sn2206,20220218,20220218,135441500,13:54:42,323910,257,1565,82903180,0,0,0
sn2206,20220218,20220218,135443000,13:54:44,323910,257,1565,82903180,0,0,0
sn2206,20220218,20220218,135444000,13:54:44,323910,257,1565,82903180,0,0,0
sn2206,20220218,20220218,135444500,13:54:44,323910,257,1565,82903180,0,0,0
sn2206,20220218,20220218,135445500,13:54:45,323910,257,1565,82903180,0,0,0
sn2206,20220218,20220218,135446000,13:54:46,323910,257,1565,82903180,0,0,0
sn2206,20220218,20220218,135446500,13:54:47,323910,257,1565,82903180,0,0,0
sn2206,20220218,20220218,135448000,13:54:48,323910,257,1565,82903180,0,0,0
sn2206,20220218,20220218,135448500,13:54:48,323910,257,1565,82903180,0,0,0
sn2206,20220218,20220218,135449000,13:54:49,323910,257,1565,82903180,0,0,0
sn2206,20220218,20220218,135450500,13:54:50,323910,257,1565,82903180,0,0,0
sn2206,20220218,20220218,135451000,13:54:51,323910,257,1565,82903180,0,0,0
sn2206,20220218,20220218,135451500,13:54:51,323910,257,1565,82903180,0,0,0
sn2206,20220218,20220218,135452000,13:54:52,323910,257,1565,82903180,0,0,0
sn2206,20220218,20220218,135452500,13:54:52,323910,257,1565,82903180,0,0,0
sn2206,20220218,20220218,135453000,13:54:53,323910,257,1565,82903180,0,0,0
sn2206,20220218,20220218,135453500,13:54:54,323910,257,1565,82903180,0,0,0
sn2206,20220218,20220218,135454000,13:54:54,323910,257,1565,82903180,0,0,0
sn2206,20220218,20220218,135455000,13:54:55,323910,257,1565,82903180,0,0,0
sn2206,20220218,20220218,135455500,13:54:55,323910,257,1565,82903180,0,0,0
sn2206,20220218,20220218,135456500,13:54:56,323910,257,1565,82903180,0,0,0
sn2206,20220218,20220218,135457000,13:54:57,323910,257,1565,82903180,0,0,0
sn2206,20220218,20220218,135457500,13:54:58,323910,257,1565,82903180,0,0,0
sn2206,20220218,20220218,135458000,13:54:58,323910,257,1565,82903180,0,0,0
sn2206,20220218,20220218,135458500,13:54:59,323910,257,1565,82903180,0,0,0
sn2206,20220218,20220218,135459000,13:54:59,323910,257,1565,82903180,0,0,0
sn2206,20220218,20220218,135504000,13:55:04,323910,257,1565,82903180,0,0,0
sn2206,20220218,20220218,135504500,13:55:05,323910,257,1565,82903180,0,0,0
sn2206,20220218,20220218,135505500,13:55:06,323910,257,1565,82903180,0,0,0
sn2206,20220218,20220218,135506000,13:55:06,323910,257,1565,82903180,0,0,0
sn2206,20220218,20220218,135506500,13:55:06,323910,257,1565,82903180,0,0,0
sn2206,20220218,20220218,135511500,13:55:12,323910,257,1565,82903180,0,0,0
sn2206,20220218,20220218,135512000,13:55:12,323910,257,1565,82903180,0,0,0
sn2206,20220218,20220218,135512500,13:55:13,323910,257,1565,82903180,0,0,0
sn2206,20220218,20220218,135513000,13:55:13,323910,257,1565,82903180,0,0,0
sn2206,20220218,20220218,135513500,13:55:15,323910,257,1565,82903180,0,0,0
sn2206,20220218,20220218,135515500,13:55:16,323910,257,1565,82903180,0,0,0
sn2206,20220218,20220218,135516000,13:55:16,323910,257,1565,82903180,0,0,0
sn2206,20220218,20220218,135518000,13:55:24,323910,257,1565,82903180,0,0,0
sn2206,20220218,20220218,135518500,13:55:25,323910,257,1565,82903180,0,0,0
sn2206,20220218,20220218,135520500,13:55:25,323910,257,1565,82903180,0,0,0
sn2206,20220218,20220218,135521500,13:55:25,323910,257,1565,82903180,0,0,0
sn2206,20220218,20220218,135529000,13:55:29,323910,257,1565,82903180,0,0,0
sn2206,20220218,20220218,135529500,13:55:30,323910,257,1565,82903180,0,0,0
sn2206,20220218,20220218,135532000,13:55:32,323910,257,1565,82903180,0,0,0
sn2206,20220218,20220218,135532500,13:55:32,323910,257,1565,82903180,0,0,0
sn2206,20220218,20220218,135533000,13:55:33,323910,257,1565,82903180,0,0,0
sn2206,20220218,20220218,135534000,13:55:34,323910,257,1565,82903180,0,0,0
sn2206,20220218,20220218,135534500,13:55:34,323910,257,1565,82903180,0,0,0
sn2206,20220218,20220218,135535000,13:55:35,323910,257,1565,82903180,0,0,0
sn2206,20220218,20220218,135536000,13:55:36,323910,257,1565,82903180,0,0,0
sn2206,20220218,20220218,135537500,13:55:37,323910,257,1565,82903180,0,0,0
sn2206,20220218,20220218,135539000,13:55:39,323910,257,1565,82903180,0,0,0
sn2206,20220218,20220218,135540500,13:55:41,323910,257,1565,82903180,0,0,0
sn2206,20220218,20220218,135543000,13:55:45,323910,257,1565,82903180,0,0,0
sn2206,20220218,20220218,135544500,13:55:45,323910,257,1565,82903180,0,0,0
sn2206,20220218,20220218,135546000,13:55:46,323910,257,1565,82903180,0,0,0
sn2206,20220218,20220218,135546500,13:55:47,323910,257,1565,82903180,0,0,0
sn2206,20220218,20220218,135547000,13:55:47,323910,257,1565,82903180,0,0,0
sn2206,20220218,20220218,135547500,13:55:47,323910,257,1565,82903180,0,0,0
sn2206,20220218,20220218,135548000,13:55:48,323910,257,1565,82903180,0,0,0
sn2206,20220218,20220218,135548500,13:55:48,323910,257,1565,82903180,0,0,0
sn2206,20220218,20220218,135549500,13:55:50,323910,257,1565,82903180,0,0,0
sn2206,20220218,20220218,135550000,13:55:50,323910,257,1565,82903180,0,0,0
sn2206,20220218,20220218,135550500,13:55:50,323910,257,1565,82903180,0,0,0
sn2206,20220218,20220218,135551500,13:55:52,323910,257,1565,82903180,0,0,0
sn2206,20220218,20220218,135552000,13:55:52,323910,257,1565,82903180,0,0,0
sn2206,20220218,20220218,135552500,13:55:52,323910,257,1565,82903180,0,0,0
sn2206,20220218,20220218,135553000,13:55:53,323910,257,1565,82903180,0,0,0
sn2206,20220218,20220218,135556500,13:55:58,323910,257,1565,82903180,0,0,0
sn2206,20220218,20220218,135557000,13:55:58,323910,257,1565,82903180,0,0,0
sn2206,20220218,20220218,135558000,13:55:58,323910,257,1565,82903180,0,0,0
sn2206,20220218,20220218,135559500,13:55:59,323910,257,1565,82903180,0,0,0
sn2206,20220218,20220218,135600000,13:56:01,323910,257,1565,82903180,0,0,0
sn2206,20220218,20220218,135601500,13:56:03,323910,257,1565,82903180,0,0,0
sn2206,20220218,20220218,135602000,13:56:03,323910,257,1565,82903180,0,0,0
sn2206,20220218,20220218,135603000,13:56:23,323910,257,1565,82903180,0,0,0
sn2206,20220218,20220218,135603500,13:56:23,323910,257,1565,82903180,0,0,0
sn2206,20220218,20220218,135617500,13:56:23,323910,257,1565,82903180,0,0,0
sn2206,20220218,20220218,135622000,13:56:24,323910,257,1565,82903180,0,0,0
sn2206,20220218,20220218,135625000,13:56:25,323910,257,1565,82903180,0,0,0
sn2206,20220218,20220218,135633500,13:56:35,323910,257,1565,82903180,0,0,0
sn2206,20220218,20220218,135636000,13:56:36,323910,257,1565,82903180,0,0,0
sn2206,20220218,20220218,135637500,13:56:39,323910,257,1565,82903180,0,0,0
sn2206,20220218,20220218,135638000,13:56:39,323910,257,1565,82903180,0,0,0
sn2206,20220218,20220218,135639500,13:56:39,323910,257,1565,82903180,0,0,0
sn2206,20220218,20220218,135640000,13:56:40,323910,257,1565,82903180,0,0,0
sn2206,20220218,20220218,135640500,13:56:41,323910,257,1565,82903180,0,0,0
sn2206,20220218,20220218,135641000,13:56:41,323910,257,1565,82903180,0,0,0
sn2206,20220218,20220218,135641500,13:56:42,323910,257,1565,82903180,0,0,0
sn2206,20220218,20220218,135642000,13:56:43,323910,257,1565,82903180,0,0,0
sn2206,20220218,20220218,135642500,13:56:43,323910,257,1565,82903180,0,0,0
sn2206,20220218,20220218,135643000,13:56:43,323910,257,1565,82903180,0,0,0
sn2206,20220218,20220218,135643500,13:56:44,323910,257,1565,82903180,0,0,0
sn2206,20220218,20220218,135644000,13:56:44,323910,257,1565,82903180,0,0,0
sn2206,20220218,20220218,135644500,13:56:45,323910,257,1565,82903180,0,0,0
sn2206,20220218,20220218,135645000,13:56:47,323910,257,1565,82903180,0,0,0
sn2206,20220218,20220218,135645500,13:56:47,323910,257,1565,82903180,0,0,0
sn2206,20220218,20220218,135646000,13:56:47,323910,257,1565,82903180,0,0,0
sn2206,20220218,20220218,135646500,13:56:47,323910,257,1565,82903180,0,0,0
sn2206,20220218,20220218,135647000,13:56:48,323910,257,1565,82903180,0,0,0
sn2206,20220218,20220218,135647500,13:56:48,323910,257,1565,82903180,0,0,0
sn2206,20220218,20220218,135648500,13:56:50,323910,257,1565,82903180,0,0,0
sn2206,20220218,20220218,135649000,13:56:50,323910,257,1565,82903180,0,0,0
sn2206,20220218,20220218,135650000,13:56:51,323910,257,1565,82903180,0,0,0
sn2206,20220218,20220218,135650500,13:56:51,323910,257,1565,82903180,0,0,0
sn2206,20220218,20220218,135651000,13:56:51,323910,257,1565,82903180,0,0,0
sn2206,20220218,20220218,135651500,13:56:52,323910,257,1565,82903180,0,0,0
sn2206,20220218,20220218,135652000,13:56:52,323910,257,1565,82903180,0,0,0
sn2206,20220218,20220218,135652500,13:56:52,323910,257,1565,82903180,0,0,0
sn2206,20220218,20220218,135653000,13:56:53,323910,257,1565,82903180,0,0,0
sn2206,20220218,20220218,135654500,13:56:54,323910,257,1565,82903180,0,0,0
sn2206,20220218,20220218,135655000,13:56:55,323910,257,1565,82903180,0,0,0
sn2206,20220218,20220218,135655500,13:56:55,323910,257,1565,82903180,0,0,0
sn2206,20220218,20220218,135656000,13:56:56,323910,257,1565,82903180,0,0,0
sn2206,20220218,20220218,135656500,13:56:56,323910,257,1565,82903180,0,0,0
sn2206,20220218,20220218,135657000,13:56:57,323910,257,1565,82903180,0,0,0
sn2206,20220218,20220218,135657500,13:56:58,323910,257,1565,82903180,0,0,0
sn2206,20220218,20220218,135659500,13:57:01,323910,257,1565,82903180,0,0,0
sn2206,20220218,20220218,135700000,13:57:01,323910,257,1565,82903180,0,0,0
sn2206,20220218,20220218,135700500,13:57:02,323910,257,1565,82903180,0,0,0
sn2206,20220218,20220218,135701000,13:57:02,323910,257,1565,82903180,0,0,0
sn2206,20220218,20220218,135701500,13:57:02,323910,257,1565,82903180,0,0,0
sn2206,20220218,20220218,135703500,13:57:04,323910,257,1565,82903180,0,0,0
