zn2206,20220218,20220218,112003000,11:20:08,25110,2881,16349,361390825,2881,647,361390825
zn2206,20220218,20220218,112004500,11:20:10,25110,2881,16349,361390825,0,0,0
zn2206,20220218,20220218,112005000,11:20:10,25110,2881,16349,361390825,0,0,0
zn2206,20220218,20220218,112007500,11:20:10,25110,2881,16349,361390825,0,0,0
zn2206,20220218,20220218,112019000,11:20:19,25110,2881,16349,361390825,0,0,0
zn2206,20220218,20220218,112019500,11:20:20,25110,2881,16349,361390825,0,0,0
zn2206,20220218,20220218,112020000,11:20:20,25110,2881,16349,361390825,0,0,0
zn2206,20220218,20220218,112021000,11:20:21,25110,2881,16349,361390825,0,0,0
zn2206,20220218,20220218,112027000,11:20:27,25110,2881,16349,361390825,0,0,0
zn2206,20220218,20220218,112027500,11:20:28,25110,2881,16349,361390825,0,0,0
zn2206,20220218,20220218,112029500,11:20:30,25110,2881,16349,361390825,0,0,0
zn2206,20220218,20220218,112030000,11:20:31,25110,2881,16349,361390825,0,0,0
zn2206,20220218,20220218,112030500,11:20:31,25110,2881,16349,361390825,0,0,0
zn2206,20220218,20220218,112031000,11:20:32,25110,2881,16349,361390825,0,0,0
zn2206,20220218,20220218,112031500,11:20:32,25110,2881,16349,361390825,0,0,0
zn2206,20220218,20220218,112032000,11:20:32,25110,2881,16349,361390825,0,0,0
zn2206,20220218,20220218,112033000,11:20:33,25110,2881,16349,361390825,0,0,0
zn2206,20220218,20220218,112038000,11:20:38,25110,2886,16351,362018575,5,2,627750
zn2206,20220218,20220218,112038500,11:20:38,25110,2898,16359,363525175,12,8,1506600
zn2206,20220218,20220218,112039000,11:20:39,25110,2903,16363,364152925,5,4,627750
zn2206,20220218,20220218,112039500,11:20:40,25110,2907,16365,364655125,4,2,502200
zn2206,20220218,20220218,112042500,11:20:42,25110,2907,16365,364655125,0,0,0
zn2206,20220218,20220218,112043000,11:20:43,25110,2907,16365,364655125,0,0,0
zn2206,20220218,20220218,112044000,11:20:44,25110,2907,16365,364655125,0,0,0
zn2206,20220218,20220218,112048500,11:20:50,25110,2909,16365,364906225,2,0,251100
zn2206,20220218,20220218,112050500,11:20:51,25110,2909,16365,364906225,0,0,0
zn2206,20220218,20220218,112052000,11:20:53,25110,2909,16365,364906225,0,0,0
zn2206,20220218,20220218,112052500,11:20:53,25110,2909,16365,364906225,0,0,0
zn2206,20220218,20220218,112053000,11:20:53,25110,2909,16365,364906225,0,0,0
zn2206,20220218,20220218,112054500,11:20:55,25110,2909,16365,364906225,0,0,0
zn2206,20220218,20220218,112055000,11:20:55,25110,2909,16365,364906225,0,0,0
zn2206,20220218,20220218,112055500,11:20:56,25110,2909,16365,364906225,0,0,0
zn2206,20220218,20220218,112056500,11:20:56,25110,2909,16365,364906225,0,0,0
zn2206,20220218,20220218,112057000,11:20:58,25110,2909,16365,364906225,0,0,0
zn2206,20220218,20220218,112057500,11:20:58,25110,2909,16365,364906225,0,0,0
zn2206,20220218,20220218,112058500,11:20:59,25110,2909,16365,364906225,0,0,0
zn2206,20220218,20220218,112059500,11:21:00,25110,2909,16365,364906225,0,0,0
zn2206,20220218,20220218,112100000,11:21:00,25110,2909,16365,364906225,0,0,0
zn2206,20220218,20220218,112103000,11:21:03,25110,2909,16365,364906225,0,0,0
zn2206,20220218,20220218,112103500,11:21:04,25110,2909,16365,364906225,0,0,0
zn2206,20220218,20220218,112104000,11:21:04,25110,2909,16365,364906225,0,0,0
zn2206,20220218,20220218,112105000,11:21:06,25110,2909,16365,364906225,0,0,0
zn2206,20220218,20220218,112107000,11:21:10,25110,2909,16365,364906225,0,0,0
zn2206,20220218,20220218,112107500,11:21:10,25110,2909,16365,364906225,0,0,0
zn2206,20220218,20220218,112116000,11:21:16,25115,2910,16365,365031800,1,0,125575
zn2206,20220218,20220218,112117500,11:21:18,25115,2919,16365,366161975,9,0,1130175
zn2206,20220218,20220218,112118000,11:21:18,25115,2919,16365,366161975,0,0,0
zn2206,20220218,20220218,112118500,11:21:18,25115,2919,16365,366161975,0,0,0
zn2206,20220218,20220218,112119000,11:21:19,25115,2919,16365,366161975,0,0,0
zn2206,20220218,20220218,112119500,11:21:19,25115,2919,16365,366161975,0,0,0
zn2206,20220218,20220218,112120000,11:21:21,25115,2919,16365,366161975,0,0,0
zn2206,20220218,20220218,112120500,11:21:21,25115,2919,16365,366161975,0,0,0
zn2206,20220218,20220218,112121000,11:21:22,25115,2919,16365,366161975,0,0,0
zn2206,20220218,20220218,112330500,11:23:33,25115,2919,16365,366161975,0,0,0
zn2206,20220218,20220218,112333000,11:23:33,25115,2919,16365,366161975,0,0,0
zn2206,20220218,20220218,112333500,11:23:33,25115,2919,16365,366161975,0,0,0
zn2206,20220218,20220218,112334000,11:23:34,25115,2919,16365,366161975,0,0,0
zn2206,20220218,20220218,112340500,11:23:40,25125,2944,16374,369302450,25,9,3140475
zn2206,20220218,20220218,112341000,11:23:41,25125,2946,16372,369553700,2,-2,251250
zn2206,20220218,20220218,112341500,11:23:42,25125,2946,16372,369553700,0,0,0
zn2206,20220218,20220218,112347000,11:23:48,25125,2946,16372,369553700,0,0,0
zn2206,20220218,20220218,112348500,11:23:49,25125,2946,16372,369553700,0,0,0
zn2206,20220218,20220218,112349000,11:23:49,25125,2946,16372,369553700,0,0,0
zn2206,20220218,20220218,112349500,11:23:50,25125,2946,16372,369553700,0,0,0
zn2206,20220218,20220218,112350500,11:23:50,25125,2946,16372,369553700,0,0,0
zn2206,20220218,20220218,112351000,11:23:51,25125,2946,16372,369553700,0,0,0
zn2206,20220218,20220218,112351500,11:23:51,25125,2946,16372,369553700,0,0,0
zn2206,20220218,20220218,112359500,11:23:59,25125,2946,16372,369553700,0,0,0
zn2206,20220218,20220218,112401000,11:24:01,25125,2947,16372,369679325,1,0,125625
zn2206,20220218,20220218,112401500,11:24:01,25125,2947,16372,369679325,0,0,0
zn2206,20220218,20220218,112402000,11:24:02,25125,2947,16372,369679325,0,0,0
zn2206,20220218,20220218,112402500,11:24:02,25125,2947,16372,369679325,0,0,0
zn2206,20220218,20220218,112403500,11:24:04,25125,2947,16372,369679325,0,0,0
zn2206,20220218,20220218,112404000,11:24:04,25125,2947,16372,369679325,0,0,0
zn2206,20220218,20220218,112404500,11:24:04,25125,2947,16372,369679325,0,0,0
zn2206,20220218,20220218,112405000,11:24:05,25125,2947,16372,369679325,0,0,0
zn2206,20220218,20220218,112405500,11:24:05,25125,2947,16372,369679325,0,0,0
zn2206,20220218,20220218,112406000,11:24:06,25125,2947,16372,369679325,0,0,0
zn2206,20220218,20220218,112406500,11:24:06,25125,2947,16372,369679325,0,0,0
zn2206,20220218,20220218,112407000,11:24:07,25125,2947,16372,369679325,0,0,0
zn2206,20220218,20220218,112409000,11:24:11,25125,2947,16372,369679325,0,0,0
zn2206,20220218,20220218,112409500,11:24:11,25125,2947,16372,369679325,0,0,0
zn2206,20220218,20220218,112417000,11:24:17,25125,2947,16372,369679325,0,0,0
zn2206,20220218,20220218,112417500,11:24:18,25125,2947,16372,369679325,0,0,0
zn2206,20220218,20220218,112424500,11:24:24,25125,2947,16372,369679325,0,0,0
zn2206,20220218,20220218,112433000,11:24:33,25125,2947,16372,369679325,0,0,0
zn2206,20220218,20220218,112438000,11:24:39,25125,2947,16372,369679325,0,0,0
zn2206,20220218,20220218,112440000,11:24:40,25125,2948,16371,369804950,1,-1,125625
zn2206,20220218,20220218,112440500,11:24:40,25125,2948,16371,369804950,0,0,0
zn2206,20220218,20220218,112441000,11:24:41,25125,2948,16371,369804950,0,0,0
zn2206,20220218,20220218,112441500,11:24:41,25125,2948,16371,369804950,0,0,0
zn2206,20220218,20220218,112443000,11:24:43,25125,2948,16371,369804950,0,0,0
zn2206,20220218,20220218,112443500,11:24:43,25125,2948,16371,369804950,0,0,0
zn2206,20220218,20220218,112444500,11:24:44,25125,2948,16371,369804950,0,0,0
zn2206,20220218,20220218,112445000,11:24:45,25125,2948,16371,369804950,0,0,0
zn2206,20220218,20220218,112445500,11:24:45,25125,2948,16371,369804950,0,0,0
zn2206,20220218,20220218,112446000,11:24:46,25125,2948,16371,369804950,0,0,0
zn2206,20220218,20220218,112447500,11:24:47,25125,2948,16371,369804950,0,0,0
zn2206,20220218,20220218,112450500,11:24:50,25125,2948,16371,369804950,0,0,0
zn2206,20220218,20220218,112451000,11:24:51,25125,2948,16371,369804950,0,0,0
zn2206,20220218,20220218,112504500,11:25:06,25125,2948,16371,369804950,0,0,0
zn2206,20220218,20220218,112505000,11:25:06,25125,2952,16373,370307450,4,2,502500
zn2206,20220218,20220218,112505500,11:25:06,25125,2952,16373,370307450,0,0,0
zn2206,20220218,20220218,112506000,11:25:06,25125,2952,16373,370307450,0,0,0
zn2206,20220218,20220218,112506500,11:25:07,25125,2952,16373,370307450,0,0,0
zn2206,20220218,20220218,112509500,11:25:09,25125,2952,16373,370307450,0,0,0
zn2206,20220218,20220218,112510000,11:25:10,25125,2952,16373,370307450,0,0,0
zn2206,20220218,20220218,112511000,11:25:11,25125,2952,16373,370307450,0,0,0
zn2206,20220218,20220218,112513500,11:25:15,25125,2952,16373,370307450,0,0,0
zn2206,20220218,20220218,112515500,11:25:16,25125,2952,16373,370307450,0,0,0
zn2206,20220218,20220218,112517500,11:25:18,25125,2952,16373,370307450,0,0,0
zn2206,20220218,20220218,112519000,11:25:19,25125,2952,16373,370307450,0,0,0
zn2206,20220218,20220218,112519500,11:25:19,25125,2954,16374,370558700,2,1,251250
zn2206,20220218,20220218,112520000,11:25:21,25125,2954,16374,370558700,0,0,0
zn2206,20220218,20220218,112520500,11:25:21,25125,2954,16374,370558700,0,0,0
zn2206,20220218,20220218,112524000,11:25:25,25125,2954,16374,370558700,0,0,0
zn2206,20220218,20220218,112524500,11:25:25,25120,2957,16372,370935500,3,-2,376800
zn2206,20220218,20220218,112525000,11:25:25,25120,2957,16372,370935500,0,0,0
zn2206,20220218,20220218,112525500,11:25:26,25120,2957,16372,370935500,0,0,0
zn2206,20220218,20220218,112526000,11:25:26,25120,2957,16372,370935500,0,0,0
zn2206,20220218,20220218,112526500,11:25:27,25120,2957,16372,370935500,0,0,0
zn2206,20220218,20220218,112527000,11:25:27,25120,2957,16372,370935500,0,0,0
zn2206,20220218,20220218,112527500,11:25:28,25120,2957,16372,370935500,0,0,0
zn2206,20220218,20220218,112529000,11:25:29,25120,2957,16372,370935500,0,0,0
zn2206,20220218,20220218,112533500,11:25:33,25120,2957,16372,370935500,0,0,0
zn2206,20220218,20220218,112534000,11:25:34,25120,2957,16372,370935500,0,0,0
zn2206,20220218,20220218,112535500,11:25:37,25120,2957,16372,370935500,0,0,0
zn2206,20220218,20220218,112540500,11:25:41,25120,2957,16372,370935500,0,0,0
zn2206,20220218,20220218,112544500,11:25:44,25120,2957,16372,370935500,0,0,0
zn2206,20220218,20220218,112545000,11:25:45,25120,2957,16372,370935500,0,0,0
zn2206,20220218,20220218,112547000,11:25:48,25120,2957,16372,370935500,0,0,0
zn2206,20220218,20220218,112547500,11:25:48,25120,2957,16372,370935500,0,0,0
zn2206,20220218,20220218,112548000,11:25:48,25120,2957,16372,370935500,0,0,0
zn2206,20220218,20220218,112548500,11:25:48,25120,2957,16372,370935500,0,0,0
zn2206,20220218,20220218,112549000,11:25:49,25120,2957,16372,370935500,0,0,0
zn2206,20220218,20220218,112551000,11:25:51,25120,2957,16372,370935500,0,0,0
zn2206,20220218,20220218,112551500,11:25:51,25120,2957,16372,370935500,0,0,0
zn2206,20220218,20220218,112552500,11:25:52,25120,2957,16372,370935500,0,0,0
zn2206,20220218,20220218,112553000,11:25:53,25120,2957,16372,370935500,0,0,0
zn2206,20220218,20220218,112557000,11:25:57,25120,2957,16372,370935500,0,0,0
zn2206,20220218,20220218,112558500,11:25:59,25120,2957,16372,370935500,0,0,0
zn2206,20220218,20220218,112559000,11:26:00,25120,2957,16372,370935500,0,0,0
zn2206,20220218,20220218,112602000,11:26:03,25120,2957,16372,370935500,0,0,0
zn2206,20220218,20220218,112604000,11:26:05,25120,2957,16372,370935500,0,0,0
zn2206,20220218,20220218,112606000,11:26:06,25110,2962,16375,371563250,5,3,627750
zn2206,20220218,20220218,112606500,11:26:09,25110,2962,16375,371563250,0,0,0
zn2206,20220218,20220218,112607000,11:26:09,25105,2967,16376,372190925,5,1,627675
zn2206,20220218,20220218,112607500,11:26:09,25105,2967,16376,372190925,0,0,0
zn2206,20220218,20220218,112608000,11:26:09,25100,2972,16378,372818525,5,2,627600
zn2206,20220218,20220218,112609000,11:26:10,25100,2972,16378,372818525,0,0,0
zn2206,20220218,20220218,112609500,11:26:10,25100,2972,16378,372818525,0,0,0
zn2206,20220218,20220218,112610000,11:26:10,25100,2972,16378,372818525,0,0,0
zn2206,20220218,20220218,112617000,11:26:17,25100,2972,16378,372818525,0,0,0
zn2206,20220218,20220218,112617500,11:26:17,25110,2978,16379,373571575,6,1,753050
zn2206,20220218,20220218,112618000,11:26:18,25110,2978,16379,373571575,0,0,0
zn2206,20220218,20220218,112628000,11:26:28,25110,2978,16379,373571575,0,0,0
zn2206,20220218,20220218,112634000,11:26:36,25115,2988,16384,374827325,10,5,1255750
zn2206,20220218,20220218,112634500,11:26:37,25115,2988,16384,374827325,0,0,0
zn2206,20220218,20220218,112635000,11:26:37,25115,2988,16384,374827325,0,0,0
zn2206,20220218,20220218,112637000,11:26:54,25115,2988,16384,374827325,0,0,0
zn2206,20220218,20220218,112637500,11:27:10,25115,2988,16384,374827325,0,0,0
zn2206,20220218,20220218,112638000,11:27:10,25115,2988,16384,374827325,0,0,0
zn2206,20220218,20220218,112652500,11:27:12,25110,2994,16382,375580625,6,-2,753300
zn2206,20220218,20220218,112707500,11:27:12,25110,2994,16382,375580625,0,0,0
zn2206,20220218,20220218,112712000,11:27:13,25110,2994,16382,375580625,0,0,0
zn2206,20220218,20220218,112715500,11:27:16,25110,2994,16382,375580625,0,0,0
zn2206,20220218,20220218,112719500,11:27:20,25110,2994,16382,375580625,0,0,0
zn2206,20220218,20220218,112723000,11:27:26,25110,2994,16382,375580625,0,0,0
zn2206,20220218,20220218,112723500,11:27:27,25110,2994,16382,375580625,0,0,0
zn2206,20220218,20220218,112726500,11:27:27,25110,2994,16382,375580625,0,0,0
zn2206,20220218,20220218,112728500,11:27:28,25105,2995,16381,375706150,1,-1,125525
zn2206,20220218,20220218,112729000,11:27:29,25105,2995,16381,375706150,0,0,0
zn2206,20220218,20220218,112729500,11:27:29,25105,2995,16381,375706150,0,0,0
zn2206,20220218,20220218,112730000,11:27:30,25105,2995,16381,375706150,0,0,0
zn2206,20220218,20220218,112732000,11:27:36,25105,2995,16381,375706150,0,0,0
zn2206,20220218,20220218,112738000,11:27:38,25105,2995,16381,375706150,0,0,0
zn2206,20220218,20220218,112742000,11:27:42,25105,2995,16381,375706150,0,0,0
zn2206,20220218,20220218,112742500,11:27:43,25105,2995,16381,375706150,0,0,0
zn2206,20220218,20220218,112744500,11:27:45,25105,2995,16381,375706150,0,0,0
zn2206,20220218,20220218,112745000,11:27:45,25105,2995,16381,375706150,0,0,0
zn2206,20220218,20220218,112745500,11:27:46,25105,2995,16381,375706150,0,0,0
zn2206,20220218,20220218,112746000,11:27:46,25105,2995,16381,375706150,0,0,0
zn2206,20220218,20220218,112746500,11:27:47,25105,2995,16381,375706150,0,0,0
zn2206,20220218,20220218,112747500,11:27:47,25105,2995,16381,375706150,0,0,0
zn2206,20220218,20220218,112748000,11:27:53,25105,2995,16381,375706150,0,0,0
zn2206,20220218,20220218,112749000,11:27:54,25105,2995,16381,375706150,0,0,0
zn2206,20220218,20220218,112754000,11:27:54,25105,2995,16381,375706150,0,0,0
zn2206,20220218,20220218,112754500,11:27:54,25105,2995,16381,375706150,0,0,0
zn2206,20220218,20220218,112755000,11:27:55,25110,2996,16380,375831700,1,-1,125550
zn2206,20220218,20220218,112757000,11:27:57,25110,2996,16380,375831700,0,0,0
zn2206,20220218,20220218,112758000,11:27:58,25110,2996,16380,375831700,0,0,0
zn2206,20220218,20220218,112758500,11:27:59,25110,2996,16380,375831700,0,0,0
zn2206,20220218,20220218,112800500,11:28:01,25110,2996,16380,375831700,0,0,0
zn2206,20220218,20220218,112801000,11:28:01,25110,2996,16380,375831700,0,0,0
zn2206,20220218,20220218,112801500,11:28:02,25110,2996,16380,375831700,0,0,0
zn2206,20220218,20220218,112802000,11:28:03,25110,2996,16380,375831700,0,0,0
zn2206,20220218,20220218,112802500,11:28:03,25110,2996,16380,375831700,0,0,0
zn2206,20220218,20220218,112803000,11:28:04,25110,2996,16380,375831700,0,0,0
zn2206,20220218,20220218,112803500,11:28:04,25110,2996,16380,375831700,0,0,0
zn2206,20220218,20220218,112823500,11:28:23,25110,2996,16380,375831700,0,0,0
zn2206,20220218,20220218,112824000,11:28:24,25110,2996,16380,375831700,0,0,0
zn2206,20220218,20220218,112824500,11:28:24,25110,2996,16380,375831700,0,0,0
zn2206,20220218,20220218,112825000,11:28:25,25110,2996,16380,375831700,0,0,0
zn2206,20220218,20220218,112825500,11:28:25,25110,2996,16380,375831700,0,0,0
zn2206,20220218,20220218,112829500,11:28:30,25110,2996,16380,375831700,0,0,0
zn2206,20220218,20220218,112830000,11:28:30,25110,2996,16380,375831700,0,0,0
zn2206,20220218,20220218,112834500,11:28:34,25110,2996,16380,375831700,0,0,0
zn2206,20220218,20220218,112835000,11:28:35,25110,2996,16380,375831700,0,0,0
zn2206,20220218,20220218,112838000,11:28:38,25110,2996,16380,375831700,0,0,0
zn2206,20220218,20220218,112838500,11:28:38,25110,2996,16380,375831700,0,0,0
zn2206,20220218,20220218,112839000,11:28:40,25110,2996,16380,375831700,0,0,0
zn2206,20220218,20220218,112850000,11:28:50,25110,2996,16380,375831700,0,0,0
zn2206,20220218,20220218,112850500,11:28:51,25110,2998,16378,376082800,2,-2,251100
zn2206,20220218,20220218,112851000,11:28:51,25110,3000,16377,376333900,2,-1,251100
zn2206,20220218,20220218,112851500,11:28:51,25110,3000,16377,376333900,0,0,0
zn2206,20220218,20220218,112852000,11:28:53,25110,3000,16377,376333900,0,0,0
zn2206,20220218,20220218,112853500,11:28:54,25110,3000,16377,376333900,0,0,0
zn2206,20220218,20220218,112857500,11:28:58,25110,3000,16377,376333900,0,0,0
zn2206,20220218,20220218,112858000,11:28:59,25110,3000,16377,376333900,0,0,0
zn2206,20220218,20220218,112858500,11:28:59,25110,3000,16377,376333900,0,0,0
zn2206,20220218,20220218,112900000,11:29:00,25110,3000,16377,376333900,0,0,0
zn2206,20220218,20220218,112900500,11:29:01,25110,3000,16377,376333900,0,0,0
zn2206,20220218,20220218,112905000,11:29:05,25110,3000,16377,376333900,0,0,0
zn2206,20220218,20220218,112905500,11:29:06,25120,3001,16377,376459500,1,0,125600
zn2206,20220218,20220218,112906000,11:29:06,25120,3001,16377,376459500,0,0,0
zn2206,20220218,20220218,112907000,11:29:08,25120,3001,16377,376459500,0,0,0
zn2206,20220218,20220218,112911000,11:29:11,25120,3001,16377,376459500,0,0,0
zn2206,20220218,20220218,112916000,11:29:16,25120,3001,16377,376459500,0,0,0
zn2206,20220218,20220218,112918000,11:29:21,25120,3001,16377,376459500,0,0,0
zn2206,20220218,20220218,112924000,11:29:24,25105,3008,16374,377338175,7,-3,878675
zn2206,20220218,20220218,112924500,11:29:24,25105,3011,16376,377714750,3,2,376575
zn2206,20220218,20220218,112925000,11:29:25,25105,3011,16376,377714750,0,0,0
zn2206,20220218,20220218,112926000,11:29:26,25105,3011,16376,377714750,0,0,0
zn2206,20220218,20220218,112929500,11:29:29,25105,3011,16376,377714750,0,0,0
zn2206,20220218,20220218,112930500,11:29:31,25105,3011,16376,377714750,0,0,0
zn2206,20220218,20220218,112931000,11:29:32,25105,3011,16376,377714750,0,0,0
zn2206,20220218,20220218,112932000,11:29:32,25105,3011,16376,377714750,0,0,0
zn2206,20220218,20220218,112932500,11:29:36,25105,3011,16376,377714750,0,0,0
zn2206,20220218,20220218,112937500,11:29:38,25105,3011,16376,377714750,0,0,0
zn2206,20220218,20220218,112939500,11:29:40,25105,3011,16376,377714750,0,0,0
zn2206,20220218,20220218,112940000,11:29:40,25105,3011,16376,377714750,0,0,0
zn2206,20220218,20220218,112941000,11:29:41,25105,3011,16376,377714750,0,0,0
zn2206,20220218,20220218,112941500,11:29:42,25105,3011,16376,377714750,0,0,0
zn2206,20220218,20220218,112942000,11:29:44,25105,3011,16376,377714750,0,0,0
zn2206,20220218,20220218,112945500,11:29:46,25105,3011,16376,377714750,0,0,0
zn2206,20220218,20220218,112946000,11:29:47,25105,3011,16376,377714750,0,0,0
zn2206,20220218,20220218,112948500,11:29:50,25105,3011,16376,377714750,0,0,0
zn2206,20220218,20220218,112949000,11:29:50,25105,3011,16376,377714750,0,0,0
zn2206,20220218,20220218,112950000,11:29:51,25105,3011,16376,377714750,0,0,0
zn2206,20220218,20220218,112950500,11:29:51,25115,3013,16374,377965900,2,-2,251150
zn2206,20220218,20220218,112951500,11:29:52,25115,3013,16374,377965900,0,0,0
zn2206,20220218,20220218,112955500,11:29:56,25115,3013,16374,377965900,0,0,0
zn2206,20220218,20220218,112956000,11:29:56,25115,3013,16374,377965900,0,0,0
zn2206,20220218,20220218,112956500,11:30:00,25115,3013,16374,377965900,0,0,0
zn2206,20220218,20220218,112959500,11:30:03,25115,3013,16374,377965900,0,0,0
zn2206,20220218,20220218,113000000,11:30:03,25115,3013,16374,377965900,0,0,0
zn2206,20220218,20220218,113001500,11:30:03,25115,3013,16374,377965900,0,0,0
zn2206,20220218,20220218,133002000,13:30:08,25125,3016,16376,378342750,3,2,376850
zn2206,20220218,20220218,133002500,13:30:10,25125,3016,16376,378342750,0,0,0
zn2206,20220218,20220218,133008000,13:30:10,25125,3016,16376,378342750,0,0,0
zn2206,20220218,20220218,133009500,13:30:11,25125,3032,16380,380353125,16,4,2010375
zn2206,20220218,20220218,133010000,13:30:11,25125,3032,16380,380353125,0,0,0
zn2206,20220218,20220218,133010500,13:30:12,25125,3032,16380,380353125,0,0,0
zn2206,20220218,20220218,133011000,13:30:13,25125,3032,16380,380353125,0,0,0
zn2206,20220218,20220218,133011500,13:30:13,25125,3032,16380,380353125,0,0,0
zn2206,20220218,20220218,133012500,13:30:13,25125,3032,16380,380353125,0,0,0
zn2206,20220218,20220218,133013000,13:30:14,25125,3032,16380,380353125,0,0,0
zn2206,20220218,20220218,133013500,13:30:14,25125,3032,16380,380353125,0,0,0
zn2206,20220218,20220218,133014000,13:30:15,25115,3034,16379,380604275,2,-1,251150
zn2206,20220218,20220218,133014500,13:30:16,25115,3034,16379,380604275,0,0,0
zn2206,20220218,20220218,133015000,13:30:18,25115,3034,16379,380604275,0,0,0
zn2206,20220218,20220218,133016000,13:30:18,25115,3034,16379,380604275,0,0,0
zn2206,20220218,20220218,133017000,13:30:18,25120,3036,16377,380855475,2,-2,251200
zn2206,20220218,20220218,133018000,13:30:19,25120,3037,16376,380981075,1,-1,125600
zn2206,20220218,20220218,133018500,13:30:20,25120,3037,16376,380981075,0,0,0
zn2206,20220218,20220218,133019000,13:30:20,25120,3037,16376,380981075,0,0,0
zn2206,20220218,20220218,133019500,13:30:20,25120,3039,16375,381232275,2,-1,251200
zn2206,20220218,20220218,133020000,13:30:21,25120,3039,16375,381232275,0,0,0
zn2206,20220218,20220218,133021000,13:30:21,25120,3039,16375,381232275,0,0,0
zn2206,20220218,20220218,133021500,13:30:22,25120,3039,16375,381232275,0,0,0
zn2206,20220218,20220218,133022000,13:30:38,25120,3039,16375,381232275,0,0,0
zn2206,20220218,20220218,133022500,13:30:38,25120,3039,16375,381232275,0,0,0
zn2206,20220218,20220218,133023000,13:30:38,25120,3039,16375,381232275,0,0,0
zn2206,20220218,20220218,133038000,13:30:41,25120,3039,16375,381232275,0,0,0
zn2206,20220218,20220218,133038500,13:30:41,25120,3039,16375,381232275,0,0,0
zn2206,20220218,20220218,133040500,13:30:43,25120,3039,16375,381232275,0,0,0
zn2206,20220218,20220218,133042000,13:30:44,25120,3039,16375,381232275,0,0,0
zn2206,20220218,20220218,133043000,13:30:44,25120,3039,16375,381232275,0,0,0
zn2206,20220218,20220218,133044500,13:30:46,25120,3039,16375,381232275,0,0,0
zn2206,20220218,20220218,133045500,13:30:46,25120,3039,16375,381232275,0,0,0
zn2206,20220218,20220218,133047500,13:30:48,25140,3045,16370,381986400,6,-5,754125
zn2206,20220218,20220218,133048000,13:30:48,25140,3045,16370,381986400,0,0,0
zn2206,20220218,20220218,133050500,13:30:51,25145,3046,16371,382112125,1,1,125725
zn2206,20220218,20220218,133051000,13:30:52,25145,3046,16371,382112125,0,0,0
zn2206,20220218,20220218,133053500,13:30:54,25145,3046,16371,382112125,0,0,0
zn2206,20220218,20220218,133054000,13:30:55,25145,3046,16371,382112125,0,0,0
zn2206,20220218,20220218,133054500,13:30:55,25145,3046,16371,382112125,0,0,0
zn2206,20220218,20220218,133055000,13:30:56,25145,3046,16371,382112125,0,0,0
zn2206,20220218,20220218,133055500,13:30:56,25145,3046,16371,382112125,0,0,0
zn2206,20220218,20220218,133056000,13:30:57,25145,3046,16371,382112125,0,0,0
zn2206,20220218,20220218,133056500,13:30:57,25145,3046,16371,382112125,0,0,0
zn2206,20220218,20220218,133057000,13:30:58,25145,3046,16371,382112125,0,0,0
zn2206,20220218,20220218,133057500,13:30:58,25145,3046,16371,382112125,0,0,0
zn2206,20220218,20220218,133059500,13:31:00,25145,3046,16371,382112125,0,0,0
zn2206,20220218,20220218,133100000,13:31:00,25145,3046,16371,382112125,0,0,0
zn2206,20220218,20220218,133100500,13:31:00,25145,3046,16371,382112125,0,0,0
zn2206,20220218,20220218,133101500,13:31:01,25145,3046,16371,382112125,0,0,0
zn2206,20220218,20220218,133102500,13:31:03,25140,3047,16372,382237825,1,1,125700
zn2206,20220218,20220218,133103000,13:31:03,25140,3047,16372,382237825,0,0,0
zn2206,20220218,20220218,133103500,13:31:05,25140,3047,16372,382237825,0,0,0
zn2206,20220218,20220218,133104000,13:31:06,25140,3047,16372,382237825,0,0,0
zn2206,20220218,20220218,133104500,13:31:07,25140,3047,16372,382237825,0,0,0
zn2206,20220218,20220218,133105500,13:31:08,25140,3047,16372,382237825,0,0,0
zn2206,20220218,20220218,133109500,13:31:10,25140,3047,16372,382237825,0,0,0
zn2206,20220218,20220218,133110000,13:31:11,25140,3047,16372,382237825,0,0,0
zn2206,20220218,20220218,133110500,13:31:11,25140,3047,16372,382237825,0,0,0
zn2206,20220218,20220218,133111000,13:31:11,25140,3047,16372,382237825,0,0,0
zn2206,20220218,20220218,133114500,13:31:15,25140,3047,16372,382237825,0,0,0
zn2206,20220218,20220218,133115000,13:31:15,25140,3047,16372,382237825,0,0,0
zn2206,20220218,20220218,133115500,13:31:16,25140,3047,16372,382237825,0,0,0
zn2206,20220218,20220218,133117000,13:31:17,25140,3047,16372,382237825,0,0,0
zn2206,20220218,20220218,133121500,13:31:22,25140,3047,16372,382237825,0,0,0
zn2206,20220218,20220218,133122000,13:31:23,25140,3047,16372,382237825,0,0,0
zn2206,20220218,20220218,133156000,13:31:56,25140,3047,16372,382237825,0,0,0
zn2206,20220218,20220218,133158500,13:31:58,25140,3047,16372,382237825,0,0,0
zn2206,20220218,20220218,133201000,13:32:01,25140,3047,16372,382237825,0,0,0
zn2206,20220218,20220218,133201500,13:32:01,25140,3047,16372,382237825,0,0,0
zn2206,20220218,20220218,133202000,13:32:03,25140,3047,16372,382237825,0,0,0
zn2206,20220218,20220218,133202500,13:32:04,25140,3047,16372,382237825,0,0,0
zn2206,20220218,20220218,133203000,13:32:05,25140,3047,16372,382237825,0,0,0
zn2206,20220218,20220218,133203500,13:32:05,25140,3047,16372,382237825,0,0,0
zn2206,20220218,20220218,133204000,13:32:05,25140,3047,16372,382237825,0,0,0
zn2206,20220218,20220218,133205000,13:32:06,25140,3047,16372,382237825,0,0,0
zn2206,20220218,20220218,133205500,13:32:06,25140,3047,16372,382237825,0,0,0
zn2206,20220218,20220218,133206000,13:32:07,25140,3047,16372,382237825,0,0,0
zn2206,20220218,20220218,133208000,13:32:09,25140,3047,16372,382237825,0,0,0
zn2206,20220218,20220218,133208500,13:32:10,25140,3047,16372,382237825,0,0,0
zn2206,20220218,20220218,133209000,13:32:10,25140,3047,16372,382237825,0,0,0
zn2206,20220218,20220218,133209500,13:32:10,25140,3047,16372,382237825,0,0,0
zn2206,20220218,20220218,133210000,13:32:11,25140,3047,16372,382237825,0,0,0
zn2206,20220218,20220218,133210500,13:32:14,25140,3047,16372,382237825,0,0,0
zn2206,20220218,20220218,133211000,13:32:14,25140,3047,16372,382237825,0,0,0
zn2206,20220218,20220218,133213000,13:32:15,25140,3047,16372,382237825,0,0,0
zn2206,20220218,20220218,133214000,13:32:15,25140,3047,16372,382237825,0,0,0
zn2206,20220218,20220218,133215000,13:32:16,25140,3047,16372,382237825,0,0,0
zn2206,20220218,20220218,133216500,13:32:17,25140,3047,16372,382237825,0,0,0
zn2206,20220218,20220218,133217000,13:32:17,25140,3047,16372,382237825,0,0,0
zn2206,20220218,20220218,133217500,13:32:18,25140,3047,16372,382237825,0,0,0
zn2206,20220218,20220218,133218000,13:32:18,25140,3047,16372,382237825,0,0,0
zn2206,20220218,20220218,133218500,13:32:19,25140,3047,16372,382237825,0,0,0
zn2206,20220218,20220218,133219000,13:32:20,25140,3047,16372,382237825,0,0,0
zn2206,20220218,20220218,133219500,13:32:20,25140,3047,16372,382237825,0,0,0
zn2206,20220218,20220218,133223000,13:32:24,25140,3047,16372,382237825,0,0,0
zn2206,20220218,20220218,133227500,13:32:28,25125,3049,16372,382489075,2,0,251250
zn2206,20220218,20220218,133228000,13:32:32,25125,3049,16372,382489075,0,0,0
zn2206,20220218,20220218,133234500,13:32:36,25125,3049,16372,382489075,0,0,0
zn2206,20220218,20220218,133239000,13:32:39,25125,3049,16372,382489075,0,0,0
zn2206,20220218,20220218,133240000,13:32:40,25125,3049,16372,382489075,0,0,0
zn2206,20220218,20220218,133242000,13:32:42,25125,3049,16372,382489075,0,0,0
zn2206,20220218,20220218,133245000,13:32:45,25125,3049,16372,382489075,0,0,0
zn2206,20220218,20220218,133246500,13:32:47,25125,3049,16372,382489075,0,0,0
zn2206,20220218,20220218,133247000,13:32:47,25125,3049,16372,382489075,0,0,0
zn2206,20220218,20220218,133247500,13:32:48,25125,3049,16372,382489075,0,0,0
zn2206,20220218,20220218,133248000,13:32:49,25125,3049,16372,382489075,0,0,0
zn2206,20220218,20220218,133248500,13:32:49,25125,3049,16372,382489075,0,0,0
zn2206,20220218,20220218,133249000,13:32:49,25125,3049,16372,382489075,0,0,0
zn2206,20220218,20220218,133249500,13:32:50,25125,3049,16372,382489075,0,0,0
zn2206,20220218,20220218,133250500,13:32:52,25125,3049,16372,382489075,0,0,0
zn2206,20220218,20220218,133255500,13:32:55,25125,3049,16372,382489075,0,0,0
zn2206,20220218,20220218,133256500,13:32:56,25125,3049,16372,382489075,0,0,0
zn2206,20220218,20220218,133257000,13:32:59,25125,3049,16372,382489075,0,0,0
zn2206,20220218,20220218,133258500,13:33:00,25125,3049,16372,382489075,0,0,0
zn2206,20220218,20220218,133259500,13:33:01,25125,3049,16372,382489075,0,0,0
zn2206,20220218,20220218,133300000,13:33:01,25125,3049,16372,382489075,0,0,0
zn2206,20220218,20220218,133300500,13:33:01,25125,3049,16372,382489075,0,0,0
zn2206,20220218,20220218,133301000,13:33:02,25125,3049,16372,382489075,0,0,0
zn2206,20220218,20220218,133305000,13:33:05,25125,3050,16371,382614700,1,-1,125625
zn2206,20220218,20220218,133305500,13:33:06,25125,3050,16371,382614700,0,0,0
zn2206,20220218,20220218,133306000,13:33:06,25125,3050,16371,382614700,0,0,0
zn2206,20220218,20220218,133307000,13:33:07,25125,3050,16371,382614700,0,0,0
zn2206,20220218,20220218,133310000,13:33:11,25125,3050,16371,382614700,0,0,0
zn2206,20220218,20220218,133310500,13:33:12,25125,3050,16371,382614700,0,0,0
zn2206,20220218,20220218,133312000,13:33:14,25125,3050,16371,382614700,0,0,0
zn2206,20220218,20220218,133314500,13:33:17,25125,3050,16371,382614700,0,0,0
zn2206,20220218,20220218,133315000,13:33:18,25125,3050,16371,382614700,0,0,0
zn2206,20220218,20220218,133316500,13:33:19,25125,3050,16371,382614700,0,0,0
zn2206,20220218,20220218,133318000,13:33:19,25125,3050,16371,382614700,0,0,0
zn2206,20220218,20220218,133324500,13:33:25,25125,3050,16371,382614700,0,0,0
zn2206,20220218,20220218,133325000,13:33:26,25125,3051,16371,382740325,1,0,125625
zn2206,20220218,20220218,133325500,13:33:27,25125,3051,16371,382740325,0,0,0
zn2206,20220218,20220218,133326000,13:33:28,25125,3051,16371,382740325,0,0,0
zn2206,20220218,20220218,133332000,13:33:32,25125,3051,16371,382740325,0,0,0
zn2206,20220218,20220218,133333500,13:33:33,25125,3051,16371,382740325,0,0,0
zn2206,20220218,20220218,133334000,13:33:34,25125,3051,16371,382740325,0,0,0
zn2206,20220218,20220218,133338000,13:33:38,25125,3051,16371,382740325,0,0,0
zn2206,20220218,20220218,133338500,13:33:39,25130,3052,16370,382865975,1,-1,125650
zn2206,20220218,20220218,133339000,13:33:39,25130,3052,16370,382865975,0,0,0
zn2206,20220218,20220218,133339500,13:33:40,25130,3052,16370,382865975,0,0,0
zn2206,20220218,20220218,133340000,13:33:40,25130,3052,16370,382865975,0,0,0
zn2206,20220218,20220218,133340500,13:33:41,25130,3052,16370,382865975,0,0,0
zn2206,20220218,20220218,133341000,13:33:41,25130,3052,16370,382865975,0,0,0
zn2206,20220218,20220218,133341500,13:33:42,25130,3052,16370,382865975,0,0,0
zn2206,20220218,20220218,133342000,13:33:42,25130,3052,16370,382865975,0,0,0
zn2206,20220218,20220218,133344500,13:33:45,25130,3052,16370,382865975,0,0,0
zn2206,20220218,20220218,133345000,13:33:45,25130,3052,16370,382865975,0,0,0
zn2206,20220218,20220218,133347000,13:33:48,25130,3052,16370,382865975,0,0,0
zn2206,20220218,20220218,133348000,13:33:49,25130,3052,16370,382865975,0,0,0
zn2206,20220218,20220218,133349500,13:33:50,25130,3052,16370,382865975,0,0,0
zn2206,20220218,20220218,133356000,13:33:57,25130,3052,16370,382865975,0,0,0
zn2206,20220218,20220218,133356500,13:33:57,25130,3053,16370,382991625,1,0,125650
zn2206,20220218,20220218,133357500,13:33:58,25130,3053,16370,382991625,0,0,0
zn2206,20220218,20220218,133359000,13:33:59,25130,3053,16370,382991625,0,0,0
zn2206,20220218,20220218,133359500,13:34:00,25130,3053,16370,382991625,0,0,0
zn2206,20220218,20220218,133400000,13:34:00,25130,3053,16370,382991625,0,0,0
zn2206,20220218,20220218,133400500,13:34:01,25130,3053,16370,382991625,0,0,0
zn2206,20220218,20220218,133401000,13:34:02,25130,3053,16370,382991625,0,0,0
zn2206,20220218,20220218,133408500,13:34:12,25130,3053,16370,382991625,0,0,0
zn2206,20220218,20220218,133410500,13:34:12,25130,3053,16370,382991625,0,0,0
zn2206,20220218,20220218,133411500,13:34:12,25130,3053,16370,382991625,0,0,0
zn2206,20220218,20220218,133412000,13:34:12,25130,3053,16370,382991625,0,0,0
zn2206,20220218,20220218,133412500,13:34:13,25130,3053,16370,382991625,0,0,0
zn2206,20220218,20220218,133413000,13:34:13,25130,3053,16370,382991625,0,0,0
zn2206,20220218,20220218,133420500,13:34:23,25130,3053,16370,382991625,0,0,0
zn2206,20220218,20220218,133421000,13:34:23,25130,3053,16370,382991625,0,0,0
zn2206,20220218,20220218,133421500,13:34:23,25130,3053,16370,382991625,0,0,0
zn2206,20220218,20220218,133422000,13:34:24,25130,3053,16370,382991625,0,0,0
zn2206,20220218,20220218,133423500,13:34:24,25130,3053,16370,382991625,0,0,0
zn2206,20220218,20220218,133424000,13:34:24,25130,3053,16370,382991625,0,0,0
zn2206,20220218,20220218,133431500,13:34:31,25130,3053,16370,382991625,0,0,0
zn2206,20220218,20220218,133432000,13:34:32,25130,3053,16370,382991625,0,0,0
zn2206,20220218,20220218,133434500,13:34:35,25130,3053,16370,382991625,0,0,0
zn2206,20220218,20220218,133435000,13:34:35,25130,3053,16370,382991625,0,0,0
zn2206,20220218,20220218,133435500,13:34:36,25130,3053,16370,382991625,0,0,0
zn2206,20220218,20220218,133436000,13:34:36,25130,3053,16370,382991625,0,0,0
zn2206,20220218,20220218,133436500,13:34:36,25130,3053,16370,382991625,0,0,0
zn2206,20220218,20220218,133437000,13:34:37,25130,3053,16370,382991625,0,0,0
zn2206,20220218,20220218,133437500,13:34:38,25130,3053,16370,382991625,0,0,0
zn2206,20220218,20220218,133438000,13:34:38,25130,3053,16370,382991625,0,0,0
zn2206,20220218,20220218,133439500,13:34:39,25130,3053,16370,382991625,0,0,0
zn2206,20220218,20220218,133440500,13:34:41,25130,3053,16370,382991625,0,0,0
zn2206,20220218,20220218,133443500,13:34:45,25125,3054,16370,383117250,1,0,125625
zn2206,20220218,20220218,133444000,13:34:45,25125,3054,16370,383117250,0,0,0
zn2206,20220218,20220218,133444500,13:34:46,25125,3054,16370,383117250,0,0,0
zn2206,20220218,20220218,133445000,13:34:46,25125,3054,16370,383117250,0,0,0
zn2206,20220218,20220218,133447500,13:34:48,25125,3054,16370,383117250,0,0,0
zn2206,20220218,20220218,133452000,13:34:52,25125,3054,16370,383117250,0,0,0
zn2206,20220218,20220218,133452500,13:34:53,25125,3054,16370,383117250,0,0,0
zn2206,20220218,20220218,133453000,13:34:53,25125,3054,16370,383117250,0,0,0
zn2206,20220218,20220218,133453500,13:34:55,25125,3054,16370,383117250,0,0,0
zn2206,20220218,20220218,133454500,13:34:56,25125,3054,16370,383117250,0,0,0
zn2206,20220218,20220218,133455500,13:34:56,25125,3054,16370,383117250,0,0,0
zn2206,20220218,20220218,133456000,13:34:57,25125,3054,16370,383117250,0,0,0
zn2206,20220218,20220218,133456500,13:34:57,25125,3054,16370,383117250,0,0,0
zn2206,20220218,20220218,133457000,13:34:57,25125,3054,16370,383117250,0,0,0
zn2206,20220218,20220218,133458000,13:34:58,25125,3054,16370,383117250,0,0,0
zn2206,20220218,20220218,133503500,13:35:10,25125,3054,16370,383117250,0,0,0
zn2206,20220218,20220218,133506000,13:35:11,25125,3054,16370,383117250,0,0,0
zn2206,20220218,20220218,133510500,13:35:11,25125,3054,16370,383117250,0,0,0
zn2206,20220218,20220218,133513500,13:35:14,25125,3054,16370,383117250,0,0,0
zn2206,20220218,20220218,133514000,13:35:14,25125,3054,16370,383117250,0,0,0
zn2206,20220218,20220218,133514500,13:35:15,25125,3054,16370,383117250,0,0,0
zn2206,20220218,20220218,133515000,13:35:15,25125,3054,16370,383117250,0,0,0
zn2206,20220218,20220218,133515500,13:35:16,25125,3054,16370,383117250,0,0,0
zn2206,20220218,20220218,133516000,13:35:16,25130,3055,16369,383242900,1,-1,125650
zn2206,20220218,20220218,133516500,13:35:17,25130,3055,16369,383242900,0,0,0
zn2206,20220218,20220218,133517000,13:35:17,25130,3055,16369,383242900,0,0,0
zn2206,20220218,20220218,133517500,13:35:18,25130,3055,16369,383242900,0,0,0
zn2206,20220218,20220218,133518000,13:35:19,25130,3057,16371,383494200,2,2,251300
zn2206,20220218,20220218,133518500,13:35:19,25130,3057,16371,383494200,0,0,0
zn2206,20220218,20220218,133519000,13:35:19,25130,3057,16371,383494200,0,0,0
zn2206,20220218,20220218,133523000,13:35:23,25130,3057,16371,383494200,0,0,0
zn2206,20220218,20220218,133523500,13:35:23,25130,3057,16371,383494200,0,0,0
zn2206,20220218,20220218,133524000,13:35:25,25130,3057,16371,383494200,0,0,0
zn2206,20220218,20220218,133524500,13:35:25,25130,3057,16371,383494200,0,0,0
zn2206,20220218,20220218,133525000,13:35:25,25130,3057,16371,383494200,0,0,0
zn2206,20220218,20220218,133525500,13:35:26,25130,3057,16371,383494200,0,0,0
zn2206,20220218,20220218,133526000,13:35:26,25130,3057,16371,383494200,0,0,0
zn2206,20220218,20220218,133526500,13:35:27,25130,3057,16371,383494200,0,0,0
zn2206,20220218,20220218,133527000,13:35:27,25130,3057,16371,383494200,0,0,0
zn2206,20220218,20220218,133527500,13:35:31,25130,3057,16371,383494200,0,0,0
zn2206,20220218,20220218,133528000,13:35:32,25130,3057,16371,383494200,0,0,0
zn2206,20220218,20220218,133529500,13:35:37,25130,3057,16371,383494200,0,0,0
zn2206,20220218,20220218,133531500,13:35:41,25130,3057,16371,383494200,0,0,0
zn2206,20220218,20220218,133532000,13:35:42,25130,3057,16371,383494200,0,0,0
zn2206,20220218,20220218,133535000,13:35:43,25130,3057,16371,383494200,0,0,0
zn2206,20220218,20220218,133543500,13:35:44,25130,3057,16371,383494200,0,0,0
zn2206,20220218,20220218,133544000,13:35:44,25130,3057,16371,383494200,0,0,0
zn2206,20220218,20220218,133544500,13:35:45,25130,3057,16371,383494200,0,0,0
zn2206,20220218,20220218,133545000,13:35:46,25130,3057,16371,383494200,0,0,0
zn2206,20220218,20220218,133545500,13:35:46,25130,3057,16371,383494200,0,0,0
zn2206,20220218,20220218,133546000,13:35:46,25130,3057,16371,383494200,0,0,0
zn2206,20220218,20220218,133546500,13:35:46,25130,3057,16371,383494200,0,0,0
zn2206,20220218,20220218,133547000,13:35:47,25130,3057,16371,383494200,0,0,0
zn2206,20220218,20220218,133548000,13:35:48,25130,3057,16371,383494200,0,0,0
zn2206,20220218,20220218,133548500,13:35:48,25130,3057,16371,383494200,0,0,0
zn2206,20220218,20220218,133549000,13:35:49,25130,3057,16371,383494200,0,0,0
zn2206,20220218,20220218,133549500,13:35:49,25130,3057,16371,383494200,0,0,0
zn2206,20220218,20220218,133550500,13:35:50,25130,3057,16371,383494200,0,0,0
zn2206,20220218,20220218,133551000,13:35:51,25130,3057,16371,383494200,0,0,0
zn2206,20220218,20220218,133551500,13:35:51,25130,3057,16371,383494200,0,0,0
zn2206,20220218,20220218,133552500,13:35:53,25130,3057,16371,383494200,0,0,0
zn2206,20220218,20220218,133553000,13:35:53,25130,3057,16371,383494200,0,0,0
zn2206,20220218,20220218,133553500,13:35:55,25130,3057,16371,383494200,0,0,0
zn2206,20220218,20220218,133554000,13:35:55,25130,3057,16371,383494200,0,0,0
zn2206,20220218,20220218,133555500,13:35:56,25130,3057,16371,383494200,0,0,0
zn2206,20220218,20220218,133559000,13:36:03,25130,3057,16371,383494200,0,0,0
zn2206,20220218,20220218,133601500,13:36:03,25130,3057,16371,383494200,0,0,0
zn2206,20220218,20220218,133602500,13:36:04,25130,3057,16371,383494200,0,0,0
zn2206,20220218,20220218,133603000,13:36:05,25130,3057,16371,383494200,0,0,0
zn2206,20220218,20220218,133604500,13:36:07,25155,3077,16356,386009625,20,-15,2515425
zn2206,20220218,20220218,133605500,13:36:07,25155,3077,16356,386009625,0,0,0
zn2206,20220218,20220218,133606000,13:36:07,25155,3077,16356,386009625,0,0,0
zn2206,20220218,20220218,133607500,13:36:08,25155,3077,16356,386009625,0,0,0
zn2206,20220218,20220218,133608000,13:36:08,25155,3077,16356,386009625,0,0,0
zn2206,20220218,20220218,133608500,13:36:09,25155,3077,16356,386009625,0,0,0
zn2206,20220218,20220218,133609000,13:36:09,25155,3077,16356,386009625,0,0,0
zn2206,20220218,20220218,133609500,13:36:10,25155,3077,16356,386009625,0,0,0
zn2206,20220218,20220218,133610000,13:36:11,25155,3077,16356,386009625,0,0,0
zn2206,20220218,20220218,133610500,13:36:11,25155,3077,16356,386009625,0,0,0
zn2206,20220218,20220218,133611500,13:36:12,25155,3077,16356,386009625,0,0,0
zn2206,20220218,20220218,133612500,13:36:12,25155,3077,16356,386009625,0,0,0
zn2206,20220218,20220218,133613500,13:36:14,25155,3077,16356,386009625,0,0,0
zn2206,20220218,20220218,133614000,13:36:14,25155,3077,16356,386009625,0,0,0
zn2206,20220218,20220218,133614500,13:36:14,25155,3077,16356,386009625,0,0,0
zn2206,20220218,20220218,133615000,13:36:15,25155,3077,16356,386009625,0,0,0
zn2206,20220218,20220218,133615500,13:36:15,25155,3077,16356,386009625,0,0,0
zn2206,20220218,20220218,133619000,13:36:19,25155,3077,16356,386009625,0,0,0
zn2206,20220218,20220218,133619500,13:36:20,25155,3077,16356,386009625,0,0,0
zn2206,20220218,20220218,133620000,13:36:20,25155,3077,16356,386009625,0,0,0
zn2206,20220218,20220218,133620500,13:36:20,25155,3077,16356,386009625,0,0,0
zn2206,20220218,20220218,133621000,13:36:21,25155,3077,16356,386009625,0,0,0
zn2206,20220218,20220218,133621500,13:36:21,25155,3077,16356,386009625,0,0,0
zn2206,20220218,20220218,133622000,13:36:22,25155,3077,16356,386009625,0,0,0
zn2206,20220218,20220218,133622500,13:36:22,25155,3077,16356,386009625,0,0,0
zn2206,20220218,20220218,133623000,13:36:23,25155,3077,16356,386009625,0,0,0
zn2206,20220218,20220218,133623500,13:36:23,25155,3077,16356,386009625,0,0,0
zn2206,20220218,20220218,133626500,13:36:27,25155,3077,16356,386009625,0,0,0
zn2206,20220218,20220218,133627000,13:36:28,25155,3077,16356,386009625,0,0,0
zn2206,20220218,20220218,133627500,13:36:28,25155,3077,16356,386009625,0,0,0
zn2206,20220218,20220218,133628000,13:36:28,25155,3077,16356,386009625,0,0,0
zn2206,20220218,20220218,133628500,13:36:29,25155,3077,16356,386009625,0,0,0
zn2206,20220218,20220218,133629000,13:36:30,25155,3077,16356,386009625,0,0,0
zn2206,20220218,20220218,133629500,13:36:30,25155,3077,16356,386009625,0,0,0
zn2206,20220218,20220218,133630000,13:36:30,25155,3077,16356,386009625,0,0,0
zn2206,20220218,20220218,133630500,13:36:31,25155,3077,16356,386009625,0,0,0
zn2206,20220218,20220218,133631000,13:36:31,25155,3077,16356,386009625,0,0,0
zn2206,20220218,20220218,133632500,13:36:32,25155,3077,16356,386009625,0,0,0
zn2206,20220218,20220218,133633000,13:36:33,25155,3077,16356,386009625,0,0,0
zn2206,20220218,20220218,133633500,13:36:33,25155,3077,16356,386009625,0,0,0
zn2206,20220218,20220218,133634000,13:36:34,25155,3077,16356,386009625,0,0,0
zn2206,20220218,20220218,133634500,13:36:35,25155,3077,16356,386009625,0,0,0
zn2206,20220218,20220218,133635500,13:36:36,25155,3077,16356,386009625,0,0,0
zn2206,20220218,20220218,133636000,13:36:36,25155,3077,16356,386009625,0,0,0
zn2206,20220218,20220218,133637000,13:36:38,25155,3077,16356,386009625,0,0,0
zn2206,20220218,20220218,133637500,13:36:38,25155,3077,16356,386009625,0,0,0
zn2206,20220218,20220218,133638000,13:36:38,25155,3077,16356,386009625,0,0,0
zn2206,20220218,20220218,133638500,13:36:39,25155,3077,16356,386009625,0,0,0
zn2206,20220218,20220218,133639000,13:36:39,25155,3077,16356,386009625,0,0,0
zn2206,20220218,20220218,133639500,13:36:39,25155,3077,16356,386009625,0,0,0
zn2206,20220218,20220218,133640000,13:36:40,25155,3077,16356,386009625,0,0,0
zn2206,20220218,20220218,133640500,13:36:40,25155,3077,16356,386009625,0,0,0
zn2206,20220218,20220218,133641000,13:36:41,25155,3077,16356,386009625,0,0,0
zn2206,20220218,20220218,133641500,13:36:42,25155,3077,16356,386009625,0,0,0
zn2206,20220218,20220218,133643500,13:36:44,25155,3077,16356,386009625,0,0,0
zn2206,20220218,20220218,133645000,13:36:45,25155,3077,16356,386009625,0,0,0
zn2206,20220218,20220218,133646500,13:36:46,25155,3077,16356,386009625,0,0,0
zn2206,20220218,20220218,133647000,13:36:47,25155,3077,16356,386009625,0,0,0
zn2206,20220218,20220218,133649500,13:36:49,25155,3077,16356,386009625,0,0,0
zn2206,20220218,20220218,133651000,13:36:51,25155,3077,16356,386009625,0,0,0
zn2206,20220218,20220218,133651500,13:36:52,25155,3077,16356,386009625,0,0,0
zn2206,20220218,20220218,133656000,13:36:56,25155,3077,16356,386009625,0,0,0
zn2206,20220218,20220218,133657000,13:36:58,25155,3077,16356,386009625,0,0,0
zn2206,20220218,20220218,133659500,13:37:00,25155,3077,16356,386009625,0,0,0
zn2206,20220218,20220218,133700000,13:37:00,25155,3077,16356,386009625,0,0,0
zn2206,20220218,20220218,133700500,13:37:00,25160,3079,16355,386261225,2,-1,251600
zn2206,20220218,20220218,133701000,13:37:01,25160,3079,16355,386261225,0,0,0
zn2206,20220218,20220218,133701500,13:37:02,25155,3084,16354,386890100,5,-1,628875
zn2206,20220218,20220218,133702000,13:37:02,25155,3084,16354,386890100,0,0,0
zn2206,20220218,20220218,133702500,13:37:03,25155,3084,16354,386890100,0,0,0
zn2206,20220218,20220218,133703000,13:37:03,25155,3084,16354,386890100,0,0,0
zn2206,20220218,20220218,133703500,13:37:03,25155,3084,16354,386890100,0,0,0
zn2206,20220218,20220218,133704000,13:37:04,25155,3084,16354,386890100,0,0,0
zn2206,20220218,20220218,133704500,13:37:05,25155,3084,16354,386890100,0,0,0
zn2206,20220218,20220218,133705000,13:37:05,25155,3084,16354,386890100,0,0,0
zn2206,20220218,20220218,133707500,13:37:08,25155,3084,16354,386890100,0,0,0
zn2206,20220218,20220218,133708000,13:37:08,25155,3084,16354,386890100,0,0,0
zn2206,20220218,20220218,133708500,13:37:08,25155,3084,16354,386890100,0,0,0
zn2206,20220218,20220218,133709000,13:37:09,25155,3084,16354,386890100,0,0,0
zn2206,20220218,20220218,133712000,13:37:13,25155,3084,16354,386890100,0,0,0
zn2206,20220218,20220218,133712500,13:37:13,25155,3085,16355,387015875,1,1,125775
zn2206,20220218,20220218,133713000,13:37:14,25155,3085,16355,387015875,0,0,0
zn2206,20220218,20220218,133713500,13:37:14,25155,3085,16355,387015875,0,0,0
zn2206,20220218,20220218,133714000,13:37:14,25155,3086,16354,387141650,1,-1,125775
zn2206,20220218,20220218,133714500,13:37:15,25155,3086,16354,387141650,0,0,0
zn2206,20220218,20220218,133715000,13:37:15,25155,3086,16354,387141650,0,0,0
zn2206,20220218,20220218,133715500,13:37:16,25155,3086,16354,387141650,0,0,0
zn2206,20220218,20220218,133717000,13:37:18,25155,3086,16354,387141650,0,0,0
zn2206,20220218,20220218,133718500,13:37:19,25155,3086,16354,387141650,0,0,0
zn2206,20220218,20220218,133719000,13:37:19,25155,3086,16354,387141650,0,0,0
zn2206,20220218,20220218,133719500,13:37:20,25155,3086,16354,387141650,0,0,0
zn2206,20220218,20220218,133720000,13:37:21,25155,3086,16354,387141650,0,0,0
zn2206,20220218,20220218,133720500,13:37:21,25155,3086,16354,387141650,0,0,0
zn2206,20220218,20220218,133721000,13:37:21,25155,3086,16354,387141650,0,0,0
zn2206,20220218,20220218,133722000,13:37:22,25155,3086,16354,387141650,0,0,0
zn2206,20220218,20220218,133725000,13:37:25,25155,3086,16354,387141650,0,0,0
zn2206,20220218,20220218,133725500,13:37:26,25155,3086,16354,387141650,0,0,0
zn2206,20220218,20220218,133727000,13:37:27,25155,3086,16354,387141650,0,0,0
zn2206,20220218,20220218,133727500,13:37:27,25155,3086,16354,387141650,0,0,0
zn2206,20220218,20220218,133731000,13:37:31,25155,3086,16354,387141650,0,0,0
zn2206,20220218,20220218,133731500,13:37:31,25155,3086,16354,387141650,0,0,0
zn2206,20220218,20220218,133736500,13:37:37,25155,3086,16354,387141650,0,0,0
zn2206,20220218,20220218,133737000,13:37:37,25155,3086,16354,387141650,0,0,0
zn2206,20220218,20220218,133748000,13:37:48,25155,3086,16354,387141650,0,0,0
zn2206,20220218,20220218,133748500,13:37:49,25145,3087,16355,387267375,1,1,125725
zn2206,20220218,20220218,133749500,13:37:49,25145,3087,16355,387267375,0,0,0
zn2206,20220218,20220218,133750000,13:37:50,25145,3087,16355,387267375,0,0,0
zn2206,20220218,20220218,133752000,13:37:53,25145,3087,16355,387267375,0,0,0
zn2206,20220218,20220218,133752500,13:37:54,25145,3087,16355,387267375,0,0,0
zn2206,20220218,20220218,133753000,13:37:54,25145,3087,16355,387267375,0,0,0
zn2206,20220218,20220218,133753500,13:37:55,25145,3087,16355,387267375,0,0,0
zn2206,20220218,20220218,133754000,13:37:55,25145,3087,16355,387267375,0,0,0
zn2206,20220218,20220218,133754500,13:37:55,25145,3087,16355,387267375,0,0,0
zn2206,20220218,20220218,133755000,13:37:55,25145,3087,16355,387267375,0,0,0
zn2206,20220218,20220218,133755500,13:37:55,25145,3087,16355,387267375,0,0,0
zn2206,20220218,20220218,133756500,13:37:57,25145,3087,16355,387267375,0,0,0
zn2206,20220218,20220218,133757000,13:37:57,25145,3087,16355,387267375,0,0,0
zn2206,20220218,20220218,133757500,13:37:58,25145,3087,16355,387267375,0,0,0
zn2206,20220218,20220218,133758500,13:37:59,25145,3087,16355,387267375,0,0,0
zn2206,20220218,20220218,133800000,13:38:02,25145,3087,16355,387267375,0,0,0
zn2206,20220218,20220218,133802000,13:38:05,25145,3087,16355,387267375,0,0,0
zn2206,20220218,20220218,133803000,13:38:06,25145,3087,16355,387267375,0,0,0
zn2206,20220218,20220218,133805000,13:38:07,25145,3087,16355,387267375,0,0,0
zn2206,20220218,20220218,133806000,13:38:09,25145,3087,16355,387267375,0,0,0
zn2206,20220218,20220218,133806500,13:38:09,25145,3087,16355,387267375,0,0,0
zn2206,20220218,20220218,133809000,13:38:09,25145,3087,16355,387267375,0,0,0
zn2206,20220218,20220218,133809500,13:38:10,25145,3087,16355,387267375,0,0,0
zn2206,20220218,20220218,133810000,13:38:10,25145,3087,16355,387267375,0,0,0
zn2206,20220218,20220218,133811000,13:38:13,25145,3087,16355,387267375,0,0,0
zn2206,20220218,20220218,133812000,13:38:14,25145,3087,16355,387267375,0,0,0
zn2206,20220218,20220218,133812500,13:38:14,25145,3087,16355,387267375,0,0,0
zn2206,20220218,20220218,133813500,13:38:15,25145,3087,16355,387267375,0,0,0
zn2206,20220218,20220218,133814000,13:38:17,25150,3090,16355,387644625,3,0,377250
zn2206,20220218,20220218,133814500,13:38:17,25150,3090,16355,387644625,0,0,0
zn2206,20220218,20220218,133815000,13:38:17,25150,3090,16355,387644625,0,0,0
zn2206,20220218,20220218,133817000,13:38:18,25150,3090,16355,387644625,0,0,0
zn2206,20220218,20220218,133817500,13:38:18,25150,3090,16355,387644625,0,0,0
zn2206,20220218,20220218,133818000,13:38:18,25150,3090,16355,387644625,0,0,0
zn2206,20220218,20220218,133818500,13:38:19,25150,3090,16355,387644625,0,0,0
zn2206,20220218,20220218,133820000,13:38:22,25150,3090,16355,387644625,0,0,0
zn2206,20220218,20220218,133820500,13:38:22,25160,3092,16357,387896225,2,2,251600
zn2206,20220218,20220218,133821000,13:38:22,25160,3093,16358,388022025,1,1,125800
zn2206,20220218,20220218,133822500,13:38:23,25160,3093,16358,388022025,0,0,0
zn2206,20220218,20220218,133823000,13:38:24,25160,3094,16357,388147825,1,-1,125800
zn2206,20220218,20220218,133823500,13:38:24,25155,3096,16356,388399375,2,-1,251550
zn2206,20220218,20220218,133824000,13:38:25,25155,3097,16356,388525150,1,0,125775
zn2206,20220218,20220218,133824500,13:38:40,25155,3097,16356,388525150,0,0,0
zn2206,20220218,20220218,133825000,13:38:41,25155,3097,16356,388525150,0,0,0
zn2206,20220218,20220218,133825500,13:38:41,25155,3097,16356,388525150,0,0,0
zn2206,20220218,20220218,133838500,13:38:43,25155,3097,16356,388525150,0,0,0
zn2206,20220218,20220218,133849500,13:38:49,25155,3097,16356,388525150,0,0,0
zn2206,20220218,20220218,133851000,13:38:51,25155,3097,16356,388525150,0,0,0
zn2206,20220218,20220218,133853000,13:38:53,25155,3106,16364,389657125,9,8,1131975
zn2206,20220218,20220218,133855000,13:38:55,25155,3106,16364,389657125,0,0,0
zn2206,20220218,20220218,133858000,13:38:58,25155,3106,16364,389657125,0,0,0
zn2206,20220218,20220218,133901500,13:39:01,25155,3106,16364,389657125,0,0,0
zn2206,20220218,20220218,133902000,13:39:02,25155,3106,16364,389657125,0,0,0
zn2206,20220218,20220218,133903500,13:39:03,25155,3106,16364,389657125,0,0,0
zn2206,20220218,20220218,133914000,13:39:15,25155,3106,16364,389657125,0,0,0
zn2206,20220218,20220218,133914500,13:39:16,25155,3106,16364,389657125,0,0,0
zn2206,20220218,20220218,133915500,13:39:19,25155,3106,16364,389657125,0,0,0
zn2206,20220218,20220218,133920500,13:39:20,25155,3106,16364,389657125,0,0,0
zn2206,20220218,20220218,133922000,13:39:22,25155,3106,16364,389657125,0,0,0
zn2206,20220218,20220218,133928500,13:39:28,25155,3106,16364,389657125,0,0,0
zn2206,20220218,20220218,133937500,13:39:37,25155,3106,16364,389657125,0,0,0
zn2206,20220218,20220218,133939000,13:39:39,25150,3107,16363,389782875,1,-1,125750
zn2206,20220218,20220218,133940000,13:39:40,25150,3107,16363,389782875,0,0,0
zn2206,20220218,20220218,133940500,13:39:41,25150,3107,16363,389782875,0,0,0
zn2206,20220218,20220218,133943000,13:39:43,25150,3107,16363,389782875,0,0,0
zn2206,20220218,20220218,133945500,13:39:46,25150,3107,16363,389782875,0,0,0
zn2206,20220218,20220218,133946000,13:39:47,25150,3108,16363,389908625,1,0,125750
zn2206,20220218,20220218,133948000,13:39:48,25150,3108,16363,389908625,0,0,0
zn2206,20220218,20220218,133949500,13:39:50,25150,3108,16363,389908625,0,0,0
zn2206,20220218,20220218,133953000,13:39:54,25150,3108,16363,389908625,0,0,0
zn2206,20220218,20220218,133954000,13:39:55,25150,3108,16363,389908625,0,0,0
zn2206,20220218,20220218,133954500,13:39:55,25150,3108,16363,389908625,0,0,0
zn2206,20220218,20220218,133955000,13:39:55,25150,3108,16363,389908625,0,0,0
zn2206,20220218,20220218,133955500,13:39:55,25150,3108,16363,389908625,0,0,0
zn2206,20220218,20220218,133956000,13:39:56,25150,3108,16363,389908625,0,0,0
zn2206,20220218,20220218,133956500,13:39:57,25150,3108,16363,389908625,0,0,0
zn2206,20220218,20220218,133957000,13:39:59,25150,3108,16363,389908625,0,0,0
zn2206,20220218,20220218,133957500,13:40:13,25150,3108,16363,389908625,0,0,0
zn2206,20220218,20220218,134012500,13:40:13,25150,3108,16363,389908625,0,0,0
zn2206,20220218,20220218,134013000,13:40:13,25150,3108,16363,389908625,0,0,0
zn2206,20220218,20220218,134016500,13:40:17,25150,3108,16363,389908625,0,0,0
zn2206,20220218,20220218,134017000,13:40:17,25150,3108,16363,389908625,0,0,0
zn2206,20220218,20220218,134018000,13:40:19,25150,3108,16363,389908625,0,0,0
zn2206,20220218,20220218,134018500,13:40:19,25150,3108,16363,389908625,0,0,0
zn2206,20220218,20220218,134019000,13:40:19,25150,3108,16363,389908625,0,0,0
zn2206,20220218,20220218,134019500,13:40:20,25150,3108,16363,389908625,0,0,0
zn2206,20220218,20220218,134020500,13:40:21,25150,3108,16363,389908625,0,0,0
zn2206,20220218,20220218,134021000,13:40:22,25150,3108,16363,389908625,0,0,0
zn2206,20220218,20220218,134023000,13:40:23,25150,3108,16363,389908625,0,0,0
zn2206,20220218,20220218,134023500,13:40:24,25155,3112,16361,390411700,4,-2,503075
zn2206,20220218,20220218,134024000,13:40:24,25155,3112,16361,390411700,0,0,0
zn2206,20220218,20220218,134024500,13:40:25,25155,3112,16361,390411700,0,0,0
zn2206,20220218,20220218,134025000,13:40:25,25155,3112,16361,390411700,0,0,0
zn2206,20220218,20220218,134026000,13:40:26,25155,3113,16360,390537475,1,-1,125775
zn2206,20220218,20220218,134026500,13:40:27,25155,3113,16360,390537475,0,0,0
zn2206,20220218,20220218,134027000,13:40:27,25150,3116,16360,390914725,3,0,377250
zn2206,20220218,20220218,134027500,13:40:27,25150,3116,16360,390914725,0,0,0
zn2206,20220218,20220218,134028000,13:40:28,25150,3116,16360,390914725,0,0,0
zn2206,20220218,20220218,134028500,13:40:30,25150,3116,16360,390914725,0,0,0
zn2206,20220218,20220218,134029000,13:40:30,25150,3116,16360,390914725,0,0,0
zn2206,20220218,20220218,134029500,13:40:30,25150,3116,16360,390914725,0,0,0
zn2206,20220218,20220218,134030000,13:40:30,25150,3116,16360,390914725,0,0,0
zn2206,20220218,20220218,134030500,13:40:31,25150,3116,16360,390914725,0,0,0
zn2206,20220218,20220218,134031000,13:40:31,25150,3116,16360,390914725,0,0,0
zn2206,20220218,20220218,134031500,13:40:32,25150,3116,16360,390914725,0,0,0
zn2206,20220218,20220218,134032000,13:40:32,25150,3116,16360,390914725,0,0,0
zn2206,20220218,20220218,134032500,13:40:32,25150,3116,16360,390914725,0,0,0
zn2206,20220218,20220218,134033000,13:40:34,25150,3116,16360,390914725,0,0,0
zn2206,20220218,20220218,134035500,13:40:36,25150,3116,16360,390914725,0,0,0
zn2206,20220218,20220218,134037000,13:40:37,25150,3116,16360,390914725,0,0,0
zn2206,20220218,20220218,134037500,13:40:37,25150,3116,16360,390914725,0,0,0
zn2206,20220218,20220218,134042500,13:40:42,25150,3116,16360,390914725,0,0,0
zn2206,20220218,20220218,134043500,13:40:44,25150,3116,16360,390914725,0,0,0
zn2206,20220218,20220218,134046000,13:40:46,25150,3116,16360,390914725,0,0,0
zn2206,20220218,20220218,134046500,13:40:46,25150,3116,16360,390914725,0,0,0
zn2206,20220218,20220218,134048500,13:40:48,25150,3116,16360,390914725,0,0,0
zn2206,20220218,20220218,134050500,13:40:50,25150,3116,16360,390914725,0,0,0
zn2206,20220218,20220218,134051000,13:40:55,25150,3116,16360,390914725,0,0,0
zn2206,20220218,20220218,134054000,13:40:57,25150,3116,16360,390914725,0,0,0
zn2206,20220218,20220218,134058000,13:40:58,25150,3116,16360,390914725,0,0,0
zn2206,20220218,20220218,134058500,13:40:59,25150,3116,16360,390914725,0,0,0
zn2206,20220218,20220218,134059000,13:40:59,25150,3116,16360,390914725,0,0,0
zn2206,20220218,20220218,134059500,13:41:00,25155,3117,16361,391040500,1,1,125775
zn2206,20220218,20220218,134100000,13:41:00,25155,3117,16361,391040500,0,0,0
zn2206,20220218,20220218,134102500,13:41:02,25155,3117,16361,391040500,0,0,0
zn2206,20220218,20220218,134103000,13:41:05,25155,3117,16361,391040500,0,0,0
zn2206,20220218,20220218,134104500,13:41:06,25155,3117,16361,391040500,0,0,0
zn2206,20220218,20220218,134105000,13:41:06,25155,3117,16361,391040500,0,0,0
zn2206,20220218,20220218,134106000,13:41:07,25155,3117,16361,391040500,0,0,0
zn2206,20220218,20220218,134107500,13:41:09,25155,3117,16361,391040500,0,0,0
zn2206,20220218,20220218,134108000,13:41:09,25155,3117,16361,391040500,0,0,0
zn2206,20220218,20220218,134109000,13:41:10,25155,3117,16361,391040500,0,0,0
zn2206,20220218,20220218,134111000,13:41:11,25155,3117,16361,391040500,0,0,0
zn2206,20220218,20220218,134111500,13:41:11,25155,3117,16361,391040500,0,0,0
zn2206,20220218,20220218,134112000,13:41:12,25155,3117,16361,391040500,0,0,0
zn2206,20220218,20220218,134113500,13:41:13,25155,3117,16361,391040500,0,0,0
zn2206,20220218,20220218,134114000,13:41:14,25155,3128,16368,392424025,11,7,1383525
zn2206,20220218,20220218,134114500,13:41:16,25155,3128,16368,392424025,0,0,0
zn2206,20220218,20220218,134115000,13:41:16,25155,3128,16368,392424025,0,0,0
zn2206,20220218,20220218,134115500,13:41:16,25155,3128,16368,392424025,0,0,0
zn2206,20220218,20220218,134116000,13:41:17,25145,3129,16368,392549750,1,0,125725
zn2206,20220218,20220218,134116500,13:41:17,25145,3129,16368,392549750,0,0,0
zn2206,20220218,20220218,134117500,13:41:19,25145,3129,16368,392549750,0,0,0
zn2206,20220218,20220218,134122500,13:41:24,25145,3129,16368,392549750,0,0,0
zn2206,20220218,20220218,134124000,13:41:26,25145,3129,16368,392549750,0,0,0
zn2206,20220218,20220218,134124500,13:41:26,25145,3129,16368,392549750,0,0,0
zn2206,20220218,20220218,134125000,13:41:27,25145,3129,16368,392549750,0,0,0
zn2206,20220218,20220218,134125500,13:41:27,25145,3129,16368,392549750,0,0,0
zn2206,20220218,20220218,134127000,13:41:27,25145,3129,16368,392549750,0,0,0
zn2206,20220218,20220218,134127500,13:41:27,25145,3129,16368,392549750,0,0,0
zn2206,20220218,20220218,134128000,13:41:28,25155,3131,16368,392801300,2,0,251550
zn2206,20220218,20220218,134128500,13:41:28,25155,3131,16368,392801300,0,0,0
zn2206,20220218,20220218,134129000,13:41:29,25155,3134,16371,393178625,3,3,377325
zn2206,20220218,20220218,134129500,13:41:30,25155,3134,16371,393178625,0,0,0
zn2206,20220218,20220218,134134500,13:41:34,25155,3134,16371,393178625,0,0,0
zn2206,20220218,20220218,134135000,13:41:35,25155,3136,16373,393430175,2,2,251550
zn2206,20220218,20220218,134149000,13:41:50,25155,3136,16373,393430175,0,0,0
zn2206,20220218,20220218,134200000,13:42:11,25155,3136,16373,393430175,0,0,0
zn2206,20220218,20220218,134210000,13:42:12,25155,3136,16373,393430175,0,0,0
zn2206,20220218,20220218,134211000,13:42:12,25155,3136,16373,393430175,0,0,0
zn2206,20220218,20220218,134213000,13:42:13,25155,3136,16373,393430175,0,0,0
zn2206,20220218,20220218,134213500,13:42:14,25155,3136,16373,393430175,0,0,0
zn2206,20220218,20220218,134214000,13:42:14,25155,3136,16373,393430175,0,0,0
zn2206,20220218,20220218,134218500,13:42:20,25155,3136,16373,393430175,0,0,0
zn2206,20220218,20220218,134223500,13:42:24,25155,3136,16373,393430175,0,0,0
zn2206,20220218,20220218,134224000,13:42:24,25155,3136,16373,393430175,0,0,0
zn2206,20220218,20220218,134224500,13:42:25,25155,3136,16373,393430175,0,0,0
zn2206,20220218,20220218,134225500,13:42:25,25155,3136,16373,393430175,0,0,0
zn2206,20220218,20220218,134226000,13:42:27,25155,3136,16373,393430175,0,0,0
zn2206,20220218,20220218,134226500,13:42:28,25155,3136,16373,393430175,0,0,0
zn2206,20220218,20220218,134256500,13:42:57,25155,3136,16373,393430175,0,0,0
zn2206,20220218,20220218,134257000,13:42:59,25155,3136,16373,393430175,0,0,0
zn2206,20220218,20220218,134300000,13:43:01,25160,3145,16378,394562275,9,5,1132100
zn2206,20220218,20220218,134300500,13:43:02,25160,3147,16380,394813875,2,2,251600
zn2206,20220218,20220218,134301000,13:43:02,25160,3147,16380,394813875,0,0,0
zn2206,20220218,20220218,134301500,13:43:02,25155,3149,16382,395065425,2,2,251550
zn2206,20220218,20220218,134302000,13:43:02,25155,3149,16382,395065425,0,0,0
zn2206,20220218,20220218,134302500,13:43:03,25155,3149,16382,395065425,0,0,0
zn2206,20220218,20220218,134303000,13:43:05,25155,3149,16382,395065425,0,0,0
zn2206,20220218,20220218,134303500,13:43:11,25155,3149,16382,395065425,0,0,0
zn2206,20220218,20220218,134305000,13:43:12,25155,3149,16382,395065425,0,0,0
zn2206,20220218,20220218,134309000,13:43:13,25155,3149,16382,395065425,0,0,0
zn2206,20220218,20220218,134311000,13:43:14,25155,3149,16382,395065425,0,0,0
zn2206,20220218,20220218,134311500,13:43:14,25155,3149,16382,395065425,0,0,0
zn2206,20220218,20220218,134312500,13:43:14,25155,3149,16382,395065425,0,0,0
zn2206,20220218,20220218,134313000,13:43:14,25155,3149,16382,395065425,0,0,0
zn2206,20220218,20220218,134314000,13:43:14,25155,3149,16382,395065425,0,0,0
zn2206,20220218,20220218,134314500,13:43:15,25155,3149,16382,395065425,0,0,0
zn2206,20220218,20220218,134315000,13:43:15,25155,3149,16382,395065425,0,0,0
zn2206,20220218,20220218,134315500,13:43:15,25155,3149,16382,395065425,0,0,0
zn2206,20220218,20220218,134316000,13:43:16,25155,3149,16382,395065425,0,0,0
zn2206,20220218,20220218,134316500,13:43:17,25155,3149,16382,395065425,0,0,0
zn2206,20220218,20220218,134317000,13:43:17,25155,3149,16382,395065425,0,0,0
zn2206,20220218,20220218,134317500,13:43:18,25155,3149,16382,395065425,0,0,0
zn2206,20220218,20220218,134318000,13:43:18,25155,3149,16382,395065425,0,0,0
zn2206,20220218,20220218,134318500,13:43:18,25155,3149,16382,395065425,0,0,0
zn2206,20220218,20220218,134319000,13:43:19,25155,3149,16382,395065425,0,0,0
zn2206,20220218,20220218,134319500,13:43:19,25155,3149,16382,395065425,0,0,0
zn2206,20220218,20220218,134321000,13:43:21,25155,3149,16382,395065425,0,0,0
zn2206,20220218,20220218,134324500,13:43:24,25155,3149,16382,395065425,0,0,0
zn2206,20220218,20220218,134325000,13:43:25,25155,3149,16382,395065425,0,0,0
zn2206,20220218,20220218,134325500,13:43:26,25155,3149,16382,395065425,0,0,0
zn2206,20220218,20220218,134326000,13:43:26,25155,3149,16382,395065425,0,0,0
zn2206,20220218,20220218,134326500,13:43:27,25155,3149,16382,395065425,0,0,0
zn2206,20220218,20220218,134327000,13:43:27,25155,3149,16382,395065425,0,0,0
zn2206,20220218,20220218,134328000,13:43:29,25155,3149,16382,395065425,0,0,0
zn2206,20220218,20220218,134329000,13:43:29,25155,3149,16382,395065425,0,0,0
zn2206,20220218,20220218,134332500,13:43:32,25155,3149,16382,395065425,0,0,0
zn2206,20220218,20220218,134338500,13:43:39,25155,3149,16382,395065425,0,0,0
zn2206,20220218,20220218,134340000,13:43:57,25155,3149,16382,395065425,0,0,0
zn2206,20220218,20220218,134352000,13:44:04,25155,3149,16382,395065425,0,0,0
zn2206,20220218,20220218,134401500,13:44:04,25155,3149,16382,395065425,0,0,0
zn2206,20220218,20220218,134407500,13:44:08,25155,3149,16382,395065425,0,0,0
zn2206,20220218,20220218,134408000,13:44:08,25155,3149,16382,395065425,0,0,0
zn2206,20220218,20220218,134408500,13:44:09,25155,3149,16382,395065425,0,0,0
zn2206,20220218,20220218,134413000,13:44:18,25155,3149,16382,395065425,0,0,0
zn2206,20220218,20220218,134426000,13:44:26,25155,3149,16382,395065425,0,0,0
zn2206,20220218,20220218,134426500,13:44:26,25155,3149,16382,395065425,0,0,0
zn2206,20220218,20220218,134427500,13:44:28,25155,3149,16382,395065425,0,0,0
zn2206,20220218,20220218,134428000,13:44:29,25155,3149,16382,395065425,0,0,0
zn2206,20220218,20220218,134429500,13:44:37,25155,3149,16382,395065425,0,0,0
zn2206,20220218,20220218,134436000,13:44:37,25155,3149,16382,395065425,0,0,0
zn2206,20220218,20220218,134440500,13:44:40,25155,3149,16382,395065425,0,0,0
zn2206,20220218,20220218,134441500,13:44:42,25155,3149,16382,395065425,0,0,0
zn2206,20220218,20220218,134443000,13:44:43,25155,3149,16382,395065425,0,0,0
zn2206,20220218,20220218,134443500,13:44:44,25155,3149,16382,395065425,0,0,0
zn2206,20220218,20220218,134445000,13:44:45,25155,3149,16382,395065425,0,0,0
zn2206,20220218,20220218,134446500,13:44:46,25155,3149,16382,395065425,0,0,0
zn2206,20220218,20220218,134450000,13:44:50,25155,3149,16382,395065425,0,0,0
zn2206,20220218,20220218,134450500,13:44:50,25155,3149,16382,395065425,0,0,0
zn2206,20220218,20220218,134454000,13:44:54,25155,3149,16382,395065425,0,0,0
zn2206,20220218,20220218,134455000,13:44:55,25155,3149,16382,395065425,0,0,0
zn2206,20220218,20220218,134456000,13:44:56,25155,3149,16382,395065425,0,0,0
zn2206,20220218,20220218,134502000,13:45:02,25155,3149,16382,395065425,0,0,0
zn2206,20220218,20220218,134507500,13:45:09,25155,3149,16382,395065425,0,0,0
zn2206,20220218,20220218,134511500,13:45:12,25155,3149,16382,395065425,0,0,0
zn2206,20220218,20220218,134512000,13:45:12,25155,3149,16382,395065425,0,0,0
zn2206,20220218,20220218,134512500,13:45:13,25155,3149,16382,395065425,0,0,0
zn2206,20220218,20220218,134513000,13:45:14,25155,3149,16382,395065425,0,0,0
zn2206,20220218,20220218,134513500,13:45:14,25155,3149,16382,395065425,0,0,0
zn2206,20220218,20220218,134514000,13:45:15,25155,3149,16382,395065425,0,0,0
zn2206,20220218,20220218,134515000,13:45:16,25155,3149,16382,395065425,0,0,0
zn2206,20220218,20220218,134515500,13:45:17,25155,3149,16382,395065425,0,0,0
zn2206,20220218,20220218,134516000,13:45:17,25155,3149,16382,395065425,0,0,0
zn2206,20220218,20220218,134516500,13:45:17,25155,3149,16382,395065425,0,0,0
zn2206,20220218,20220218,134517000,13:45:20,25155,3149,16382,395065425,0,0,0
zn2206,20220218,20220218,134517500,13:45:20,25155,3149,16382,395065425,0,0,0
zn2206,20220218,20220218,134518000,13:45:21,25145,3152,16380,395442600,3,-2,377175
zn2206,20220218,20220218,134520000,13:45:23,25145,3152,16380,395442600,0,0,0
zn2206,20220218,20220218,134523500,13:45:24,25145,3152,16380,395442600,0,0,0
zn2206,20220218,20220218,134525000,13:45:27,25145,3152,16380,395442600,0,0,0
zn2206,20220218,20220218,134525500,13:45:27,25145,3152,16380,395442600,0,0,0
zn2206,20220218,20220218,134526000,13:45:28,25145,3153,16379,395568325,1,-1,125725
zn2206,20220218,20220218,134526500,13:45:29,25145,3153,16379,395568325,0,0,0
zn2206,20220218,20220218,134528000,13:45:30,25145,3153,16379,395568325,0,0,0
zn2206,20220218,20220218,134529500,13:45:30,25145,3153,16379,395568325,0,0,0
zn2206,20220218,20220218,134530000,13:45:30,25145,3153,16379,395568325,0,0,0
zn2206,20220218,20220218,134530500,13:45:31,25145,3153,16379,395568325,0,0,0
zn2206,20220218,20220218,134535500,13:45:35,25145,3153,16379,395568325,0,0,0
zn2206,20220218,20220218,134537000,13:45:37,25145,3153,16379,395568325,0,0,0
zn2206,20220218,20220218,134540000,13:45:40,25145,3153,16379,395568325,0,0,0
zn2206,20220218,20220218,134542000,13:45:45,25145,3153,16379,395568325,0,0,0
zn2206,20220218,20220218,134545000,13:45:46,25145,3153,16379,395568325,0,0,0
zn2206,20220218,20220218,134546500,13:45:47,25145,3153,16379,395568325,0,0,0
zn2206,20220218,20220218,134547500,13:45:47,25145,3153,16379,395568325,0,0,0
zn2206,20220218,20220218,134549000,13:45:49,25145,3153,16379,395568325,0,0,0
zn2206,20220218,20220218,134553500,13:45:54,25150,3154,16379,395694075,1,0,125750
zn2206,20220218,20220218,134554000,13:45:54,25150,3154,16379,395694075,0,0,0
zn2206,20220218,20220218,134602000,13:46:02,25150,3154,16379,395694075,0,0,0
zn2206,20220218,20220218,134606500,13:46:07,25150,3154,16379,395694075,0,0,0
zn2206,20220218,20220218,134607500,13:46:07,25155,3155,16378,395819850,1,-1,125775
zn2206,20220218,20220218,134608000,13:46:09,25155,3155,16378,395819850,0,0,0
zn2206,20220218,20220218,134609000,13:46:09,25155,3155,16378,395819850,0,0,0
zn2206,20220218,20220218,134609500,13:46:10,25155,3155,16378,395819850,0,0,0
zn2206,20220218,20220218,134610000,13:46:11,25155,3155,16378,395819850,0,0,0
zn2206,20220218,20220218,134612000,13:46:13,25155,3155,16378,395819850,0,0,0
zn2206,20220218,20220218,134612500,13:46:13,25155,3155,16378,395819850,0,0,0
zn2206,20220218,20220218,134615500,13:46:17,25155,3155,16378,395819850,0,0,0
zn2206,20220218,20220218,134618000,13:46:18,25155,3155,16378,395819850,0,0,0
zn2206,20220218,20220218,134620000,13:46:20,25155,3155,16378,395819850,0,0,0
zn2206,20220218,20220218,134631000,13:46:31,25155,3155,16378,395819850,0,0,0
zn2206,20220218,20220218,134632000,13:46:32,25155,3155,16378,395819850,0,0,0
zn2206,20220218,20220218,134633000,13:46:33,25155,3155,16378,395819850,0,0,0
zn2206,20220218,20220218,134635000,13:46:35,25155,3155,16378,395819850,0,0,0
zn2206,20220218,20220218,134635500,13:46:36,25155,3155,16378,395819850,0,0,0
zn2206,20220218,20220218,134636000,13:46:37,25155,3155,16378,395819850,0,0,0
zn2206,20220218,20220218,134636500,13:46:37,25155,3155,16378,395819850,0,0,0
zn2206,20220218,20220218,134648000,13:46:48,25155,3155,16378,395819850,0,0,0
zn2206,20220218,20220218,134648500,13:46:48,25155,3155,16378,395819850,0,0,0
zn2206,20220218,20220218,134652000,13:46:52,25155,3155,16378,395819850,0,0,0
zn2206,20220218,20220218,134652500,13:46:53,25155,3155,16378,395819850,0,0,0
zn2206,20220218,20220218,134653000,13:46:54,25155,3155,16378,395819850,0,0,0
zn2206,20220218,20220218,134653500,13:46:54,25155,3155,16378,395819850,0,0,0
zn2206,20220218,20220218,134655000,13:46:55,25155,3155,16378,395819850,0,0,0
zn2206,20220218,20220218,134656000,13:46:56,25155,3155,16378,395819850,0,0,0
zn2206,20220218,20220218,134701000,13:47:01,25155,3155,16378,395819850,0,0,0
zn2206,20220218,20220218,134701500,13:47:02,25150,3156,16378,395945600,1,0,125750
zn2206,20220218,20220218,134702000,13:47:02,25150,3156,16378,395945600,0,0,0
zn2206,20220218,20220218,134703000,13:47:03,25150,3156,16378,395945600,0,0,0
zn2206,20220218,20220218,134703500,13:47:03,25150,3156,16378,395945600,0,0,0
zn2206,20220218,20220218,134704000,13:47:04,25150,3156,16378,395945600,0,0,0
zn2206,20220218,20220218,134704500,13:47:05,25150,3156,16378,395945600,0,0,0
zn2206,20220218,20220218,134705000,13:47:05,25150,3156,16378,395945600,0,0,0
zn2206,20220218,20220218,134705500,13:47:06,25150,3156,16378,395945600,0,0,0
zn2206,20220218,20220218,134706000,13:47:10,25150,3156,16378,395945600,0,0,0
zn2206,20220218,20220218,134707000,13:47:10,25155,3157,16379,396071375,1,1,125775
zn2206,20220218,20220218,134709500,13:47:11,25155,3157,16379,396071375,0,0,0
zn2206,20220218,20220218,134710000,13:47:11,25155,3157,16379,396071375,0,0,0
zn2206,20220218,20220218,134710500,13:47:13,25155,3157,16379,396071375,0,0,0
zn2206,20220218,20220218,134716500,13:47:17,25155,3157,16379,396071375,0,0,0
zn2206,20220218,20220218,134717000,13:47:17,25155,3157,16379,396071375,0,0,0
zn2206,20220218,20220218,134719500,13:47:19,25155,3157,16379,396071375,0,0,0
zn2206,20220218,20220218,134725000,13:47:27,25155,3157,16379,396071375,0,0,0
zn2206,20220218,20220218,134730500,13:47:30,25155,3157,16379,396071375,0,0,0
zn2206,20220218,20220218,134731000,13:47:31,25155,3157,16379,396071375,0,0,0
zn2206,20220218,20220218,134733000,13:47:34,25155,3157,16379,396071375,0,0,0
zn2206,20220218,20220218,134733500,13:47:34,25155,3157,16379,396071375,0,0,0
zn2206,20220218,20220218,134734500,13:47:36,25155,3157,16379,396071375,0,0,0
zn2206,20220218,20220218,134740500,13:47:40,25155,3157,16379,396071375,0,0,0
zn2206,20220218,20220218,134745000,13:47:45,25155,3157,16379,396071375,0,0,0
zn2206,20220218,20220218,134745500,13:47:46,25155,3157,16379,396071375,0,0,0
zn2206,20220218,20220218,134746500,13:47:47,25155,3157,16379,396071375,0,0,0
zn2206,20220218,20220218,134747500,13:47:47,25155,3157,16379,396071375,0,0,0
zn2206,20220218,20220218,134748000,13:47:48,25155,3157,16379,396071375,0,0,0
zn2206,20220218,20220218,134749000,13:47:50,25155,3157,16379,396071375,0,0,0
zn2206,20220218,20220218,134749500,13:47:50,25155,3157,16379,396071375,0,0,0
zn2206,20220218,20220218,134750500,13:47:50,25155,3157,16379,396071375,0,0,0
zn2206,20220218,20220218,134751500,13:47:51,25155,3157,16379,396071375,0,0,0
zn2206,20220218,20220218,134755000,13:47:55,25155,3157,16379,396071375,0,0,0
zn2206,20220218,20220218,134756000,13:47:56,25155,3157,16379,396071375,0,0,0
zn2206,20220218,20220218,134757000,13:47:57,25145,3160,16378,396448650,3,-1,377275
zn2206,20220218,20220218,134758000,13:47:58,25145,3160,16378,396448650,0,0,0
zn2206,20220218,20220218,134759500,13:48:00,25145,3160,16378,396448650,0,0,0
zn2206,20220218,20220218,134800500,13:48:00,25145,3160,16378,396448650,0,0,0
zn2206,20220218,20220218,134817000,13:48:18,25145,3160,16378,396448650,0,0,0
zn2206,20220218,20220218,134817500,13:48:19,25145,3160,16378,396448650,0,0,0
zn2206,20220218,20220218,134818000,13:48:19,25150,3163,16378,396825900,3,0,377250
zn2206,20220218,20220218,134818500,13:48:20,25150,3163,16378,396825900,0,0,0
zn2206,20220218,20220218,134819500,13:48:20,25150,3163,16378,396825900,0,0,0
zn2206,20220218,20220218,134820000,13:48:22,25150,3163,16378,396825900,0,0,0
zn2206,20220218,20220218,134823500,13:48:24,25150,3163,16378,396825900,0,0,0
zn2206,20220218,20220218,134824000,13:48:24,25150,3163,16378,396825900,0,0,0
zn2206,20220218,20220218,134825000,13:48:26,25150,3163,16378,396825900,0,0,0
zn2206,20220218,20220218,134825500,13:48:27,25150,3163,16378,396825900,0,0,0
zn2206,20220218,20220218,134826000,13:48:27,25150,3163,16378,396825900,0,0,0
zn2206,20220218,20220218,134826500,13:48:27,25150,3163,16378,396825900,0,0,0
zn2206,20220218,20220218,134827000,13:48:28,25150,3163,16378,396825900,0,0,0
zn2206,20220218,20220218,134832000,13:48:32,25150,3163,16378,396825900,0,0,0
zn2206,20220218,20220218,134832500,13:48:32,25150,3163,16378,396825900,0,0,0
zn2206,20220218,20220218,134834000,13:48:36,25150,3163,16378,396825900,0,0,0
zn2206,20220218,20220218,134837000,13:48:37,25150,3163,16378,396825900,0,0,0
zn2206,20220218,20220218,134838500,13:48:38,25150,3163,16378,396825900,0,0,0
zn2206,20220218,20220218,134839000,13:48:39,25155,3167,16379,397329000,4,1,503100
zn2206,20220218,20220218,134841500,13:48:42,25155,3167,16379,397329000,0,0,0
zn2206,20220218,20220218,134842500,13:48:42,25155,3167,16379,397329000,0,0,0
zn2206,20220218,20220218,134851500,13:48:51,25155,3167,16379,397329000,0,0,0
zn2206,20220218,20220218,134852000,13:48:52,25155,3167,16379,397329000,0,0,0
zn2206,20220218,20220218,134852500,13:48:52,25155,3167,16379,397329000,0,0,0
zn2206,20220218,20220218,134855000,13:48:56,25155,3167,16379,397329000,0,0,0
zn2206,20220218,20220218,134855500,13:48:56,25155,3167,16379,397329000,0,0,0
zn2206,20220218,20220218,134857000,13:48:57,25155,3167,16379,397329000,0,0,0
zn2206,20220218,20220218,134857500,13:48:57,25150,3168,16378,397454750,1,-1,125750
zn2206,20220218,20220218,134858000,13:48:58,25150,3168,16378,397454750,0,0,0
zn2206,20220218,20220218,134858500,13:48:59,25150,3168,16378,397454750,0,0,0
zn2206,20220218,20220218,134859000,13:48:59,25150,3168,16378,397454750,0,0,0
zn2206,20220218,20220218,134859500,13:49:00,25150,3168,16378,397454750,0,0,0
zn2206,20220218,20220218,134901500,13:49:02,25150,3168,16378,397454750,0,0,0
zn2206,20220218,20220218,134903000,13:49:03,25150,3168,16378,397454750,0,0,0
zn2206,20220218,20220218,134903500,13:49:04,25150,3170,16380,397706250,2,2,251500
zn2206,20220218,20220218,134904000,13:49:04,25150,3170,16380,397706250,0,0,0
zn2206,20220218,20220218,134904500,13:49:04,25150,3170,16380,397706250,0,0,0
zn2206,20220218,20220218,134905000,13:49:05,25150,3170,16380,397706250,0,0,0
zn2206,20220218,20220218,134909000,13:49:09,25150,3170,16380,397706250,0,0,0
zn2206,20220218,20220218,134909500,13:49:10,25150,3170,16380,397706250,0,0,0
zn2206,20220218,20220218,134925000,13:49:25,25150,3170,16380,397706250,0,0,0
zn2206,20220218,20220218,134932000,13:49:32,25150,3170,16380,397706250,0,0,0
zn2206,20220218,20220218,134933000,13:49:33,25150,3170,16380,397706250,0,0,0
zn2206,20220218,20220218,134933500,13:49:34,25150,3170,16380,397706250,0,0,0
zn2206,20220218,20220218,134935000,13:49:35,25150,3170,16380,397706250,0,0,0
zn2206,20220218,20220218,134935500,13:49:36,25150,3170,16380,397706250,0,0,0
zn2206,20220218,20220218,134936500,13:49:36,25150,3170,16380,397706250,0,0,0
zn2206,20220218,20220218,134945500,13:49:46,25150,3170,16380,397706250,0,0,0
zn2206,20220218,20220218,134946000,13:49:46,25150,3170,16380,397706250,0,0,0
zn2206,20220218,20220218,134946500,13:49:46,25150,3170,16380,397706250,0,0,0
zn2206,20220218,20220218,134948000,13:49:48,25150,3170,16380,397706250,0,0,0
zn2206,20220218,20220218,134948500,13:49:48,25150,3170,16380,397706250,0,0,0
zn2206,20220218,20220218,134950000,13:49:50,25150,3170,16380,397706250,0,0,0
zn2206,20220218,20220218,134950500,13:49:50,25150,3170,16380,397706250,0,0,0
zn2206,20220218,20220218,134951000,13:49:51,25150,3170,16380,397706250,0,0,0
zn2206,20220218,20220218,134951500,13:49:52,25150,3170,16380,397706250,0,0,0
zn2206,20220218,20220218,134952000,13:49:52,25150,3170,16380,397706250,0,0,0
zn2206,20220218,20220218,134953500,13:49:55,25150,3170,16380,397706250,0,0,0
zn2206,20220218,20220218,134956000,13:49:56,25150,3170,16380,397706250,0,0,0
zn2206,20220218,20220218,134957000,13:49:57,25150,3170,16380,397706250,0,0,0
zn2206,20220218,20220218,135001000,13:50:01,25150,3170,16380,397706250,0,0,0
zn2206,20220218,20220218,135001500,13:50:02,25150,3170,16380,397706250,0,0,0
zn2206,20220218,20220218,135002000,13:50:02,25150,3170,16380,397706250,0,0,0
zn2206,20220218,20220218,135002500,13:50:03,25150,3170,16380,397706250,0,0,0
zn2206,20220218,20220218,135003000,13:50:03,25150,3170,16380,397706250,0,0,0
zn2206,20220218,20220218,135003500,13:50:03,25150,3170,16380,397706250,0,0,0
zn2206,20220218,20220218,135004500,13:50:05,25150,3170,16380,397706250,0,0,0
zn2206,20220218,20220218,135005000,13:50:05,25150,3170,16380,397706250,0,0,0
zn2206,20220218,20220218,135005500,13:50:06,25150,3170,16380,397706250,0,0,0
zn2206,20220218,20220218,135006000,13:50:06,25150,3170,16380,397706250,0,0,0
zn2206,20220218,20220218,135006500,13:50:07,25150,3170,16380,397706250,0,0,0
zn2206,20220218,20220218,135007500,13:50:09,25150,3170,16380,397706250,0,0,0
zn2206,20220218,20220218,135008000,13:50:10,25150,3170,16380,397706250,0,0,0
zn2206,20220218,20220218,135008500,13:50:25,25150,3170,16380,397706250,0,0,0
zn2206,20220218,20220218,135009000,13:50:26,25150,3170,16380,397706250,0,0,0
zn2206,20220218,20220218,135025500,13:50:27,25150,3170,16380,397706250,0,0,0
zn2206,20220218,20220218,135027000,13:50:35,25150,3170,16380,397706250,0,0,0
zn2206,20220218,20220218,135029500,13:50:37,25150,3170,16380,397706250,0,0,0
zn2206,20220218,20220218,135033000,13:50:37,25150,3170,16380,397706250,0,0,0
zn2206,20220218,20220218,135035000,13:50:37,25150,3170,16380,397706250,0,0,0
zn2206,20220218,20220218,135035500,13:50:38,25150,3170,16380,397706250,0,0,0
zn2206,20220218,20220218,135043500,13:50:44,25150,3170,16380,397706250,0,0,0
zn2206,20220218,20220218,135047500,13:50:48,25150,3170,16380,397706250,0,0,0
zn2206,20220218,20220218,135048000,13:50:48,25150,3170,16380,397706250,0,0,0
zn2206,20220218,20220218,135102500,13:51:02,25150,3170,16380,397706250,0,0,0
zn2206,20220218,20220218,135103000,13:51:03,25150,3170,16380,397706250,0,0,0
zn2206,20220218,20220218,135103500,13:51:04,25150,3170,16380,397706250,0,0,0
zn2206,20220218,20220218,135105500,13:51:06,25150,3170,16380,397706250,0,0,0
zn2206,20220218,20220218,135106000,13:51:06,25150,3170,16380,397706250,0,0,0
zn2206,20220218,20220218,135108000,13:51:21,25150,3170,16380,397706250,0,0,0
zn2206,20220218,20220218,135114000,13:51:21,25150,3170,16380,397706250,0,0,0
zn2206,20220218,20220218,135121000,13:51:21,25150,3170,16380,397706250,0,0,0
zn2206,20220218,20220218,135122000,13:51:22,25150,3170,16380,397706250,0,0,0
zn2206,20220218,20220218,135132000,13:51:32,25150,3171,16379,397832000,1,-1,125750
zn2206,20220218,20220218,135132500,13:51:33,25150,3171,16379,397832000,0,0,0
zn2206,20220218,20220218,135135500,13:51:35,25150,3171,16379,397832000,0,0,0
zn2206,20220218,20220218,135145500,13:51:45,25150,3171,16379,397832000,0,0,0
zn2206,20220218,20220218,135150000,13:51:50,25150,3171,16379,397832000,0,0,0
zn2206,20220218,20220218,135201000,13:52:01,25150,3171,16379,397832000,0,0,0
zn2206,20220218,20220218,135201500,13:52:03,25150,3177,16380,398586500,6,1,754500
zn2206,20220218,20220218,135202000,13:52:03,25150,3177,16380,398586500,0,0,0
zn2206,20220218,20220218,135202500,13:52:03,25150,3177,16380,398586500,0,0,0
zn2206,20220218,20220218,135203000,13:52:04,25150,3177,16380,398586500,0,0,0
zn2206,20220218,20220218,135203500,13:52:04,25150,3177,16380,398586500,0,0,0
zn2206,20220218,20220218,135205500,13:52:06,25140,3180,16378,398963600,3,-2,377100
zn2206,20220218,20220218,135206000,13:52:06,25140,3182,16379,399215000,2,1,251400
zn2206,20220218,20220218,135206500,13:52:08,25140,3182,16379,399215000,0,0,0
zn2206,20220218,20220218,135207000,13:52:09,25140,3182,16379,399215000,0,0,0
zn2206,20220218,20220218,135209000,13:52:11,25140,3182,16379,399215000,0,0,0
zn2206,20220218,20220218,135210500,13:52:11,25140,3182,16379,399215000,0,0,0
zn2206,20220218,20220218,135213000,13:52:13,25140,3182,16379,399215000,0,0,0
zn2206,20220218,20220218,135213500,13:52:13,25140,3182,16379,399215000,0,0,0
zn2206,20220218,20220218,135214000,13:52:14,25140,3182,16379,399215000,0,0,0
zn2206,20220218,20220218,135218000,13:52:19,25140,3182,16379,399215000,0,0,0
zn2206,20220218,20220218,135219000,13:52:23,25140,3182,16379,399215000,0,0,0
zn2206,20220218,20220218,135219500,13:52:24,25140,3182,16379,399215000,0,0,0
zn2206,20220218,20220218,135222000,13:52:24,25140,3182,16379,399215000,0,0,0
zn2206,20220218,20220218,135227000,13:52:27,25140,3182,16379,399215000,0,0,0
zn2206,20220218,20220218,135228000,13:52:28,25140,3182,16379,399215000,0,0,0
zn2206,20220218,20220218,135236000,13:52:37,25135,3186,16382,399717775,4,3,502775
zn2206,20220218,20220218,135236500,13:52:44,25135,3186,16382,399717775,0,0,0
zn2206,20220218,20220218,135237000,13:52:44,25135,3186,16382,399717775,0,0,0
zn2206,20220218,20220218,135244000,13:52:46,25135,3186,16382,399717775,0,0,0
zn2206,20220218,20220218,135247000,13:52:48,25135,3186,16382,399717775,0,0,0
zn2206,20220218,20220218,135249500,13:52:50,25135,3186,16382,399717775,0,0,0
zn2206,20220218,20220218,135250000,13:52:50,25135,3186,16382,399717775,0,0,0
zn2206,20220218,20220218,135259000,13:53:00,25140,3201,16393,401603175,15,11,1885400
zn2206,20220218,20220218,135259500,13:53:00,25140,3201,16393,401603175,0,0,0
zn2206,20220218,20220218,135300000,13:53:00,25140,3201,16393,401603175,0,0,0
zn2206,20220218,20220218,135301500,13:53:02,25140,3202,16393,401728875,1,0,125700
zn2206,20220218,20220218,135302000,13:53:02,25140,3202,16393,401728875,0,0,0
zn2206,20220218,20220218,135302500,13:53:03,25140,3202,16393,401728875,0,0,0
zn2206,20220218,20220218,135303000,13:53:04,25140,3202,16393,401728875,0,0,0
zn2206,20220218,20220218,135305500,13:53:08,25140,3202,16393,401728875,0,0,0
zn2206,20220218,20220218,135308500,13:53:09,25140,3202,16393,401728875,0,0,0
zn2206,20220218,20220218,135311500,13:53:12,25140,3202,16393,401728875,0,0,0
zn2206,20220218,20220218,135314000,13:53:14,25140,3202,16393,401728875,0,0,0
zn2206,20220218,20220218,135314500,13:53:15,25140,3202,16393,401728875,0,0,0
zn2206,20220218,20220218,135315000,13:53:15,25140,3202,16393,401728875,0,0,0
zn2206,20220218,20220218,135315500,13:53:16,25140,3202,16393,401728875,0,0,0
zn2206,20220218,20220218,135316000,13:53:16,25140,3202,16393,401728875,0,0,0
zn2206,20220218,20220218,135316500,13:53:20,25140,3202,16393,401728875,0,0,0
zn2206,20220218,20220218,135317500,13:53:20,25140,3202,16393,401728875,0,0,0
zn2206,20220218,20220218,135319000,13:53:20,25140,3202,16393,401728875,0,0,0
zn2206,20220218,20220218,135320000,13:53:20,25140,3202,16393,401728875,0,0,0
zn2206,20220218,20220218,135320500,13:53:21,25140,3202,16393,401728875,0,0,0
zn2206,20220218,20220218,135321500,13:53:22,25140,3202,16393,401728875,0,0,0
zn2206,20220218,20220218,135322000,13:53:22,25140,3202,16393,401728875,0,0,0
zn2206,20220218,20220218,135322500,13:53:23,25140,3202,16393,401728875,0,0,0
zn2206,20220218,20220218,135323000,13:53:23,25140,3202,16393,401728875,0,0,0
zn2206,20220218,20220218,135323500,13:53:23,25140,3202,16393,401728875,0,0,0
zn2206,20220218,20220218,135324000,13:53:24,25140,3202,16393,401728875,0,0,0
zn2206,20220218,20220218,135324500,13:53:26,25140,3202,16393,401728875,0,0,0
zn2206,20220218,20220218,135326000,13:53:26,25140,3202,16393,401728875,0,0,0
zn2206,20220218,20220218,135326500,13:53:26,25140,3202,16393,401728875,0,0,0
zn2206,20220218,20220218,135327000,13:53:27,25140,3202,16393,401728875,0,0,0
zn2206,20220218,20220218,135334000,13:53:35,25140,3202,16393,401728875,0,0,0
zn2206,20220218,20220218,135334500,13:53:35,25140,3202,16393,401728875,0,0,0
zn2206,20220218,20220218,135335000,13:53:36,25140,3202,16393,401728875,0,0,0
zn2206,20220218,20220218,135335500,13:53:36,25140,3202,16393,401728875,0,0,0
zn2206,20220218,20220218,135336000,13:53:44,25140,3202,16393,401728875,0,0,0
zn2206,20220218,20220218,135336500,13:53:44,25140,3202,16393,401728875,0,0,0
zn2206,20220218,20220218,135337000,13:53:45,25140,3202,16393,401728875,0,0,0
zn2206,20220218,20220218,135342500,13:53:45,25140,3202,16393,401728875,0,0,0
zn2206,20220218,20220218,135344500,13:53:46,25140,3202,16393,401728875,0,0,0
zn2206,20220218,20220218,135346000,13:53:47,25140,3202,16393,401728875,0,0,0
zn2206,20220218,20220218,135346500,13:53:47,25140,3202,16393,401728875,0,0,0
zn2206,20220218,20220218,135347000,13:53:47,25140,3202,16393,401728875,0,0,0
zn2206,20220218,20220218,135348500,13:53:48,25140,3202,16393,401728875,0,0,0
zn2206,20220218,20220218,135353500,13:53:53,25140,3202,16393,401728875,0,0,0
zn2206,20220218,20220218,135359000,13:54:01,25140,3202,16393,401728875,0,0,0
zn2206,20220218,20220218,135359500,13:54:08,25140,3202,16393,401728875,0,0,0
zn2206,20220218,20220218,135407500,13:54:09,25140,3202,16393,401728875,0,0,0
zn2206,20220218,20220218,135408500,13:54:09,25140,3202,16393,401728875,0,0,0
zn2206,20220218,20220218,135409000,13:54:10,25140,3202,16393,401728875,0,0,0
zn2206,20220218,20220218,135411000,13:54:11,25140,3202,16393,401728875,0,0,0
zn2206,20220218,20220218,135420000,13:54:20,25140,3202,16393,401728875,0,0,0
zn2206,20220218,20220218,135420500,13:54:21,25140,3202,16393,401728875,0,0,0
zn2206,20220218,20220218,135421500,13:54:21,25140,3202,16393,401728875,0,0,0
zn2206,20220218,20220218,135422000,13:54:22,25140,3202,16393,401728875,0,0,0
zn2206,20220218,20220218,135422500,13:54:22,25140,3202,16393,401728875,0,0,0
zn2206,20220218,20220218,135423000,13:54:23,25140,3202,16393,401728875,0,0,0
zn2206,20220218,20220218,135442500,13:54:44,25135,3208,16389,402482925,6,-4,754050
zn2206,20220218,20220218,135443000,13:54:44,25135,3208,16389,402482925,0,0,0
zn2206,20220218,20220218,135445000,13:54:45,25135,3208,16389,402482925,0,0,0
zn2206,20220218,20220218,135445500,13:54:45,25135,3208,16389,402482925,0,0,0
zn2206,20220218,20220218,135446000,13:54:46,25135,3208,16389,402482925,0,0,0
zn2206,20220218,20220218,135452500,13:54:52,25135,3208,16389,402482925,0,0,0
zn2206,20220218,20220218,135502000,13:55:03,25135,3208,16389,402482925,0,0,0
zn2206,20220218,20220218,135505000,13:55:05,25135,3208,16389,402482925,0,0,0
zn2206,20220218,20220218,135505500,13:55:06,25135,3208,16389,402482925,0,0,0
zn2206,20220218,20220218,135506000,13:55:06,25135,3208,16389,402482925,0,0,0
zn2206,20220218,20220218,135506500,13:55:06,25135,3208,16389,402482925,0,0,0
zn2206,20220218,20220218,135507000,13:55:11,25135,3208,16389,402482925,0,0,0
zn2206,20220218,20220218,135507500,13:55:11,25135,3208,16389,402482925,0,0,0
zn2206,20220218,20220218,135508000,13:55:12,25135,3208,16389,402482925,0,0,0
zn2206,20220218,20220218,135508500,13:55:12,25135,3208,16389,402482925,0,0,0
zn2206,20220218,20220218,135518000,13:55:24,25135,3208,16389,402482925,0,0,0
zn2206,20220218,20220218,135518500,13:55:25,25135,3208,16389,402482925,0,0,0
zn2206,20220218,20220218,135535000,13:55:35,25135,3208,16389,402482925,0,0,0
zn2206,20220218,20220218,135537500,13:55:38,25135,3208,16389,402482925,0,0,0
zn2206,20220218,20220218,135543000,13:55:45,25135,3208,16389,402482925,0,0,0
zn2206,20220218,20220218,135543500,13:55:45,25135,3208,16389,402482925,0,0,0
zn2206,20220218,20220218,135544000,13:55:45,25135,3208,16389,402482925,0,0,0
zn2206,20220218,20220218,135545000,13:55:45,25135,3208,16389,402482925,0,0,0
zn2206,20220218,20220218,135545500,13:55:46,25135,3208,16389,402482925,0,0,0
zn2206,20220218,20220218,135546000,13:55:46,25135,3208,16389,402482925,0,0,0
zn2206,20220218,20220218,135548500,13:55:48,25135,3208,16389,402482925,0,0,0
zn2206,20220218,20220218,135551500,13:55:52,25135,3208,16389,402482925,0,0,0
zn2206,20220218,20220218,135552000,13:55:52,25135,3208,16389,402482925,0,0,0
zn2206,20220218,20220218,135552500,13:55:52,25135,3208,16389,402482925,0,0,0
zn2206,20220218,20220218,135553000,13:55:53,25135,3208,16389,402482925,0,0,0
zn2206,20220218,20220218,135556000,13:55:57,25135,3208,16389,402482925,0,0,0
zn2206,20220218,20220218,135557500,13:55:58,25135,3208,16389,402482925,0,0,0
zn2206,20220218,20220218,135558500,13:55:58,25135,3208,16389,402482925,0,0,0
zn2206,20220218,20220218,135559000,13:55:59,25135,3208,16389,402482925,0,0,0
zn2206,20220218,20220218,135559500,13:55:59,25135,3208,16389,402482925,0,0,0
zn2206,20220218,20220218,135600000,13:56:01,25135,3208,16389,402482925,0,0,0
zn2206,20220218,20220218,135602000,13:56:19,25135,3208,16389,402482925,0,0,0
zn2206,20220218,20220218,135603000,13:56:23,25135,3208,16389,402482925,0,0,0
zn2206,20220218,20220218,135603500,13:56:23,25135,3208,16389,402482925,0,0,0
zn2206,20220218,20220218,135618500,13:56:23,25135,3208,16389,402482925,0,0,0
zn2206,20220218,20220218,135624000,13:56:24,25135,3208,16389,402482925,0,0,0
zn2206,20220218,20220218,135624500,13:56:24,25135,3208,16389,402482925,0,0,0
zn2206,20220218,20220218,135639000,13:56:39,25135,3208,16389,402482925,0,0,0
zn2206,20220218,20220218,135650500,13:56:51,25135,3208,16389,402482925,0,0,0
zn2206,20220218,20220218,135651000,13:56:51,25135,3208,16389,402482925,0,0,0
zn2206,20220218,20220218,135652000,13:56:52,25135,3208,16389,402482925,0,0,0
zn2206,20220218,20220218,135652500,13:56:52,25135,3208,16389,402482925,0,0,0
zn2206,20220218,20220218,135653000,13:56:53,25135,3208,16389,402482925,0,0,0
zn2206,20220218,20220218,135653500,13:56:53,25135,3208,16389,402482925,0,0,0
zn2206,20220218,20220218,135655000,13:56:55,25135,3208,16389,402482925,0,0,0
zn2206,20220218,20220218,135655500,13:56:55,25135,3208,16389,402482925,0,0,0
zn2206,20220218,20220218,135657500,13:56:58,25135,3208,16389,402482925,0,0,0
zn2206,20220218,20220218,135658000,13:56:58,25135,3208,16389,402482925,0,0,0
zn2206,20220218,20220218,135658500,13:56:59,25135,3208,16389,402482925,0,0,0
zn2206,20220218,20220218,135659000,13:57:00,25135,3208,16389,402482925,0,0,0
zn2206,20220218,20220218,135659500,13:57:01,25135,3208,16389,402482925,0,0,0
zn2206,20220218,20220218,135700000,13:57:01,25135,3208,16389,402482925,0,0,0
zn2206,20220218,20220218,135701000,13:57:02,25135,3208,16389,402482925,0,0,0
zn2206,20220218,20220218,135703500,13:57:04,25135,3208,16389,402482925,0,0,0
zn2206,20220218,20220218,135704000,13:57:04,25135,3208,16389,402482925,0,0,0
zn2206,20220218,20220218,135704500,13:57:05,25135,3208,16389,402482925,0,0,0
zn2206,20220218,20220218,135705500,13:57:05,25135,3208,16389,402482925,0,0,0
zn2206,20220218,20220218,135706000,13:57:06,25135,3208,16389,402482925,0,0,0
zn2206,20220218,20220218,135706500,13:57:06,25140,3211,16387,402860025,3,-2,377100
zn2206,20220218,20220218,135707000,13:57:07,25140,3211,16387,402860025,0,0,0
zn2206,20220218,20220218,135708000,13:57:08,25140,3211,16387,402860025,0,0,0
